# Blender 5.2.2 LTS
# www.blender.org
mtllib cyberpunk thing1.mtl
o defaultMaterial
v 0.990721 0.852364 0.123735
v 0.990721 0.852364 0.133720
v 1.067785 0.852364 0.133720
v 1.067785 0.852364 0.123735
v 0.990721 0.852364 0.153252
v 0.990721 0.852364 0.163237
v 1.067785 0.852364 0.163237
v 1.067785 0.852364 0.153252
v 0.977077 0.842662 0.163237
v 0.990721 0.852364 0.163237
v 0.990721 0.852364 0.153252
v 0.977077 0.842662 0.153252
v 0.977077 0.842662 0.133720
v 0.990721 0.852364 0.133720
v 0.990721 0.852364 0.123735
v 0.977077 0.842662 0.123735
v 1.080056 0.864437 0.153252
v 1.067785 0.852364 0.153252
v 1.067785 0.852364 0.163237
v 1.080056 0.864437 0.163237
v 1.080056 0.864437 0.123735
v 1.067785 0.852364 0.123735
v 1.067785 0.852364 0.133720
v 1.080056 0.864437 0.133720
v 1.127627 0.864437 0.153252
v 1.080056 0.864437 0.153252
v 1.080056 0.864437 0.163237
v 1.127627 0.864437 0.163237
v 1.127627 0.864437 0.123735
v 1.080056 0.864437 0.123735
v 1.080056 0.864437 0.133720
v 1.127627 0.864437 0.133720
v 1.143907 0.884029 0.153252
v 1.127627 0.864437 0.153252
v 1.127627 0.864437 0.163237
v 1.143907 0.884029 0.163237
v 1.143907 0.884029 0.123735
v 1.127627 0.864437 0.123735
v 1.127627 0.864437 0.133720
v 1.143907 0.884029 0.133720
v 1.204532 0.884029 0.153252
v 1.143907 0.884029 0.153252
v 1.143907 0.884029 0.163237
v 1.204532 0.884029 0.163237
v 1.204532 0.884029 0.123735
v 1.143907 0.884029 0.123735
v 1.143907 0.884029 0.133720
v 1.204532 0.884029 0.133720
v 1.216487 0.871903 0.153252
v 1.204532 0.884029 0.153252
v 1.204532 0.884029 0.163237
v 1.216487 0.871903 0.163237
v 1.216487 0.871903 0.123735
v 1.204532 0.884029 0.123735
v 1.204532 0.884029 0.133720
v 1.216487 0.871903 0.133720
v 1.216487 0.710895 0.153252
v 1.216487 0.871903 0.153252
v 1.216487 0.871903 0.163237
v 1.216487 0.710895 0.163237
v 1.216487 0.710895 0.123735
v 1.216487 0.871903 0.123735
v 1.216487 0.871903 0.133720
v 1.216487 0.710895 0.133720
v 1.179299 0.663179 0.153252
v 1.216487 0.710895 0.153252
v 1.216487 0.710895 0.163237
v 1.179299 0.663179 0.163237
v 1.179299 0.663179 0.123735
v 1.216487 0.710895 0.123735
v 1.216487 0.710895 0.133720
v 1.179299 0.663179 0.133720
v 1.179299 0.078543 0.153252
v 1.179299 0.663179 0.153252
v 1.179299 0.663179 0.163237
v 1.179299 0.078543 0.163237
v 1.179299 0.078543 0.123735
v 1.179299 0.663179 0.123735
v 1.179299 0.663179 0.133720
v 1.179299 0.078543 0.133720
v 0.990875 0.078543 0.153252
v 1.179299 0.078543 0.153252
v 1.179299 0.078543 0.163237
v 0.990875 0.078543 0.163237
v 0.990875 0.078543 0.123735
v 1.179299 0.078543 0.123735
v 1.179299 0.078543 0.133720
v 0.990875 0.078543 0.133720
v 0.664593 0.078543 0.153252
v 0.664593 0.078543 0.163237
v 0.664593 0.078543 0.123735
v 0.664593 0.078543 0.133720
v 0.691566 0.213717 0.153109
v 0.691566 0.090247 0.153109
v 0.691566 0.090247 0.159885
v 0.691566 0.213717 0.159885
v 0.691566 0.213717 0.126801
v 0.691566 0.090247 0.126801
v 0.691566 0.090247 0.133577
v 0.691566 0.213717 0.133577
v 0.418006 0.225879 0.163237
v 0.977077 0.225879 0.163237
v 0.977077 0.225879 0.153252
v 0.418006 0.225879 0.153252
v 0.418006 0.225879 0.133720
v 0.977077 0.225879 0.133720
v 0.977077 0.225879 0.123735
v 0.418006 0.225879 0.123735
v 0.977077 0.225879 0.163237
v 0.977077 0.842662 0.163237
v 0.977077 0.842662 0.153252
v 0.977077 0.225879 0.153252
v 0.977077 0.225879 0.133720
v 0.977077 0.842662 0.133720
v 0.977077 0.842662 0.123735
v 0.977077 0.225879 0.123735
v 0.378124 0.186566 0.163237
v 0.418006 0.225879 0.163237
v 0.418006 0.225879 0.153252
v 0.378124 0.186566 0.153252
v 0.378124 0.186566 0.133720
v 0.418006 0.225879 0.133720
v 0.418006 0.225879 0.123735
v 0.378124 0.186566 0.123735
v 0.169132 0.186566 0.133720
v 0.378124 0.186566 0.133720
v 0.378124 0.186566 0.123735
v 0.169132 0.186566 0.123735
v 0.169132 0.186566 0.163237
v 0.378124 0.186566 0.163237
v 0.378124 0.186566 0.153252
v 0.169132 0.186566 0.153252
v 0.745574 0.213717 0.153109
v 0.745574 0.090247 0.153109
v 0.745574 0.090247 0.159885
v 0.745574 0.213717 0.159885
v 0.745574 0.213717 0.126801
v 0.745574 0.090247 0.126801
v 0.745574 0.090247 0.133577
v 0.745574 0.213717 0.133577
v 0.745574 0.079774 0.153109
v 0.745574 -0.043697 0.153109
v 0.745574 -0.043697 0.159885
v 0.745574 0.079774 0.159885
v 0.745574 0.079774 0.126801
v 0.745574 -0.043697 0.126801
v 0.745574 -0.043697 0.133577
v 0.745574 0.079774 0.133577
v 0.954795 0.710250 0.153109
v 0.954795 0.225716 0.153109
v 0.954795 0.225716 0.159885
v 0.954795 0.710250 0.159885
v 0.954795 0.710250 0.126801
v 0.954795 0.225716 0.126801
v 0.954795 0.225716 0.133577
v 0.954795 0.710250 0.133577
v 0.951587 0.714917 0.153109
v 0.954795 0.710250 0.153109
v 0.954795 0.710250 0.159885
v 0.951587 0.714917 0.159885
v 0.951587 0.714917 0.126801
v 0.954795 0.710250 0.126801
v 0.954795 0.710250 0.133577
v 0.951587 0.714917 0.133577
v 0.906939 0.714917 0.153109
v 0.951587 0.714917 0.153109
v 0.951587 0.714917 0.159885
v 0.906939 0.714917 0.159885
v 0.906939 0.714917 0.126801
v 0.951587 0.714917 0.126801
v 0.951587 0.714917 0.133577
v 0.906939 0.714917 0.133577
v 0.878222 0.683670 0.153109
v 0.906939 0.714917 0.153109
v 0.906939 0.714917 0.159885
v 0.878222 0.683670 0.159885
v 0.878222 0.683670 0.126801
v 0.906939 0.714917 0.126801
v 0.906939 0.714917 0.133577
v 0.878222 0.683670 0.133577
v 0.818213 0.683670 0.153109
v 0.878222 0.683670 0.153109
v 0.878222 0.683670 0.159885
v 0.818213 0.683670 0.159885
v 0.818213 0.683670 0.126801
v 0.878222 0.683670 0.126801
v 0.878222 0.683670 0.133577
v 0.818213 0.683670 0.133577
v 0.802082 0.661128 0.153109
v 0.818213 0.683670 0.153109
v 0.818213 0.683670 0.159885
v 0.802082 0.661128 0.159885
v 0.802082 0.661128 0.126801
v 0.818213 0.683670 0.126801
v 0.818213 0.683670 0.133577
v 0.802082 0.661128 0.133577
v 0.802081 0.225469 0.153109
v 0.802082 0.661128 0.153109
v 0.802082 0.661128 0.159885
v 0.802081 0.225469 0.159885
v 0.802081 0.225469 0.126801
v 0.802082 0.661128 0.126801
v 0.802082 0.661128 0.133577
v 0.802081 0.225469 0.133577
v 0.968003 0.092603 0.153109
v 0.968003 0.215074 0.153109
v 0.968003 0.215074 0.159885
v 0.968003 0.092603 0.159885
v 0.968003 0.092603 0.126801
v 0.968003 0.215074 0.126801
v 0.968003 0.215074 0.133577
v 0.968003 0.092603 0.133577
v 0.096189 0.259040 0.133720
v 0.169132 0.186566 0.133720
v 0.169132 0.186566 0.123735
v 0.096189 0.259040 0.123735
v 0.096189 0.259040 0.163237
v 0.169132 0.186566 0.163237
v 0.169132 0.186566 0.153252
v 0.096189 0.259040 0.153252
v -0.064653 0.259040 0.133720
v 0.096189 0.259040 0.133720
v 0.096189 0.259040 0.123735
v -0.064653 0.259040 0.123735
v -0.064653 0.259040 0.163237
v 0.096189 0.259040 0.163237
v 0.096189 0.259040 0.153252
v -0.064653 0.259040 0.153252
v 0.995105 0.838633 0.133720
v 0.995105 0.838633 0.123735
v 1.073246 0.839024 0.123735
v 1.073246 0.839024 0.133720
v 0.995105 0.838633 0.163237
v 0.995105 0.838633 0.153252
v 1.073246 0.839024 0.153252
v 1.073246 0.839024 0.163237
v 0.995105 0.838633 0.163237
v 0.989885 0.836053 0.163237
v 0.989885 0.836053 0.153252
v 0.995105 0.838633 0.153252
v 0.995105 0.838633 0.133720
v 0.989885 0.836053 0.133720
v 0.989885 0.836053 0.123735
v 0.995105 0.838633 0.123735
v 1.073246 0.839024 0.153252
v 1.085518 0.851098 0.153252
v 1.085518 0.851098 0.163237
v 1.073246 0.839024 0.163237
v 1.073246 0.839024 0.123735
v 1.085518 0.851098 0.123735
v 1.085518 0.851098 0.133720
v 1.073246 0.839024 0.133720
v 1.085518 0.851098 0.153252
v 1.133750 0.851388 0.153252
v 1.133750 0.851388 0.163237
v 1.085518 0.851098 0.163237
v 1.085518 0.851098 0.123735
v 1.133750 0.851388 0.123735
v 1.133750 0.851388 0.133720
v 1.085518 0.851098 0.133720
v 1.133750 0.851388 0.153252
v 1.150029 0.870980 0.153252
v 1.150029 0.870980 0.163237
v 1.133750 0.851388 0.163237
v 1.133750 0.851388 0.123735
v 1.150029 0.870980 0.123735
v 1.150029 0.870980 0.133720
v 1.133750 0.851388 0.133720
v 1.150029 0.870980 0.153252
v 1.198969 0.870732 0.153252
v 1.198969 0.870732 0.163237
v 1.150029 0.870980 0.163237
v 1.150029 0.870980 0.123735
v 1.198969 0.870732 0.123735
v 1.198969 0.870732 0.133720
v 1.150029 0.870980 0.133720
v 1.198969 0.870732 0.153252
v 1.203151 0.866434 0.153252
v 1.203151 0.866434 0.163237
v 1.198969 0.870732 0.163237
v 1.198969 0.870732 0.123735
v 1.203151 0.866434 0.123735
v 1.203151 0.866434 0.133720
v 1.198969 0.870732 0.133720
v 1.203151 0.866434 0.153252
v 1.202856 0.715579 0.153252
v 1.202856 0.715579 0.163237
v 1.203151 0.866434 0.163237
v 1.203151 0.866434 0.123735
v 1.202856 0.715579 0.123735
v 1.202856 0.715579 0.133720
v 1.203151 0.866434 0.133720
v 1.202856 0.715579 0.153252
v 1.165668 0.667865 0.153252
v 1.165668 0.667865 0.163237
v 1.202856 0.715579 0.163237
v 1.202856 0.715579 0.123735
v 1.165668 0.667865 0.123735
v 1.165668 0.667865 0.133720
v 1.202856 0.715579 0.133720
v 1.165668 0.667865 0.153252
v 1.165170 0.092743 0.153252
v 1.165170 0.092743 0.163237
v 1.165668 0.667865 0.163237
v 1.165668 0.667865 0.123735
v 1.165170 0.092743 0.123735
v 1.165170 0.092743 0.133720
v 1.165668 0.667865 0.133720
v 1.165170 0.092743 0.153252
v 0.990875 0.092957 0.153252
v 0.990875 0.092957 0.163237
v 1.165170 0.092743 0.163237
v 1.165170 0.092743 0.123735
v 0.990875 0.092957 0.123735
v 0.990875 0.092957 0.133720
v 1.165170 0.092743 0.133720
v 0.990875 0.092957 0.153252
v 0.664593 0.092957 0.153252
v 0.664593 0.092957 0.163237
v 0.990875 0.092957 0.163237
v 0.990875 0.092957 0.123735
v 0.664593 0.092957 0.123735
v 0.664593 0.092957 0.133720
v 0.990875 0.092957 0.133720
v 0.705980 0.090247 0.153109
v 0.705980 0.213717 0.153109
v 0.705980 0.213717 0.159885
v 0.705980 0.090247 0.159885
v 0.705980 0.090247 0.126801
v 0.705980 0.213717 0.126801
v 0.705980 0.213717 0.133577
v 0.705980 0.090247 0.133577
v 0.987269 0.215687 0.163237
v 0.423474 0.212542 0.163237
v 0.423474 0.212542 0.153252
v 0.987269 0.215687 0.153252
v 0.987269 0.215687 0.133720
v 0.423474 0.212542 0.133720
v 0.423474 0.212542 0.123735
v 0.987269 0.215687 0.123735
v 0.989885 0.836053 0.163237
v 0.987269 0.215687 0.163237
v 0.987269 0.215687 0.153252
v 0.989885 0.836053 0.153252
v 0.989885 0.836053 0.133720
v 0.987269 0.215687 0.133720
v 0.987269 0.215687 0.123735
v 0.989885 0.836053 0.123735
v 0.423474 0.212542 0.163237
v 0.383592 0.173229 0.163237
v 0.383592 0.173229 0.153252
v 0.423474 0.212542 0.153252
v 0.423474 0.212542 0.133720
v 0.383592 0.173229 0.133720
v 0.383592 0.173229 0.123735
v 0.423474 0.212542 0.123735
v 0.383592 0.173229 0.133720
v 0.163638 0.173241 0.133720
v 0.163638 0.173241 0.123735
v 0.383592 0.173229 0.123735
v 0.383592 0.173229 0.163237
v 0.163638 0.173241 0.163237
v 0.163638 0.173241 0.153252
v 0.383592 0.173229 0.153252
v 0.759988 0.090247 0.153109
v 0.759988 0.213717 0.153109
v 0.759988 0.213717 0.159885
v 0.759988 0.090247 0.159885
v 0.759988 0.090247 0.126801
v 0.759988 0.213717 0.126801
v 0.759988 0.213717 0.133577
v 0.759988 0.090247 0.133577
v 0.759988 -0.043697 0.153109
v 0.759988 0.079774 0.153109
v 0.759988 0.079774 0.159885
v 0.759988 -0.043697 0.159885
v 0.759988 -0.043697 0.126801
v 0.759988 0.079774 0.126801
v 0.759988 0.079774 0.133577
v 0.759988 -0.043697 0.133577
v 0.969209 0.225716 0.153109
v 0.968561 0.714525 0.153109
v 0.968561 0.714525 0.159885
v 0.969209 0.225716 0.159885
v 0.969209 0.225716 0.126801
v 0.968561 0.714525 0.126801
v 0.968561 0.714525 0.133577
v 0.969209 0.225716 0.133577
v 0.968561 0.714525 0.153109
v 0.958298 0.727674 0.153109
v 0.958298 0.727674 0.159885
v 0.968561 0.714525 0.159885
v 0.968561 0.714525 0.126801
v 0.958298 0.727674 0.126801
v 0.958298 0.727674 0.133577
v 0.968561 0.714525 0.133577
v 0.958298 0.727674 0.153109
v 0.901144 0.728113 0.153109
v 0.901144 0.728113 0.159885
v 0.958298 0.727674 0.159885
v 0.958298 0.727674 0.126801
v 0.901144 0.728113 0.126801
v 0.901144 0.728113 0.133577
v 0.958298 0.727674 0.133577
v 0.901144 0.728113 0.153109
v 0.872426 0.696866 0.153109
v 0.872426 0.696866 0.159885
v 0.901144 0.728113 0.159885
v 0.901144 0.728113 0.126801
v 0.872426 0.696866 0.126801
v 0.872426 0.696866 0.133577
v 0.901144 0.728113 0.133577
v 0.872426 0.696866 0.153109
v 0.811623 0.696489 0.153109
v 0.811623 0.696489 0.159885
v 0.872426 0.696866 0.159885
v 0.872426 0.696866 0.126801
v 0.811623 0.696489 0.126801
v 0.811623 0.696489 0.133577
v 0.872426 0.696866 0.133577
v 0.811623 0.696489 0.153109
v 0.788356 0.665533 0.153109
v 0.788356 0.665533 0.159885
v 0.811623 0.696489 0.159885
v 0.811623 0.696489 0.126801
v 0.788356 0.665533 0.126801
v 0.788356 0.665533 0.133577
v 0.811623 0.696489 0.133577
v 0.788356 0.665533 0.153109
v 0.787666 0.225469 0.153109
v 0.787666 0.225469 0.159885
v 0.788356 0.665533 0.159885
v 0.788356 0.665533 0.126801
v 0.787666 0.225469 0.126801
v 0.787666 0.225469 0.133577
v 0.788356 0.665533 0.133577
v 0.953587 0.215074 0.153109
v 0.953587 0.092603 0.153109
v 0.953587 0.092603 0.159885
v 0.953587 0.215074 0.159885
v 0.953587 0.215074 0.126801
v 0.953587 0.092603 0.126801
v 0.953587 0.092603 0.133577
v 0.953587 0.215074 0.133577
v 0.163638 0.173241 0.133720
v 0.090694 0.245714 0.133720
v 0.090694 0.245714 0.123735
v 0.163638 0.173241 0.123735
v 0.163638 0.173241 0.163237
v 0.090694 0.245714 0.163237
v 0.090694 0.245714 0.153252
v 0.163638 0.173241 0.153252
v 0.090694 0.245714 0.133720
v -0.064653 0.244624 0.133720
v -0.064653 0.244624 0.123735
v 0.090694 0.245714 0.123735
v 0.090694 0.245714 0.163237
v -0.064653 0.244624 0.163237
v -0.064653 0.244624 0.153252
v 0.090694 0.245714 0.153252
v 1.073246 0.839024 0.163237
v 1.067785 0.852364 0.163237
v 0.990721 0.852364 0.163237
v 0.995105 0.838633 0.163237
v 0.989885 0.836053 0.153252
v 0.977077 0.842662 0.153252
v 0.990721 0.852364 0.153252
v 0.995105 0.838633 0.153252
v 0.977077 0.842662 0.163237
v 0.989885 0.836053 0.163237
v 0.989885 0.836053 0.123735
v 0.977077 0.842662 0.123735
v 0.990721 0.852364 0.123735
v 0.995105 0.838633 0.123735
v 0.995105 0.838633 0.133720
v 0.990721 0.852364 0.133720
v 0.977077 0.842662 0.133720
v 0.989885 0.836053 0.133720
v 1.067785 0.852364 0.123735
v 1.073246 0.839024 0.123735
v 1.067785 0.852364 0.153252
v 1.073246 0.839024 0.153252
v 1.073246 0.839024 0.133720
v 1.067785 0.852364 0.133720
v 1.080056 0.864437 0.153252
v 1.085518 0.851098 0.153252
v 1.085518 0.851098 0.163237
v 1.080056 0.864437 0.163237
v 1.080056 0.864437 0.123735
v 1.085518 0.851098 0.123735
v 1.085518 0.851098 0.133720
v 1.080056 0.864437 0.133720
v 1.127627 0.864437 0.153252
v 1.133750 0.851388 0.153252
v 1.133750 0.851388 0.163237
v 1.127627 0.864437 0.163237
v 1.127627 0.864437 0.123735
v 1.133750 0.851388 0.123735
v 1.133750 0.851388 0.133720
v 1.127627 0.864437 0.133720
v 1.143907 0.884029 0.153252
v 1.150029 0.870980 0.153252
v 1.150029 0.870980 0.163237
v 1.143907 0.884029 0.163237
v 1.143907 0.884029 0.123735
v 1.150029 0.870980 0.123735
v 1.150029 0.870980 0.133720
v 1.143907 0.884029 0.133720
v 1.204532 0.884029 0.153252
v 1.198969 0.870732 0.153252
v 1.198969 0.870732 0.163237
v 1.204532 0.884029 0.163237
v 1.204532 0.884029 0.123735
v 1.198969 0.870732 0.123735
v 1.198969 0.870732 0.133720
v 1.204532 0.884029 0.133720
v 1.216487 0.871903 0.153252
v 1.203151 0.866434 0.153252
v 1.203151 0.866434 0.163237
v 1.216487 0.871903 0.163237
v 1.216487 0.871903 0.123735
v 1.203151 0.866434 0.123735
v 1.203151 0.866434 0.133720
v 1.216487 0.871903 0.133720
v 1.203151 0.866434 0.153252
v 1.216487 0.871903 0.153252
v 1.216487 0.710895 0.153252
v 1.202856 0.715579 0.153252
v 1.202856 0.715579 0.163237
v 1.216487 0.710895 0.163237
v 1.216487 0.871903 0.163237
v 1.203151 0.866434 0.163237
v 1.203151 0.866434 0.123735
v 1.216487 0.871903 0.123735
v 1.216487 0.710895 0.123735
v 1.202856 0.715579 0.123735
v 1.202856 0.715579 0.133720
v 1.216487 0.710895 0.133720
v 1.216487 0.871903 0.133720
v 1.203151 0.866434 0.133720
v 1.179299 0.663179 0.153252
v 1.165668 0.667865 0.153252
v 1.165668 0.667865 0.163237
v 1.179299 0.663179 0.163237
v 1.179299 0.663179 0.123735
v 1.165668 0.667865 0.123735
v 1.165668 0.667865 0.133720
v 1.179299 0.663179 0.133720
v 1.165668 0.667865 0.153252
v 1.179299 0.663179 0.153252
v 1.179299 0.078543 0.153252
v 1.165170 0.092743 0.153252
v 1.165170 0.092743 0.163237
v 1.179299 0.078543 0.163237
v 1.179299 0.663179 0.163237
v 1.165668 0.667865 0.163237
v 1.165668 0.667865 0.123735
v 1.179299 0.663179 0.123735
v 1.179299 0.078543 0.123735
v 1.165170 0.092743 0.123735
v 1.165170 0.092743 0.133720
v 1.179299 0.078543 0.133720
v 1.179299 0.663179 0.133720
v 1.165668 0.667865 0.133720
v 1.165170 0.092743 0.153252
v 1.179299 0.078543 0.153252
v 0.990875 0.078543 0.153252
v 0.990875 0.092957 0.153252
v 0.990875 0.092957 0.163237
v 0.990875 0.078543 0.163237
v 1.179299 0.078543 0.163237
v 1.165170 0.092743 0.163237
v 1.165170 0.092743 0.123735
v 1.179299 0.078543 0.123735
v 0.990875 0.078543 0.123735
v 0.990875 0.092957 0.123735
v 0.990875 0.092957 0.133720
v 0.990875 0.078543 0.133720
v 1.179299 0.078543 0.133720
v 1.165170 0.092743 0.133720
v 0.664593 0.092957 0.123735
v 0.664593 0.078543 0.123735
v 0.664593 0.078543 0.133720
v 0.664593 0.092957 0.133720
v 0.664593 0.092957 0.153252
v 0.664593 0.078543 0.153252
v 0.664593 0.078543 0.163237
v 0.664593 0.092957 0.163237
v 0.664593 0.078543 0.153252
v 0.664593 0.092957 0.153252
v 0.664593 0.092957 0.163237
v 0.664593 0.078543 0.163237
v 0.664593 0.078543 0.123735
v 0.664593 0.092957 0.123735
v 0.664593 0.092957 0.133720
v 0.664593 0.078543 0.133720
v 0.705980 0.090247 0.133577
v 0.691566 0.090247 0.133577
v 0.691566 0.090247 0.126801
v 0.705980 0.090247 0.126801
v 0.705980 0.090247 0.159885
v 0.691566 0.090247 0.159885
v 0.691566 0.090247 0.153109
v 0.705980 0.090247 0.153109
v 0.705980 0.213717 0.126801
v 0.691566 0.213717 0.126801
v 0.691566 0.213717 0.133577
v 0.705980 0.213717 0.133577
v 0.705980 0.213717 0.153109
v 0.691566 0.213717 0.153109
v 0.691566 0.213717 0.159885
v 0.705980 0.213717 0.159885
v 0.705980 0.090247 0.153109
v 0.691566 0.090247 0.153109
v 0.691566 0.213717 0.153109
v 0.705980 0.213717 0.153109
v 0.705980 0.213717 0.159885
v 0.691566 0.213717 0.159885
v 0.691566 0.090247 0.159885
v 0.705980 0.090247 0.159885
v 0.705980 0.090247 0.126801
v 0.691566 0.090247 0.126801
v 0.691566 0.213717 0.126801
v 0.705980 0.213717 0.126801
v 0.705980 0.213717 0.133577
v 0.691566 0.213717 0.133577
v 0.691566 0.090247 0.133577
v 0.705980 0.090247 0.133577
v 0.423474 0.212542 0.123735
v 0.418006 0.225879 0.123735
v 0.977077 0.225879 0.123735
v 0.987269 0.215687 0.123735
v 0.989885 0.836053 0.163237
v 0.977077 0.842662 0.163237
v 0.977077 0.225879 0.163237
v 0.987269 0.215687 0.163237
v 0.987269 0.215687 0.133720
v 0.977077 0.225879 0.133720
v 0.418006 0.225879 0.133720
v 0.423474 0.212542 0.133720
v 0.987269 0.215687 0.163237
v 0.977077 0.225879 0.163237
v 0.418006 0.225879 0.163237
v 0.423474 0.212542 0.163237
v 0.423474 0.212542 0.153252
v 0.418006 0.225879 0.153252
v 0.977077 0.225879 0.153252
v 0.987269 0.215687 0.153252
v 0.989885 0.836053 0.133720
v 0.977077 0.842662 0.133720
v 0.977077 0.225879 0.133720
v 0.987269 0.215687 0.133720
v 0.987269 0.215687 0.123735
v 0.977077 0.225879 0.123735
v 0.977077 0.842662 0.123735
v 0.989885 0.836053 0.123735
v 0.987269 0.215687 0.153252
v 0.977077 0.225879 0.153252
v 0.977077 0.842662 0.153252
v 0.989885 0.836053 0.153252
v 0.423474 0.212542 0.163237
v 0.418006 0.225879 0.163237
v 0.378124 0.186566 0.163237
v 0.383592 0.173229 0.163237
v 0.383592 0.173229 0.153252
v 0.378124 0.186566 0.153252
v 0.418006 0.225879 0.153252
v 0.423474 0.212542 0.153252
v 0.423474 0.212542 0.133720
v 0.418006 0.225879 0.133720
v 0.378124 0.186566 0.133720
v 0.383592 0.173229 0.133720
v 0.383592 0.173229 0.123735
v 0.378124 0.186566 0.123735
v 0.418006 0.225879 0.123735
v 0.423474 0.212542 0.123735
v 0.169132 0.186566 0.133720
v 0.163638 0.173241 0.133720
v 0.163638 0.173241 0.123735
v 0.169132 0.186566 0.123735
v 0.169132 0.186566 0.163237
v 0.163638 0.173241 0.163237
v 0.163638 0.173241 0.153252
v 0.169132 0.186566 0.153252
v 0.759988 0.090247 0.133577
v 0.745574 0.090247 0.133577
v 0.745574 0.090247 0.126801
v 0.759988 0.090247 0.126801
v 0.759988 0.090247 0.159885
v 0.745574 0.090247 0.159885
v 0.745574 0.090247 0.153109
v 0.759988 0.090247 0.153109
v 0.759988 0.213717 0.126801
v 0.745574 0.213717 0.126801
v 0.745574 0.213717 0.133577
v 0.759988 0.213717 0.133577
v 0.759988 0.213717 0.153109
v 0.745574 0.213717 0.153109
v 0.745574 0.213717 0.159885
v 0.759988 0.213717 0.159885
v 0.759988 0.090247 0.153109
v 0.745574 0.090247 0.153109
v 0.745574 0.213717 0.153109
v 0.759988 0.213717 0.153109
v 0.759988 0.213717 0.159885
v 0.745574 0.213717 0.159885
v 0.745574 0.090247 0.159885
v 0.759988 0.090247 0.159885
v 0.759988 0.090247 0.126801
v 0.745574 0.090247 0.126801
v 0.745574 0.213717 0.126801
v 0.759988 0.213717 0.126801
v 0.759988 0.213717 0.133577
v 0.745574 0.213717 0.133577
v 0.745574 0.090247 0.133577
v 0.759988 0.090247 0.133577
v 0.759988 -0.043697 0.133577
v 0.745574 -0.043697 0.133577
v 0.745574 -0.043697 0.126801
v 0.759988 -0.043697 0.126801
v 0.759988 -0.043697 0.159885
v 0.745574 -0.043697 0.159885
v 0.745574 -0.043697 0.153109
v 0.759988 -0.043697 0.153109
v 0.759988 0.079774 0.126801
v 0.745574 0.079774 0.126801
v 0.745574 0.079774 0.133577
v 0.759988 0.079774 0.133577
v 0.759988 0.079774 0.153109
v 0.745574 0.079774 0.153109
v 0.745574 0.079774 0.159885
v 0.759988 0.079774 0.159885
v 0.759988 -0.043697 0.153109
v 0.745574 -0.043697 0.153109
v 0.745574 0.079774 0.153109
v 0.759988 0.079774 0.153109
v 0.759988 0.079774 0.159885
v 0.745574 0.079774 0.159885
v 0.745574 -0.043697 0.159885
v 0.759988 -0.043697 0.159885
v 0.759988 -0.043697 0.126801
v 0.745574 -0.043697 0.126801
v 0.745574 0.079774 0.126801
v 0.759988 0.079774 0.126801
v 0.759988 0.079774 0.133577
v 0.745574 0.079774 0.133577
v 0.745574 -0.043697 0.133577
v 0.759988 -0.043697 0.133577
v 0.969209 0.225716 0.133577
v 0.954795 0.225716 0.133577
v 0.954795 0.225716 0.126801
v 0.969209 0.225716 0.126801
v 0.969209 0.225716 0.159885
v 0.954795 0.225716 0.159885
v 0.954795 0.225716 0.153109
v 0.969209 0.225716 0.153109
v 0.969209 0.225716 0.153109
v 0.954795 0.225716 0.153109
v 0.954795 0.710250 0.153109
v 0.968561 0.714525 0.153109
v 0.968561 0.714525 0.159885
v 0.954795 0.710250 0.159885
v 0.954795 0.225716 0.159885
v 0.969209 0.225716 0.159885
v 0.969209 0.225716 0.126801
v 0.954795 0.225716 0.126801
v 0.954795 0.710250 0.126801
v 0.968561 0.714525 0.126801
v 0.968561 0.714525 0.133577
v 0.954795 0.710250 0.133577
v 0.954795 0.225716 0.133577
v 0.969209 0.225716 0.133577
v 0.968561 0.714525 0.153109
v 0.954795 0.710250 0.153109
v 0.951587 0.714917 0.153109
v 0.958298 0.727674 0.153109
v 0.958298 0.727674 0.159885
v 0.951587 0.714917 0.159885
v 0.954795 0.710250 0.159885
v 0.968561 0.714525 0.159885
v 0.968561 0.714525 0.126801
v 0.954795 0.710250 0.126801
v 0.951587 0.714917 0.126801
v 0.958298 0.727674 0.126801
v 0.958298 0.727674 0.133577
v 0.951587 0.714917 0.133577
v 0.954795 0.710250 0.133577
v 0.968561 0.714525 0.133577
v 0.906939 0.714917 0.153109
v 0.901144 0.728113 0.153109
v 0.901144 0.728113 0.159885
v 0.906939 0.714917 0.159885
v 0.906939 0.714917 0.126801
v 0.901144 0.728113 0.126801
v 0.901144 0.728113 0.133577
v 0.906939 0.714917 0.133577
v 0.878222 0.683670 0.153109
v 0.872426 0.696866 0.153109
v 0.872426 0.696866 0.159885
v 0.878222 0.683670 0.159885
v 0.878222 0.683670 0.126801
v 0.872426 0.696866 0.126801
v 0.872426 0.696866 0.133577
v 0.878222 0.683670 0.133577
v 0.818213 0.683670 0.153109
v 0.811623 0.696489 0.153109
v 0.811623 0.696489 0.159885
v 0.818213 0.683670 0.159885
v 0.818213 0.683670 0.126801
v 0.811623 0.696489 0.126801
v 0.811623 0.696489 0.133577
v 0.818213 0.683670 0.133577
v 0.802082 0.661128 0.153109
v 0.788356 0.665533 0.153109
v 0.788356 0.665533 0.159885
v 0.802082 0.661128 0.159885
v 0.802082 0.661128 0.126801
v 0.788356 0.665533 0.126801
v 0.788356 0.665533 0.133577
v 0.802082 0.661128 0.133577
v 0.787666 0.225469 0.126801
v 0.802081 0.225469 0.126801
v 0.802081 0.225469 0.133577
v 0.787666 0.225469 0.133577
v 0.787666 0.225469 0.153109
v 0.802081 0.225469 0.153109
v 0.802081 0.225469 0.159885
v 0.787666 0.225469 0.159885
v 0.788356 0.665533 0.153109
v 0.802082 0.661128 0.153109
v 0.802081 0.225469 0.153109
v 0.787666 0.225469 0.153109
v 0.787666 0.225469 0.159885
v 0.802081 0.225469 0.159885
v 0.802082 0.661128 0.159885
v 0.788356 0.665533 0.159885
v 0.788356 0.665533 0.126801
v 0.802082 0.661128 0.126801
v 0.802081 0.225469 0.126801
v 0.787666 0.225469 0.126801
v 0.787666 0.225469 0.133577
v 0.802081 0.225469 0.133577
v 0.802082 0.661128 0.133577
v 0.788356 0.665533 0.133577
v 0.953587 0.215074 0.133577
v 0.968003 0.215074 0.133577
v 0.968003 0.215074 0.126801
v 0.953587 0.215074 0.126801
v 0.953587 0.215074 0.159885
v 0.968003 0.215074 0.159885
v 0.968003 0.215074 0.153109
v 0.953587 0.215074 0.153109
v 0.953587 0.092603 0.126801
v 0.968003 0.092603 0.126801
v 0.968003 0.092603 0.133577
v 0.953587 0.092603 0.133577
v 0.953587 0.092603 0.153109
v 0.968003 0.092603 0.153109
v 0.968003 0.092603 0.159885
v 0.953587 0.092603 0.159885
v 0.953587 0.215074 0.153109
v 0.968003 0.215074 0.153109
v 0.968003 0.092603 0.153109
v 0.953587 0.092603 0.153109
v 0.953587 0.092603 0.159885
v 0.968003 0.092603 0.159885
v 0.968003 0.215074 0.159885
v 0.953587 0.215074 0.159885
v 0.953587 0.215074 0.126801
v 0.968003 0.215074 0.126801
v 0.968003 0.092603 0.126801
v 0.953587 0.092603 0.126801
v 0.953587 0.092603 0.133577
v 0.968003 0.092603 0.133577
v 0.968003 0.215074 0.133577
v 0.953587 0.215074 0.133577
v 0.163638 0.173241 0.133720
v 0.169132 0.186566 0.133720
v 0.096189 0.259040 0.133720
v 0.090694 0.245714 0.133720
v 0.090694 0.245714 0.123735
v 0.096189 0.259040 0.123735
v 0.169132 0.186566 0.123735
v 0.163638 0.173241 0.123735
v 0.163638 0.173241 0.163237
v 0.169132 0.186566 0.163237
v 0.096189 0.259040 0.163237
v 0.090694 0.245714 0.163237
v 0.090694 0.245714 0.153252
v 0.096189 0.259040 0.153252
v 0.169132 0.186566 0.153252
v 0.163638 0.173241 0.153252
v -0.064653 0.244624 0.163237
v -0.064653 0.259040 0.163237
v -0.064653 0.259040 0.153252
v -0.064653 0.244624 0.153252
v -0.064653 0.244624 0.133720
v -0.064653 0.259040 0.133720
v -0.064653 0.259040 0.123735
v -0.064653 0.244624 0.123735
v -0.064653 0.259040 0.133720
v -0.064653 0.244624 0.133720
v -0.064653 0.244624 0.123735
v -0.064653 0.259040 0.123735
v -0.064653 0.259040 0.163237
v -0.064653 0.244624 0.163237
v -0.064653 0.244624 0.153252
v -0.064653 0.259040 0.153252
v 0.716995 -0.015217 0.128254
v 0.716995 0.078497 0.128254
v 0.716995 0.078497 0.132809
v 0.716995 -0.015217 0.132809
v 0.716786 -0.015217 0.154162
v 0.716786 0.078497 0.154162
v 0.716786 0.078497 0.158717
v 0.716786 -0.015217 0.158717
v 0.669863 -0.073170 0.128254
v 0.716995 -0.015217 0.128254
v 0.716995 -0.015217 0.132809
v 0.669863 -0.073170 0.132809
v 0.669656 -0.073170 0.154162
v 0.716786 -0.015217 0.154162
v 0.716786 -0.015217 0.158717
v 0.669656 -0.073170 0.158717
v 0.496255 -0.073170 0.128254
v 0.669863 -0.073170 0.128254
v 0.669863 -0.073170 0.132809
v 0.496255 -0.073170 0.132809
v 0.496048 -0.073170 0.154162
v 0.669656 -0.073170 0.154162
v 0.669656 -0.073170 0.158717
v 0.496048 -0.073170 0.158717
v 0.442957 -0.013453 0.128254
v 0.496255 -0.073170 0.128254
v 0.496255 -0.073170 0.132809
v 0.442957 -0.013453 0.132809
v 0.442749 -0.013453 0.154162
v 0.496048 -0.073170 0.154162
v 0.496048 -0.073170 0.158717
v 0.442749 -0.013453 0.158717
v 0.308412 -0.013453 0.128254
v 0.442957 -0.013453 0.128254
v 0.442957 -0.013453 0.132809
v 0.308412 -0.013453 0.132809
v 0.308204 -0.013453 0.154162
v 0.442749 -0.013453 0.154162
v 0.442749 -0.013453 0.158717
v 0.308204 -0.013453 0.158717
v 0.293328 -0.013453 0.116600
v 0.308412 -0.013453 0.128254
v 0.308412 -0.013453 0.132809
v 0.293328 -0.013453 0.124640
v 0.293119 -0.013453 0.162331
v 0.308204 -0.013453 0.154162
v 0.308204 -0.013453 0.158717
v 0.293119 -0.013453 0.170370
v -0.071204 -0.013453 0.116600
v -0.071204 -0.013453 0.124640
v -0.071411 -0.013453 0.162331
v -0.071411 -0.013453 0.170370
v 0.689904 0.078497 0.128254
v 0.691468 -0.006146 0.128254
v 0.691468 -0.006146 0.132809
v 0.689904 0.078497 0.132809
v 0.689695 0.078497 0.154162
v 0.691259 -0.006146 0.154162
v 0.691259 -0.006146 0.158717
v 0.689695 0.078497 0.158717
v 0.691468 -0.006146 0.128254
v 0.658227 -0.048706 0.128254
v 0.658227 -0.048706 0.132809
v 0.691468 -0.006146 0.132809
v 0.691259 -0.006146 0.154162
v 0.658018 -0.048706 0.154162
v 0.658018 -0.048706 0.158717
v 0.691259 -0.006146 0.158717
v 0.658227 -0.048706 0.128254
v 0.507327 -0.048447 0.128254
v 0.507327 -0.048447 0.132809
v 0.658227 -0.048706 0.132809
v 0.658018 -0.048706 0.154162
v 0.507120 -0.048447 0.154162
v 0.507120 -0.048447 0.158717
v 0.658018 -0.048706 0.158717
v 0.507327 -0.048447 0.128254
v 0.454029 0.011271 0.128254
v 0.454029 0.011271 0.132809
v 0.507327 -0.048447 0.132809
v 0.507120 -0.048447 0.154162
v 0.453821 0.011271 0.154162
v 0.453821 0.011271 0.158717
v 0.507120 -0.048447 0.158717
v 0.454029 0.011271 0.128254
v 0.308412 0.013637 0.128254
v 0.308412 0.013637 0.132809
v 0.454029 0.011271 0.132809
v 0.453821 0.011271 0.154162
v 0.308204 0.013637 0.154162
v 0.308204 0.013637 0.158717
v 0.453821 0.011271 0.158717
v 0.308412 0.013637 0.128254
v 0.293328 0.013637 0.116600
v 0.293328 0.013637 0.124640
v 0.308412 0.013637 0.132809
v 0.308204 0.013637 0.154162
v 0.293119 0.013637 0.162331
v 0.293119 0.013637 0.170370
v 0.308204 0.013637 0.158717
v 0.293328 0.013637 0.116600
v -0.071204 0.013637 0.116600
v -0.071204 0.013637 0.124640
v 0.293328 0.013637 0.124640
v 0.293119 0.013637 0.162331
v -0.071411 0.013637 0.162331
v -0.071411 0.013637 0.170370
v 0.293119 0.013637 0.170370
v 0.689695 0.078497 0.158717
v 0.716786 0.078497 0.158717
v 0.716786 0.078497 0.154162
v 0.689695 0.078497 0.154162
v 0.689904 0.078497 0.132809
v 0.716995 0.078497 0.132809
v 0.716995 0.078497 0.128254
v 0.689904 0.078497 0.128254
v 0.689904 0.078497 0.128254
v 0.716995 0.078497 0.128254
v 0.716995 -0.015217 0.128254
v 0.691468 -0.006146 0.128254
v 0.691468 -0.006146 0.132809
v 0.716995 -0.015217 0.132809
v 0.716995 0.078497 0.132809
v 0.689904 0.078497 0.132809
v 0.689695 0.078497 0.154162
v 0.716786 0.078497 0.154162
v 0.716786 -0.015217 0.154162
v 0.691259 -0.006146 0.154162
v 0.691259 -0.006146 0.158717
v 0.716786 -0.015217 0.158717
v 0.716786 0.078497 0.158717
v 0.689695 0.078497 0.158717
v 0.691468 -0.006146 0.128254
v 0.716995 -0.015217 0.128254
v 0.669863 -0.073170 0.128254
v 0.658227 -0.048706 0.128254
v 0.658227 -0.048706 0.132809
v 0.669863 -0.073170 0.132809
v 0.716995 -0.015217 0.132809
v 0.691468 -0.006146 0.132809
v 0.691259 -0.006146 0.154162
v 0.716786 -0.015217 0.154162
v 0.669656 -0.073170 0.154162
v 0.658018 -0.048706 0.154162
v 0.658018 -0.048706 0.158717
v 0.669656 -0.073170 0.158717
v 0.716786 -0.015217 0.158717
v 0.691259 -0.006146 0.158717
v 0.496255 -0.073170 0.128254
v 0.507327 -0.048447 0.128254
v 0.507327 -0.048447 0.132809
v 0.496255 -0.073170 0.132809
v 0.496048 -0.073170 0.154162
v 0.507120 -0.048447 0.154162
v 0.507120 -0.048447 0.158717
v 0.496048 -0.073170 0.158717
v 0.507327 -0.048447 0.128254
v 0.496255 -0.073170 0.128254
v 0.442957 -0.013453 0.128254
v 0.454029 0.011271 0.128254
v 0.454029 0.011271 0.132809
v 0.442957 -0.013453 0.132809
v 0.496255 -0.073170 0.132809
v 0.507327 -0.048447 0.132809
v 0.507120 -0.048447 0.154162
v 0.496048 -0.073170 0.154162
v 0.442749 -0.013453 0.154162
v 0.453821 0.011271 0.154162
v 0.453821 0.011271 0.158717
v 0.442749 -0.013453 0.158717
v 0.496048 -0.073170 0.158717
v 0.507120 -0.048447 0.158717
v 0.308412 -0.013453 0.128254
v 0.308412 0.013637 0.128254
v 0.308412 0.013637 0.132809
v 0.308412 -0.013453 0.132809
v 0.308204 -0.013453 0.154162
v 0.308204 0.013637 0.154162
v 0.308204 0.013637 0.158717
v 0.308204 -0.013453 0.158717
v 0.308412 0.013637 0.128254
v 0.308412 -0.013453 0.128254
v 0.293328 -0.013453 0.116600
v 0.293328 0.013637 0.116600
v 0.293328 0.013637 0.124640
v 0.293328 -0.013453 0.124640
v 0.308412 -0.013453 0.132809
v 0.308412 0.013637 0.132809
v 0.308204 0.013637 0.154162
v 0.308204 -0.013453 0.154162
v 0.293119 -0.013453 0.162331
v 0.293119 0.013637 0.162331
v 0.293119 0.013637 0.170370
v 0.293119 -0.013453 0.170370
v 0.308204 -0.013453 0.158717
v 0.308204 0.013637 0.158717
v 0.293328 0.013637 0.116600
v 0.293328 -0.013453 0.116600
v -0.071204 -0.013453 0.116600
v -0.071204 0.013637 0.116600
v -0.071204 0.013637 0.124640
v -0.071204 -0.013453 0.124640
v 0.293328 -0.013453 0.124640
v 0.293328 0.013637 0.124640
v 0.293119 0.013637 0.162331
v 0.293119 -0.013453 0.162331
v -0.071411 -0.013453 0.162331
v -0.071411 0.013637 0.162331
v -0.071411 0.013637 0.170370
v -0.071411 -0.013453 0.170370
v 0.293119 -0.013453 0.170370
v 0.293119 0.013637 0.170370
v 0.851022 0.203819 0.158717
v 0.851022 0.110105 0.158717
v 0.851022 0.110105 0.154162
v 0.851022 0.203819 0.154162
v 0.851229 0.203819 0.132809
v 0.851229 0.110105 0.132809
v 0.851229 0.110105 0.128254
v 0.851229 0.203819 0.128254
v 0.803891 0.261772 0.158717
v 0.851022 0.203819 0.158717
v 0.851022 0.203819 0.154162
v 0.803891 0.261772 0.154162
v 0.804098 0.261772 0.132809
v 0.851229 0.203819 0.132809
v 0.851229 0.203819 0.128254
v 0.804098 0.261772 0.128254
v 0.630283 0.261772 0.158717
v 0.803891 0.261772 0.158717
v 0.803891 0.261772 0.154162
v 0.630283 0.261772 0.154162
v 0.630490 0.261772 0.132809
v 0.804098 0.261772 0.132809
v 0.804098 0.261772 0.128254
v 0.630490 0.261772 0.128254
v 0.576984 0.217359 0.158717
v 0.630283 0.261772 0.158717
v 0.630283 0.261772 0.154162
v 0.576984 0.217359 0.154162
v 0.577192 0.217359 0.132809
v 0.630490 0.261772 0.132809
v 0.630490 0.261772 0.128254
v 0.577192 0.217359 0.128254
v 0.401630 0.217359 0.158717
v 0.576984 0.217359 0.158717
v 0.576984 0.217359 0.154162
v 0.401630 0.217359 0.154162
v 0.401837 0.217359 0.132809
v 0.577192 0.217359 0.132809
v 0.577192 0.217359 0.128254
v 0.401837 0.217359 0.128254
v 0.386545 0.217359 0.170370
v 0.401630 0.217359 0.158717
v 0.401630 0.217359 0.154162
v 0.386545 0.217359 0.162331
v 0.386753 0.217359 0.124640
v 0.401837 0.217359 0.132809
v 0.401837 0.217359 0.128254
v 0.386753 0.217359 0.116600
v -0.063926 0.217359 0.170370
v -0.063926 0.217359 0.162331
v -0.063719 0.217359 0.124640
v -0.063719 0.217359 0.116600
v 0.823931 0.110105 0.158717
v 0.825495 0.194749 0.158717
v 0.825495 0.194749 0.154162
v 0.823931 0.110105 0.154162
v 0.824138 0.110105 0.132809
v 0.825702 0.194749 0.132809
v 0.825702 0.194749 0.128254
v 0.824138 0.110105 0.128254
v 0.825495 0.194749 0.158717
v 0.792254 0.237310 0.158717
v 0.792254 0.237310 0.154162
v 0.825495 0.194749 0.154162
v 0.825702 0.194749 0.132809
v 0.792463 0.237310 0.132809
v 0.792463 0.237310 0.128254
v 0.825702 0.194749 0.128254
v 0.792254 0.237310 0.158717
v 0.639505 0.236301 0.158717
v 0.639505 0.236301 0.154162
v 0.792254 0.237310 0.154162
v 0.792463 0.237310 0.132809
v 0.639712 0.236301 0.132809
v 0.639712 0.236301 0.128254
v 0.792463 0.237310 0.128254
v 0.639505 0.236301 0.158717
v 0.586206 0.191888 0.158717
v 0.586206 0.191888 0.154162
v 0.639505 0.236301 0.154162
v 0.639712 0.236301 0.132809
v 0.586414 0.191886 0.132809
v 0.586414 0.191886 0.128254
v 0.639712 0.236301 0.128254
v 0.586206 0.191888 0.158717
v 0.401630 0.190268 0.158717
v 0.401630 0.190269 0.154162
v 0.586206 0.191888 0.154162
v 0.586414 0.191886 0.132809
v 0.401837 0.190269 0.132809
v 0.401837 0.190268 0.128254
v 0.586414 0.191886 0.128254
v 0.401630 0.190268 0.158717
v 0.386545 0.190268 0.170370
v 0.386545 0.190269 0.162331
v 0.401630 0.190269 0.154162
v 0.401837 0.190269 0.132809
v 0.386753 0.190269 0.124640
v 0.386753 0.190268 0.116600
v 0.401837 0.190268 0.128254
v 0.386545 0.190268 0.170370
v -0.063926 0.190268 0.170370
v -0.063926 0.190268 0.162331
v 0.386545 0.190269 0.162331
v 0.386753 0.190269 0.124640
v -0.063719 0.190268 0.124640
v -0.063719 0.190268 0.116600
v 0.386753 0.190268 0.116600
v 0.824138 0.110105 0.128254
v 0.851229 0.110105 0.128254
v 0.851229 0.110105 0.132809
v 0.824138 0.110105 0.132809
v 0.823931 0.110105 0.154162
v 0.851022 0.110105 0.154162
v 0.851022 0.110105 0.158717
v 0.823931 0.110105 0.158717
v 0.823931 0.110105 0.158717
v 0.851022 0.110105 0.158717
v 0.851022 0.203819 0.158717
v 0.825495 0.194749 0.158717
v 0.825495 0.194749 0.154162
v 0.851022 0.203819 0.154162
v 0.851022 0.110105 0.154162
v 0.823931 0.110105 0.154162
v 0.824138 0.110105 0.132809
v 0.851229 0.110105 0.132809
v 0.851229 0.203819 0.132809
v 0.825702 0.194749 0.132809
v 0.825702 0.194749 0.128254
v 0.851229 0.203819 0.128254
v 0.851229 0.110105 0.128254
v 0.824138 0.110105 0.128254
v 0.825495 0.194749 0.158717
v 0.851022 0.203819 0.158717
v 0.803891 0.261772 0.158717
v 0.792254 0.237310 0.158717
v 0.792254 0.237310 0.154162
v 0.803891 0.261772 0.154162
v 0.851022 0.203819 0.154162
v 0.825495 0.194749 0.154162
v 0.825702 0.194749 0.132809
v 0.851229 0.203819 0.132809
v 0.804098 0.261772 0.132809
v 0.792463 0.237310 0.132809
v 0.792463 0.237310 0.128254
v 0.804098 0.261772 0.128254
v 0.851229 0.203819 0.128254
v 0.825702 0.194749 0.128254
v 0.630283 0.261772 0.158717
v 0.639505 0.236301 0.158717
v 0.639505 0.236301 0.154162
v 0.630283 0.261772 0.154162
v 0.630490 0.261772 0.132809
v 0.639712 0.236301 0.132809
v 0.639712 0.236301 0.128254
v 0.630490 0.261772 0.128254
v 0.639505 0.236301 0.158717
v 0.630283 0.261772 0.158717
v 0.576984 0.217359 0.158717
v 0.586206 0.191888 0.158717
v 0.586206 0.191888 0.154162
v 0.576984 0.217359 0.154162
v 0.630283 0.261772 0.154162
v 0.639505 0.236301 0.154162
v 0.639712 0.236301 0.132809
v 0.630490 0.261772 0.132809
v 0.577192 0.217359 0.132809
v 0.586414 0.191886 0.132809
v 0.586414 0.191886 0.128254
v 0.577192 0.217359 0.128254
v 0.630490 0.261772 0.128254
v 0.639712 0.236301 0.128254
v 0.401630 0.217359 0.158717
v 0.401630 0.190268 0.158717
v 0.401630 0.190269 0.154162
v 0.401630 0.217359 0.154162
v 0.401837 0.217359 0.132809
v 0.401837 0.190269 0.132809
v 0.401837 0.190268 0.128254
v 0.401837 0.217359 0.128254
v 0.401630 0.190268 0.158717
v 0.401630 0.217359 0.158717
v 0.386545 0.217359 0.170370
v 0.386545 0.190268 0.170370
v 0.386545 0.190269 0.162331
v 0.386545 0.217359 0.162331
v 0.401630 0.217359 0.154162
v 0.401630 0.190269 0.154162
v 0.401837 0.190269 0.132809
v 0.401837 0.217359 0.132809
v 0.386753 0.217359 0.124640
v 0.386753 0.190269 0.124640
v 0.386753 0.190268 0.116600
v 0.386753 0.217359 0.116600
v 0.401837 0.217359 0.128254
v 0.401837 0.190268 0.128254
v 0.386545 0.190268 0.170370
v 0.386545 0.217359 0.170370
v -0.063926 0.217359 0.170370
v -0.063926 0.190268 0.170370
v -0.063926 0.190268 0.162331
v -0.063926 0.217359 0.162331
v 0.386545 0.217359 0.162331
v 0.386545 0.190269 0.162331
v 0.386753 0.190269 0.124640
v 0.386753 0.217359 0.124640
v -0.063719 0.217359 0.124640
v -0.063719 0.190268 0.124640
v -0.063719 0.190268 0.116600
v -0.063719 0.217359 0.116600
v 0.386753 0.217359 0.116600
v 0.386753 0.190268 0.116600
v -0.063920 -0.057145 0.086347
v -0.063920 0.006678 0.086347
v -0.052183 0.006678 0.086347
v -0.052183 -0.057145 0.086347
v -0.063920 -0.083152 0.152789
v -0.063920 -0.083152 0.135742
v -0.027352 -0.083152 0.135742
v -0.027352 -0.083152 0.152789
v -0.063920 -0.083152 0.131239
v -0.063920 -0.083152 0.112353
v -0.052183 -0.083152 0.112353
v -0.052183 -0.083152 0.131239
v -0.027352 0.032685 0.135742
v -0.027352 0.032685 0.152789
v -0.016834 0.013581 0.152789
v -0.016834 0.013581 0.135742
v -0.063920 -0.083152 0.157293
v -0.052183 -0.083152 0.157293
v -0.027352 0.032685 0.152789
v -0.052183 0.032685 0.157293
v -0.052183 -0.083152 0.157293
v -0.027352 -0.083152 0.152789
v -0.052183 0.032685 0.131239
v -0.027352 0.032685 0.135742
v -0.027352 -0.083152 0.135742
v -0.052183 -0.083152 0.131239
v -0.052183 0.032685 0.176179
v -0.052183 0.006678 0.202184
v -0.052183 -0.057145 0.202184
v -0.052183 -0.083152 0.176179
v -0.063920 0.032685 0.112353
v -0.063920 0.032685 0.131239
v -0.052183 0.032685 0.131239
v -0.052183 0.032685 0.112353
v -0.063920 0.032685 0.131239
v -0.063920 0.032685 0.135742
v -0.027352 0.032685 0.135742
v -0.052183 0.032685 0.131239
v -0.063920 0.032685 0.152789
v -0.063920 0.032685 0.157293
v -0.052183 0.032685 0.157293
v -0.027352 0.032685 0.152789
v -0.063920 -0.083152 0.131239
v -0.052183 -0.083152 0.131239
v -0.052183 0.032685 0.112353
v -0.052183 0.032685 0.131239
v -0.052183 -0.083152 0.131239
v -0.052183 -0.083152 0.112353
v -0.063920 0.032685 0.157293
v -0.063920 0.032685 0.176179
v -0.052183 0.032685 0.176179
v -0.052183 0.032685 0.157293
v -0.063920 -0.083152 0.176179
v -0.063920 -0.083152 0.157293
v -0.052183 -0.083152 0.157293
v -0.052183 -0.083152 0.176179
v -0.016834 0.013581 0.135742
v -0.016834 0.013581 0.152789
v -0.016834 -0.064048 0.152789
v -0.016834 -0.064048 0.135742
v -0.063920 -0.083152 0.176179
v -0.052183 -0.083152 0.176179
v -0.052183 -0.057145 0.202184
v -0.063920 -0.057145 0.202184
v -0.052183 0.032685 0.176179
v -0.063920 0.032685 0.176179
v -0.063920 0.006678 0.202184
v -0.052183 0.006678 0.202184
v -0.063920 0.032685 0.112353
v -0.052183 0.032685 0.112353
v -0.052183 0.006678 0.086347
v -0.063920 0.006678 0.086347
v -0.052183 -0.083152 0.112353
v -0.063920 -0.083152 0.112353
v -0.063920 -0.057145 0.086347
v -0.052183 -0.057145 0.086347
v -0.063920 0.006678 0.202184
v -0.063920 -0.057145 0.202184
v -0.052183 -0.057145 0.202184
v -0.052183 0.006678 0.202184
v -0.027352 -0.083152 0.152789
v -0.027352 -0.083152 0.135742
v -0.016834 -0.064048 0.135742
v -0.016834 -0.064048 0.152789
v -0.027352 -0.083152 0.135742
v -0.027352 0.032685 0.135742
v -0.016834 0.013581 0.135742
v -0.016834 -0.064048 0.135742
v -0.027352 0.032685 0.152789
v -0.027352 -0.083152 0.152789
v -0.016834 -0.064048 0.152789
v -0.016834 0.013581 0.152789
v -0.063920 0.175060 0.086347
v -0.063920 0.238883 0.086347
v -0.052183 0.238883 0.086347
v -0.052183 0.175060 0.086347
v -0.063920 0.149053 0.152789
v -0.063920 0.149053 0.135742
v -0.027352 0.149053 0.135742
v -0.027352 0.149053 0.152789
v -0.063920 0.149053 0.131239
v -0.063920 0.149053 0.112353
v -0.052183 0.149053 0.112353
v -0.052183 0.149053 0.131239
v -0.027352 0.264890 0.135742
v -0.027352 0.264890 0.152789
v -0.016834 0.245786 0.152789
v -0.016834 0.245786 0.135742
v -0.063920 0.149053 0.157293
v -0.052183 0.149053 0.157293
v -0.027352 0.264890 0.152789
v -0.052183 0.264890 0.157293
v -0.052183 0.149053 0.157293
v -0.027352 0.149053 0.152789
v -0.052183 0.264890 0.131239
v -0.027352 0.264890 0.135742
v -0.027352 0.149053 0.135742
v -0.052183 0.149053 0.131239
v -0.052183 0.264890 0.176179
v -0.052183 0.238883 0.202184
v -0.052183 0.175060 0.202184
v -0.052183 0.149053 0.176179
v -0.063920 0.264890 0.112353
v -0.063920 0.264890 0.131239
v -0.052183 0.264890 0.131239
v -0.052183 0.264890 0.112353
v -0.063920 0.264890 0.131239
v -0.063920 0.264890 0.135742
v -0.027352 0.264890 0.135742
v -0.052183 0.264890 0.131239
v -0.063920 0.264890 0.152789
v -0.063920 0.264890 0.157293
v -0.052183 0.264890 0.157293
v -0.027352 0.264890 0.152789
v -0.063920 0.149053 0.131239
v -0.052183 0.149053 0.131239
v -0.052183 0.264890 0.112353
v -0.052183 0.264890 0.131239
v -0.052183 0.149053 0.131239
v -0.052183 0.149053 0.112353
v -0.063920 0.264890 0.157293
v -0.063920 0.264890 0.176179
v -0.052183 0.264890 0.176179
v -0.052183 0.264890 0.157293
v -0.063920 0.149053 0.176179
v -0.063920 0.149053 0.157293
v -0.052183 0.149053 0.157293
v -0.052183 0.149053 0.176179
v -0.016834 0.245786 0.135742
v -0.016834 0.245786 0.152789
v -0.016834 0.168157 0.152789
v -0.016834 0.168157 0.135742
v -0.063920 0.149053 0.176179
v -0.052183 0.149053 0.176179
v -0.052183 0.175060 0.202184
v -0.063920 0.175060 0.202184
v -0.052183 0.264890 0.176179
v -0.063920 0.264890 0.176179
v -0.063920 0.238883 0.202184
v -0.052183 0.238883 0.202184
v -0.063920 0.264890 0.112353
v -0.052183 0.264890 0.112353
v -0.052183 0.238883 0.086347
v -0.063920 0.238883 0.086347
v -0.052183 0.149053 0.112353
v -0.063920 0.149053 0.112353
v -0.063920 0.175060 0.086347
v -0.052183 0.175060 0.086347
v -0.063920 0.238883 0.202184
v -0.063920 0.175060 0.202184
v -0.052183 0.175060 0.202184
v -0.052183 0.238883 0.202184
v -0.027352 0.149053 0.152789
v -0.027352 0.149053 0.135742
v -0.016834 0.168157 0.135742
v -0.016834 0.168157 0.152789
v -0.027352 0.149053 0.135742
v -0.027352 0.264890 0.135742
v -0.016834 0.245786 0.135742
v -0.016834 0.168157 0.135742
v -0.027352 0.264890 0.152789
v -0.027352 0.149053 0.152789
v -0.016834 0.168157 0.152789
v -0.016834 0.245786 0.152789
v -0.052183 0.032685 0.157293
v -0.052183 -0.083152 0.157293
v -0.052183 0.006678 0.086347
v -0.052183 -0.057145 0.086347
v -0.052183 0.264890 0.157293
v -0.052183 0.149053 0.157293
v -0.052183 0.238883 0.086347
v -0.052183 0.175060 0.086347
v -0.042140 -0.006002 0.113030
v -0.052440 -0.006002 0.113030
v -0.052440 -0.006002 0.105644
v -0.042140 -0.006002 0.105644
v -0.042140 -0.001760 0.101403
v -0.042140 0.005626 0.101403
v -0.042140 0.009867 0.105644
v -0.042140 0.009867 0.113030
v -0.042140 0.005626 0.117271
v -0.042140 -0.001760 0.117271
v -0.042140 -0.006002 0.113030
v -0.042140 -0.006002 0.105644
v -0.052440 0.009867 0.113030
v -0.042140 0.009867 0.113030
v -0.042140 0.009867 0.105644
v -0.052440 0.009867 0.105644
v -0.042140 -0.001760 0.117271
v -0.042140 0.005626 0.117271
v -0.052440 0.005626 0.117271
v -0.052440 -0.001760 0.117271
v -0.052440 -0.001760 0.101403
v -0.052440 0.005626 0.101403
v -0.042140 0.005626 0.101403
v -0.042140 -0.001760 0.101403
v -0.052440 0.005626 0.101403
v -0.052440 0.009867 0.105644
v -0.042140 0.009867 0.105644
v -0.042140 0.005626 0.101403
v -0.042140 -0.001760 0.101403
v -0.042140 -0.006002 0.105644
v -0.052440 -0.006002 0.105644
v -0.052440 -0.001760 0.101403
v -0.042140 0.005626 0.117271
v -0.042140 0.009867 0.113030
v -0.052440 0.009867 0.113030
v -0.052440 0.005626 0.117271
v -0.052440 -0.001760 0.117271
v -0.052440 -0.006002 0.113030
v -0.042140 -0.006002 0.113030
v -0.042140 -0.001760 0.117271
v -0.042140 -0.063629 0.113030
v -0.052440 -0.063629 0.113030
v -0.052440 -0.063629 0.105644
v -0.042140 -0.063629 0.105644
v -0.042140 -0.059388 0.101403
v -0.042140 -0.052001 0.101403
v -0.042140 -0.047762 0.105644
v -0.042140 -0.047762 0.113030
v -0.042140 -0.052001 0.117271
v -0.042140 -0.059388 0.117271
v -0.042140 -0.063629 0.113030
v -0.042140 -0.063629 0.105644
v -0.052440 -0.047762 0.113030
v -0.042140 -0.047762 0.113030
v -0.042140 -0.047762 0.105644
v -0.052440 -0.047762 0.105644
v -0.042140 -0.059388 0.117271
v -0.042140 -0.052001 0.117271
v -0.052440 -0.052001 0.117271
v -0.052440 -0.059388 0.117271
v -0.052440 -0.059388 0.101403
v -0.052440 -0.052001 0.101403
v -0.042140 -0.052001 0.101403
v -0.042140 -0.059388 0.101403
v -0.052440 -0.052001 0.101403
v -0.052440 -0.047762 0.105644
v -0.042140 -0.047762 0.105644
v -0.042140 -0.052001 0.101403
v -0.042140 -0.059388 0.101403
v -0.042140 -0.063629 0.105644
v -0.052440 -0.063629 0.105644
v -0.052440 -0.059388 0.101403
v -0.042140 -0.052001 0.117271
v -0.042140 -0.047762 0.113030
v -0.052440 -0.047762 0.113030
v -0.052440 -0.052001 0.117271
v -0.052440 -0.059388 0.117271
v -0.052440 -0.063629 0.113030
v -0.042140 -0.063629 0.113030
v -0.042140 -0.059388 0.117271
v -0.042140 -0.063629 0.184067
v -0.052440 -0.063629 0.184067
v -0.052440 -0.063629 0.176681
v -0.042140 -0.063629 0.176681
v -0.042140 -0.059388 0.172440
v -0.042140 -0.052001 0.172440
v -0.042140 -0.047762 0.176681
v -0.042140 -0.047762 0.184067
v -0.042140 -0.052001 0.188309
v -0.042140 -0.059388 0.188309
v -0.042140 -0.063629 0.184067
v -0.042140 -0.063629 0.176681
v -0.052440 -0.047762 0.184067
v -0.042140 -0.047762 0.184067
v -0.042140 -0.047762 0.176681
v -0.052440 -0.047762 0.176681
v -0.042140 -0.059388 0.188309
v -0.042140 -0.052001 0.188309
v -0.052440 -0.052001 0.188309
v -0.052440 -0.059388 0.188309
v -0.052440 -0.059388 0.172440
v -0.052440 -0.052001 0.172440
v -0.042140 -0.052001 0.172440
v -0.042140 -0.059388 0.172440
v -0.052440 -0.052001 0.172440
v -0.052440 -0.047762 0.176681
v -0.042140 -0.047762 0.176681
v -0.042140 -0.052001 0.172440
v -0.042140 -0.059388 0.172440
v -0.042140 -0.063629 0.176681
v -0.052440 -0.063629 0.176681
v -0.052440 -0.059388 0.172440
v -0.042140 -0.052001 0.188309
v -0.042140 -0.047762 0.184067
v -0.052440 -0.047762 0.184067
v -0.052440 -0.052001 0.188309
v -0.052440 -0.059388 0.188309
v -0.052440 -0.063629 0.184067
v -0.042140 -0.063629 0.184067
v -0.042140 -0.059388 0.188309
v -0.042140 -0.006002 0.184067
v -0.052440 -0.006002 0.184067
v -0.052440 -0.006002 0.176681
v -0.042140 -0.006002 0.176681
v -0.042140 -0.001760 0.172440
v -0.042140 0.005626 0.172440
v -0.042140 0.009867 0.176681
v -0.042140 0.009867 0.184067
v -0.042140 0.005626 0.188309
v -0.042140 -0.001761 0.188309
v -0.042140 -0.006002 0.184067
v -0.042140 -0.006002 0.176681
v -0.052440 0.009867 0.184067
v -0.042140 0.009867 0.184067
v -0.042140 0.009867 0.176681
v -0.052440 0.009867 0.176681
v -0.042140 -0.001761 0.188309
v -0.042140 0.005626 0.188309
v -0.052440 0.005626 0.188309
v -0.052440 -0.001761 0.188309
v -0.052440 -0.001760 0.172440
v -0.052440 0.005626 0.172440
v -0.042140 0.005626 0.172440
v -0.042140 -0.001760 0.172440
v -0.052440 0.005626 0.172440
v -0.052440 0.009867 0.176681
v -0.042140 0.009867 0.176681
v -0.042140 0.005626 0.172440
v -0.042140 -0.001760 0.172440
v -0.042140 -0.006002 0.176681
v -0.052440 -0.006002 0.176681
v -0.052440 -0.001760 0.172440
v -0.042140 0.005626 0.188309
v -0.042140 0.009867 0.184067
v -0.052440 0.009867 0.184067
v -0.052440 0.005626 0.188309
v -0.052440 -0.001761 0.188309
v -0.052440 -0.006002 0.184067
v -0.042140 -0.006002 0.184067
v -0.042140 -0.001761 0.188309
v -0.042140 0.226203 0.113030
v -0.052440 0.226203 0.113030
v -0.052440 0.226203 0.105644
v -0.042140 0.226203 0.105644
v -0.042140 0.230445 0.101403
v -0.042140 0.237831 0.101403
v -0.042140 0.242072 0.105644
v -0.042140 0.242072 0.113030
v -0.042140 0.237831 0.117271
v -0.042140 0.230445 0.117271
v -0.042140 0.226203 0.113030
v -0.042140 0.226203 0.105644
v -0.052440 0.242072 0.113030
v -0.042140 0.242072 0.113030
v -0.042140 0.242072 0.105644
v -0.052440 0.242072 0.105644
v -0.042140 0.230445 0.117271
v -0.042140 0.237831 0.117271
v -0.052440 0.237831 0.117271
v -0.052440 0.230445 0.117271
v -0.052440 0.230445 0.101403
v -0.052440 0.237831 0.101403
v -0.042140 0.237831 0.101403
v -0.042140 0.230445 0.101403
v -0.052440 0.237831 0.101403
v -0.052440 0.242072 0.105644
v -0.042140 0.242072 0.105644
v -0.042140 0.237831 0.101403
v -0.042140 0.230445 0.101403
v -0.042140 0.226203 0.105644
v -0.052440 0.226203 0.105644
v -0.052440 0.230445 0.101403
v -0.042140 0.237831 0.117271
v -0.042140 0.242072 0.113030
v -0.052440 0.242072 0.113030
v -0.052440 0.237831 0.117271
v -0.052440 0.230445 0.117271
v -0.052440 0.226203 0.113030
v -0.042140 0.226203 0.113030
v -0.042140 0.230445 0.117271
v -0.042140 0.168576 0.113030
v -0.052440 0.168576 0.113030
v -0.052440 0.168576 0.105644
v -0.042140 0.168576 0.105644
v -0.042140 0.172817 0.101403
v -0.042140 0.180204 0.101403
v -0.042140 0.184443 0.105644
v -0.042140 0.184443 0.113030
v -0.042140 0.180204 0.117271
v -0.042140 0.172817 0.117271
v -0.042140 0.168576 0.113030
v -0.042140 0.168576 0.105644
v -0.052440 0.184443 0.113030
v -0.042140 0.184443 0.113030
v -0.042140 0.184443 0.105644
v -0.052440 0.184443 0.105644
v -0.042140 0.172817 0.117271
v -0.042140 0.180204 0.117271
v -0.052440 0.180204 0.117271
v -0.052440 0.172817 0.117271
v -0.052440 0.172817 0.101403
v -0.052440 0.180204 0.101403
v -0.042140 0.180204 0.101403
v -0.042140 0.172817 0.101403
v -0.052440 0.180204 0.101403
v -0.052440 0.184443 0.105644
v -0.042140 0.184443 0.105644
v -0.042140 0.180204 0.101403
v -0.042140 0.172817 0.101403
v -0.042140 0.168576 0.105644
v -0.052440 0.168576 0.105644
v -0.052440 0.172817 0.101403
v -0.042140 0.180204 0.117271
v -0.042140 0.184443 0.113030
v -0.052440 0.184443 0.113030
v -0.052440 0.180204 0.117271
v -0.052440 0.172817 0.117271
v -0.052440 0.168576 0.113030
v -0.042140 0.168576 0.113030
v -0.042140 0.172817 0.117271
v -0.042140 0.168576 0.184067
v -0.052440 0.168576 0.184067
v -0.052440 0.168576 0.176681
v -0.042140 0.168576 0.176681
v -0.042140 0.172817 0.172440
v -0.042140 0.180204 0.172440
v -0.042140 0.184443 0.176681
v -0.042140 0.184443 0.184067
v -0.042140 0.180204 0.188309
v -0.042140 0.172817 0.188309
v -0.042140 0.168576 0.184067
v -0.042140 0.168576 0.176681
v -0.052440 0.184443 0.184067
v -0.042140 0.184443 0.184067
v -0.042140 0.184443 0.176681
v -0.052440 0.184443 0.176681
v -0.042140 0.172817 0.188309
v -0.042140 0.180204 0.188309
v -0.052440 0.180204 0.188309
v -0.052440 0.172817 0.188309
v -0.052440 0.172817 0.172440
v -0.052440 0.180204 0.172440
v -0.042140 0.180204 0.172440
v -0.042140 0.172817 0.172440
v -0.052440 0.180204 0.172440
v -0.052440 0.184443 0.176681
v -0.042140 0.184443 0.176681
v -0.042140 0.180204 0.172440
v -0.042140 0.172817 0.172440
v -0.042140 0.168576 0.176681
v -0.052440 0.168576 0.176681
v -0.052440 0.172817 0.172440
v -0.042140 0.180204 0.188309
v -0.042140 0.184443 0.184067
v -0.052440 0.184443 0.184067
v -0.052440 0.180204 0.188309
v -0.052440 0.172817 0.188309
v -0.052440 0.168576 0.184067
v -0.042140 0.168576 0.184067
v -0.042140 0.172817 0.188309
v -0.042140 0.226203 0.184067
v -0.052440 0.226203 0.184067
v -0.052440 0.226203 0.176681
v -0.042140 0.226203 0.176681
v -0.042140 0.230445 0.172440
v -0.042140 0.237831 0.172440
v -0.042140 0.242072 0.176681
v -0.042140 0.242072 0.184067
v -0.042140 0.237831 0.188309
v -0.042140 0.230444 0.188309
v -0.042140 0.226203 0.184067
v -0.042140 0.226203 0.176681
v -0.052440 0.242072 0.184067
v -0.042140 0.242072 0.184067
v -0.042140 0.242072 0.176681
v -0.052440 0.242072 0.176681
v -0.042140 0.230444 0.188309
v -0.042140 0.237831 0.188309
v -0.052440 0.237831 0.188309
v -0.052440 0.230444 0.188309
v -0.052440 0.230445 0.172440
v -0.052440 0.237831 0.172440
v -0.042140 0.237831 0.172440
v -0.042140 0.230445 0.172440
v -0.052440 0.237831 0.172440
v -0.052440 0.242072 0.176681
v -0.042140 0.242072 0.176681
v -0.042140 0.237831 0.172440
v -0.042140 0.230445 0.172440
v -0.042140 0.226203 0.176681
v -0.052440 0.226203 0.176681
v -0.052440 0.230445 0.172440
v -0.042140 0.237831 0.188309
v -0.042140 0.242072 0.184067
v -0.052440 0.242072 0.184067
v -0.052440 0.237831 0.188309
v -0.052440 0.230444 0.188309
v -0.052440 0.226203 0.184067
v -0.042140 0.226203 0.184067
v -0.042140 0.230444 0.188309
v 0.114841 0.016980 0.170370
v -0.053455 0.016980 0.170370
v -0.053455 0.016980 0.162331
v 0.114841 0.016980 0.162331
v 0.114841 0.016980 0.124640
v -0.053455 0.016980 0.124640
v -0.053455 0.016980 0.116600
v 0.114841 0.016980 0.116600
v 0.266187 0.183298 0.170370
v 0.114841 0.016980 0.170370
v 0.114841 0.016980 0.162331
v 0.266187 0.183298 0.162331
v 0.266187 0.183298 0.124640
v 0.114841 0.016980 0.124640
v 0.114841 0.016980 0.116600
v 0.266187 0.183298 0.116600
v 0.374866 0.183298 0.170370
v 0.266187 0.183298 0.170370
v 0.266187 0.183298 0.162331
v 0.374866 0.183298 0.162331
v 0.374866 0.183298 0.124640
v 0.266187 0.183298 0.124640
v 0.266187 0.183298 0.116600
v 0.374866 0.183298 0.116600
v 0.402662 0.162299 0.170370
v 0.374866 0.183298 0.170370
v 0.374866 0.183298 0.162331
v 0.402662 0.162299 0.162331
v 0.402662 0.162299 0.124640
v 0.374866 0.183298 0.124640
v 0.374866 0.183298 0.116600
v 0.402662 0.162299 0.116600
v 0.402662 0.024123 0.170370
v 0.402662 0.036060 0.170370
v 0.402662 0.036060 0.162331
v 0.402662 0.024123 0.162331
v 0.402662 0.024123 0.124640
v 0.402662 0.036060 0.124640
v 0.402662 0.036060 0.116600
v 0.402662 0.024123 0.116600
v 0.265607 0.024123 0.162350
v 0.299869 0.024123 0.165223
v 0.299869 0.024123 0.158722
v 0.265607 0.024123 0.156709
v 0.265607 0.024123 0.130262
v 0.299869 0.024123 0.128249
v 0.299869 0.024123 0.121749
v 0.265607 0.024123 0.124621
v 0.118564 0.189479 0.162350
v 0.265607 0.024123 0.162350
v 0.265607 0.024123 0.156709
v 0.118564 0.189479 0.156709
v 0.118564 0.189479 0.130262
v 0.265607 0.024123 0.130262
v 0.265607 0.024123 0.124621
v 0.118564 0.189479 0.124621
v -0.005141 0.189479 0.162350
v 0.118564 0.189479 0.162350
v 0.118564 0.189479 0.156709
v -0.005141 0.189479 0.156709
v -0.005141 0.189479 0.130262
v 0.118564 0.189479 0.130262
v 0.118564 0.189479 0.124621
v -0.005141 0.189479 0.124621
v 0.402662 0.162299 0.170370
v 0.402662 0.162299 0.162331
v 0.402662 0.162299 0.124640
v 0.402662 0.162299 0.116600
v 0.368398 0.024123 0.170370
v 0.402662 0.024123 0.170370
v 0.402662 0.024123 0.162331
v 0.368398 0.024123 0.162331
v 0.334134 0.024123 0.169600
v 0.334134 0.024123 0.161790
v 0.368398 0.024123 0.124640
v 0.402662 0.024123 0.124640
v 0.402662 0.024123 0.116600
v 0.368398 0.024123 0.116600
v 0.334134 0.024123 0.125180
v 0.334134 0.024123 0.117370
v -0.053455 0.024698 0.170370
v 0.111720 0.024039 0.170370
v 0.111720 0.024039 0.162331
v -0.053455 0.024698 0.162331
v -0.053455 0.024698 0.124640
v 0.111720 0.024039 0.124640
v 0.111720 0.024039 0.116600
v -0.053455 0.024698 0.116600
v 0.111720 0.024039 0.170370
v 0.263067 0.190359 0.170370
v 0.263067 0.190359 0.162331
v 0.111720 0.024039 0.162331
v 0.111720 0.024039 0.124640
v 0.263067 0.190359 0.124640
v 0.263067 0.190359 0.116600
v 0.111720 0.024039 0.116600
v 0.263067 0.190359 0.170370
v 0.377319 0.190617 0.170370
v 0.377319 0.190617 0.162331
v 0.263067 0.190359 0.162331
v 0.263067 0.190359 0.124640
v 0.377319 0.190617 0.124640
v 0.377319 0.190617 0.116600
v 0.263067 0.190359 0.116600
v 0.377319 0.190617 0.170370
v 0.409572 0.165740 0.170370
v 0.409572 0.165740 0.162331
v 0.377319 0.190617 0.162331
v 0.377319 0.190617 0.124640
v 0.409572 0.165740 0.124640
v 0.409572 0.165740 0.116600
v 0.377319 0.190617 0.116600
v 0.410381 0.036060 0.170370
v 0.408120 0.018664 0.170370
v 0.408120 0.018664 0.162331
v 0.410381 0.036060 0.162331
v 0.410381 0.036060 0.124640
v 0.408120 0.018664 0.124640
v 0.408120 0.018664 0.116600
v 0.410381 0.036060 0.116600
v 0.299869 0.016404 0.165223
v 0.262527 0.017045 0.162350
v 0.262384 0.017108 0.156709
v 0.299869 0.016404 0.158722
v 0.299869 0.016404 0.128249
v 0.262384 0.017108 0.130262
v 0.262527 0.017045 0.124621
v 0.299869 0.016404 0.121749
v 0.262527 0.017045 0.162350
v 0.115403 0.182437 0.162350
v 0.115403 0.182437 0.156709
v 0.262384 0.017108 0.156709
v 0.262384 0.017108 0.130262
v 0.115403 0.182437 0.130262
v 0.115403 0.182437 0.124621
v 0.262527 0.017045 0.124621
v 0.115403 0.182437 0.162350
v -0.005141 0.181760 0.162350
v -0.005141 0.181760 0.156709
v 0.115403 0.182437 0.156709
v 0.115403 0.182437 0.130262
v -0.005141 0.181760 0.130262
v -0.005141 0.181760 0.124621
v 0.115403 0.182437 0.124621
v 0.409572 0.165740 0.170370
v 0.410381 0.036060 0.170370
v 0.410381 0.036060 0.162331
v 0.409572 0.165740 0.162331
v 0.409572 0.165740 0.124640
v 0.410381 0.036060 0.124640
v 0.410381 0.036060 0.116600
v 0.409572 0.165740 0.116600
v 0.408120 0.018664 0.170370
v 0.368398 0.016404 0.170370
v 0.368398 0.016404 0.162331
v 0.408120 0.018664 0.162331
v 0.368398 0.016404 0.170370
v 0.334134 0.016404 0.169600
v 0.334134 0.016404 0.161790
v 0.368398 0.016404 0.162331
v 0.299869 0.016404 0.165223
v 0.299869 0.016404 0.158722
v 0.408120 0.018664 0.124640
v 0.368398 0.016404 0.124640
v 0.368398 0.016404 0.116600
v 0.408120 0.018664 0.116600
v 0.368398 0.016404 0.124640
v 0.334134 0.016404 0.125180
v 0.334134 0.016404 0.117370
v 0.368398 0.016404 0.116600
v 0.299869 0.016404 0.128249
v 0.299869 0.016404 0.121749
v -0.053455 0.024698 0.170370
v -0.053455 0.016980 0.170370
v 0.114841 0.016980 0.170370
v 0.111720 0.024039 0.170370
v 0.111720 0.024039 0.162331
v 0.114841 0.016980 0.162331
v -0.053455 0.016980 0.162331
v -0.053455 0.024698 0.162331
v -0.053455 0.024698 0.124640
v -0.053455 0.016980 0.124640
v 0.114841 0.016980 0.124640
v 0.111720 0.024039 0.124640
v 0.111720 0.024039 0.116600
v 0.114841 0.016980 0.116600
v -0.053455 0.016980 0.116600
v -0.053455 0.024698 0.116600
v 0.111720 0.024039 0.170370
v 0.114841 0.016980 0.170370
v 0.266187 0.183298 0.170370
v 0.263067 0.190359 0.170370
v 0.263067 0.190359 0.162331
v 0.266187 0.183298 0.162331
v 0.114841 0.016980 0.162331
v 0.111720 0.024039 0.162331
v 0.111720 0.024039 0.124640
v 0.114841 0.016980 0.124640
v 0.266187 0.183298 0.124640
v 0.263067 0.190359 0.124640
v 0.263067 0.190359 0.116600
v 0.266187 0.183298 0.116600
v 0.114841 0.016980 0.116600
v 0.111720 0.024039 0.116600
v 0.263067 0.190359 0.170370
v 0.266187 0.183298 0.170370
v 0.374866 0.183298 0.170370
v 0.377319 0.190617 0.170370
v 0.377319 0.190617 0.162331
v 0.374866 0.183298 0.162331
v 0.266187 0.183298 0.162331
v 0.263067 0.190359 0.162331
v 0.263067 0.190359 0.124640
v 0.266187 0.183298 0.124640
v 0.374866 0.183298 0.124640
v 0.377319 0.190617 0.124640
v 0.377319 0.190617 0.116600
v 0.374866 0.183298 0.116600
v 0.266187 0.183298 0.116600
v 0.263067 0.190359 0.116600
v 0.402662 0.162299 0.170370
v 0.409572 0.165740 0.170370
v 0.409572 0.165740 0.162331
v 0.402662 0.162299 0.162331
v 0.402662 0.162299 0.124640
v 0.409572 0.165740 0.124640
v 0.409572 0.165740 0.116600
v 0.402662 0.162299 0.116600
v 0.409572 0.165740 0.170370
v 0.402662 0.162299 0.170370
v 0.402662 0.036060 0.170370
v 0.410381 0.036060 0.170370
v 0.408120 0.018664 0.162331
v 0.402662 0.024123 0.162331
v 0.402662 0.036060 0.162331
v 0.410381 0.036060 0.162331
v 0.409572 0.165740 0.124640
v 0.402662 0.162299 0.124640
v 0.402662 0.036060 0.124640
v 0.410381 0.036060 0.124640
v 0.408120 0.018664 0.116600
v 0.402662 0.024123 0.116600
v 0.402662 0.036060 0.116600
v 0.410381 0.036060 0.116600
v 0.408120 0.018664 0.170370
v 0.402662 0.024123 0.170370
v 0.368398 0.024123 0.170370
v 0.368398 0.016404 0.170370
v 0.262384 0.017108 0.156709
v 0.265607 0.024123 0.156709
v 0.299869 0.024123 0.158722
v 0.299869 0.016404 0.158722
v 0.408120 0.018664 0.124640
v 0.402662 0.024123 0.124640
v 0.368398 0.024123 0.124640
v 0.368398 0.016404 0.124640
v 0.262527 0.017045 0.124621
v 0.265607 0.024123 0.124621
v 0.299869 0.024123 0.121749
v 0.299869 0.016404 0.121749
v 0.262527 0.017045 0.162350
v 0.265607 0.024123 0.162350
v 0.118564 0.189479 0.162350
v 0.115403 0.182437 0.162350
v 0.115403 0.182437 0.156709
v 0.118564 0.189479 0.156709
v 0.265607 0.024123 0.156709
v 0.262384 0.017108 0.156709
v 0.262384 0.017108 0.130262
v 0.265607 0.024123 0.130262
v 0.118564 0.189479 0.130262
v 0.115403 0.182437 0.130262
v 0.115403 0.182437 0.124621
v 0.118564 0.189479 0.124621
v 0.265607 0.024123 0.124621
v 0.262527 0.017045 0.124621
v 0.115403 0.182437 0.162350
v 0.118564 0.189479 0.162350
v -0.005141 0.189479 0.162350
v -0.005141 0.181760 0.162350
v -0.005141 0.181760 0.156709
v -0.005141 0.189479 0.156709
v 0.118564 0.189479 0.156709
v 0.115403 0.182437 0.156709
v 0.115403 0.182437 0.130262
v 0.118564 0.189479 0.130262
v -0.005141 0.189479 0.130262
v -0.005141 0.181760 0.130262
v -0.005141 0.181760 0.124621
v -0.005141 0.189479 0.124621
v 0.118564 0.189479 0.124621
v 0.115403 0.182437 0.124621
v 0.402662 0.024123 0.170370
v 0.408120 0.018664 0.170370
v 0.402662 0.162299 0.162331
v 0.409572 0.165740 0.162331
v 0.402662 0.024123 0.124640
v 0.408120 0.018664 0.124640
v 0.402662 0.162299 0.116600
v 0.409572 0.165740 0.116600
v 0.299869 0.016404 0.165223
v 0.299869 0.024123 0.165223
v 0.265607 0.024123 0.162350
v 0.262527 0.017045 0.162350
v 0.334134 0.016404 0.169600
v 0.334134 0.024123 0.169600
v 0.299869 0.024123 0.165223
v 0.299869 0.016404 0.165223
v 0.368398 0.016404 0.170370
v 0.368398 0.024123 0.170370
v 0.334134 0.024123 0.169600
v 0.334134 0.016404 0.169600
v 0.368398 0.016404 0.162331
v 0.368398 0.024123 0.162331
v 0.402662 0.024123 0.162331
v 0.408120 0.018664 0.162331
v 0.334134 0.016404 0.161790
v 0.334134 0.024123 0.161790
v 0.368398 0.024123 0.162331
v 0.368398 0.016404 0.162331
v 0.299869 0.016404 0.158722
v 0.299869 0.024123 0.158722
v 0.334134 0.024123 0.161790
v 0.334134 0.016404 0.161790
v 0.299869 0.016404 0.128249
v 0.299869 0.024123 0.128249
v 0.265607 0.024123 0.130262
v 0.262384 0.017108 0.130262
v 0.334134 0.016404 0.125180
v 0.334134 0.024123 0.125180
v 0.299869 0.024123 0.128249
v 0.299869 0.016404 0.128249
v 0.368398 0.016404 0.124640
v 0.368398 0.024123 0.124640
v 0.334134 0.024123 0.125180
v 0.334134 0.016404 0.125180
v 0.368398 0.016404 0.116600
v 0.368398 0.024123 0.116600
v 0.402662 0.024123 0.116600
v 0.408120 0.018664 0.116600
v 0.334134 0.016404 0.117370
v 0.334134 0.024123 0.117370
v 0.368398 0.024123 0.116600
v 0.368398 0.016404 0.116600
v 0.299869 0.016404 0.121749
v 0.299869 0.024123 0.121749
v 0.334134 0.024123 0.117370
v 0.334134 0.016404 0.117370
v 0.654939 0.214880 0.158523
v 0.654939 0.214880 0.152465
v 0.445392 0.214880 0.152465
v 0.445392 0.214880 0.158523
v 0.445392 0.214880 0.130416
v 0.445392 0.214880 0.136474
v 0.654939 0.214880 0.136474
v 0.654939 0.214880 0.130416
v 0.413114 -0.026943 0.130415
v 0.413114 0.182603 0.130416
v 0.445392 0.214880 0.130416
v 0.654939 0.214880 0.130416
v 0.687216 0.182603 0.130416
v 0.687216 -0.026943 0.130415
v 0.654939 -0.059221 0.130415
v 0.445392 -0.059221 0.130415
v 0.695800 -0.035528 0.136474
v 0.687216 -0.026943 0.136474
v 0.687216 0.182603 0.136474
v 0.695800 0.191188 0.136474
v 0.687216 0.182603 0.130416
v 0.687216 0.182603 0.136474
v 0.687216 -0.026943 0.136474
v 0.687216 -0.026943 0.130415
v 0.687216 -0.026943 0.158523
v 0.687216 -0.026943 0.152465
v 0.687216 0.182603 0.152465
v 0.687216 0.182603 0.158523
v 0.663524 -0.067806 0.152465
v 0.654939 -0.059221 0.152465
v 0.445392 -0.059221 0.152465
v 0.436807 -0.067806 0.152465
v 0.436807 -0.067806 0.136474
v 0.445392 -0.059221 0.136474
v 0.654939 -0.059221 0.136474
v 0.663524 -0.067806 0.136474
v 0.695800 0.191188 0.152465
v 0.687216 0.182603 0.152465
v 0.687216 -0.026943 0.152465
v 0.695800 -0.035528 0.152465
v 0.663524 0.223465 0.136474
v 0.654939 0.214880 0.136474
v 0.445392 0.214880 0.136474
v 0.436807 0.223465 0.136474
v 0.404529 0.191188 0.136474
v 0.413114 0.182603 0.136474
v 0.413114 -0.026943 0.136474
v 0.404529 -0.035528 0.136474
v 0.687216 -0.026943 0.158523
v 0.687216 0.182603 0.158523
v 0.654939 0.214880 0.158523
v 0.445392 0.214880 0.158523
v 0.413114 0.182603 0.158523
v 0.413114 -0.026943 0.158523
v 0.445392 -0.059221 0.158523
v 0.654939 -0.059221 0.158523
v 0.413114 -0.026943 0.130415
v 0.413114 -0.026943 0.136474
v 0.413114 0.182603 0.136474
v 0.413114 0.182603 0.130416
v 0.413114 0.182603 0.158523
v 0.413114 0.182603 0.152465
v 0.413114 -0.026943 0.152465
v 0.413114 -0.026943 0.158523
v 0.436807 0.223465 0.152465
v 0.663524 0.223465 0.152465
v 0.663524 0.223465 0.136474
v 0.436807 0.223465 0.136474
v 0.695800 -0.035528 0.136474
v 0.695800 0.191188 0.136474
v 0.695800 0.191188 0.152465
v 0.695800 -0.035528 0.152465
v 0.663524 -0.067806 0.152465
v 0.436807 -0.067806 0.152465
v 0.436807 -0.067806 0.136474
v 0.663524 -0.067806 0.136474
v 0.654939 -0.059221 0.130415
v 0.654939 -0.059221 0.136474
v 0.445392 -0.059221 0.136474
v 0.445392 -0.059221 0.130415
v 0.404529 -0.035528 0.152465
v 0.404529 0.191188 0.152465
v 0.404529 0.191188 0.136474
v 0.404529 -0.035528 0.136474
v 0.445392 -0.059221 0.158523
v 0.445392 -0.059221 0.152465
v 0.654939 -0.059221 0.152465
v 0.654939 -0.059221 0.158523
v 0.436807 0.223465 0.152465
v 0.445392 0.214880 0.152465
v 0.654939 0.214880 0.152465
v 0.663524 0.223465 0.152465
v 0.663524 -0.067806 0.136474
v 0.654939 -0.059221 0.136474
v 0.687216 0.182603 0.136474
v 0.695800 0.191188 0.136474
v 0.695800 0.191188 0.152465
v 0.687216 0.182603 0.152465
v 0.654939 -0.059221 0.152465
v 0.663524 -0.067806 0.152465
v 0.404529 0.191188 0.152465
v 0.404529 0.191188 0.136474
v 0.436807 -0.067806 0.136474
v 0.436807 -0.067806 0.152465
v 0.695800 0.191188 0.136474
v 0.695800 0.191188 0.152465
v 0.663524 -0.067806 0.152465
v 0.663524 -0.067806 0.136474
v 0.445392 -0.059221 0.136474
v 0.436807 -0.067806 0.136474
v 0.404529 0.191188 0.136474
v 0.413114 0.182603 0.136474
v 0.404529 0.191188 0.152465
v 0.413114 0.182603 0.152465
v 0.404529 -0.035528 0.152465
v 0.436807 -0.067806 0.152465
v 0.445392 -0.059221 0.152465
v 0.413114 -0.026943 0.152465
v 0.413114 0.182603 0.152465
v 0.404529 0.191188 0.152465
v 0.939739 0.683575 0.161463
v 0.939739 0.683575 0.153415
v 0.824908 0.683575 0.153415
v 0.824908 0.683575 0.161463
v 0.824908 0.683575 0.124121
v 0.824908 0.683575 0.132170
v 0.939739 0.683575 0.132170
v 0.939739 0.683575 0.124121
v 0.811848 0.459220 0.124121
v 0.811848 0.670516 0.124121
v 0.824908 0.683575 0.124121
v 0.939739 0.683575 0.124121
v 0.952798 0.670516 0.124121
v 0.952798 0.247924 0.124121
v 0.939739 0.234864 0.124121
v 0.824908 0.234864 0.124121
v 0.811848 0.247924 0.124121
v 0.956272 0.244451 0.132170
v 0.952798 0.247924 0.132170
v 0.952798 0.670516 0.132170
v 0.956272 0.673989 0.132170
v 0.952798 0.670516 0.124121
v 0.952798 0.670516 0.132170
v 0.952798 0.247924 0.132170
v 0.952798 0.247924 0.124121
v 0.952798 0.247924 0.161463
v 0.952798 0.247924 0.153415
v 0.952798 0.670516 0.153415
v 0.952798 0.670516 0.161463
v 0.943212 0.231391 0.153415
v 0.939739 0.234864 0.153415
v 0.824908 0.234864 0.153415
v 0.812192 0.231391 0.153415
v 0.812192 0.231391 0.132170
v 0.824908 0.234864 0.132170
v 0.939739 0.234864 0.132170
v 0.943212 0.231391 0.132170
v 0.956272 0.673989 0.153415
v 0.952798 0.670516 0.153415
v 0.952798 0.247924 0.153415
v 0.956272 0.244451 0.153415
v 0.943212 0.687048 0.132170
v 0.939739 0.683575 0.132170
v 0.824908 0.683575 0.132170
v 0.812192 0.687048 0.132170
v 0.776590 0.351835 0.132170
v 0.811848 0.353572 0.132170
v 0.811848 0.247924 0.132170
v 0.776590 0.244451 0.132170
v 0.952798 0.247924 0.161463
v 0.952798 0.670516 0.161463
v 0.939739 0.683575 0.161463
v 0.824908 0.683575 0.161463
v 0.811848 0.670516 0.161463
v 0.811848 0.459220 0.161463
v 0.811848 0.353572 0.161463
v 0.811848 0.247924 0.161463
v 0.824908 0.234864 0.161463
v 0.939739 0.234864 0.161463
v 0.811848 0.459220 0.124121
v 0.811848 0.459220 0.132170
v 0.811848 0.670516 0.132170
v 0.811848 0.670516 0.124121
v 0.811848 0.353572 0.161463
v 0.811848 0.353572 0.153415
v 0.811848 0.247924 0.153415
v 0.811848 0.247924 0.161463
v 0.812192 0.687048 0.153415
v 0.943212 0.687048 0.153415
v 0.943212 0.687048 0.132170
v 0.812192 0.687048 0.132170
v 0.956272 0.244451 0.132170
v 0.956272 0.673989 0.132170
v 0.956272 0.673989 0.153415
v 0.956272 0.244451 0.153415
v 0.943212 0.231391 0.153415
v 0.812192 0.231391 0.153415
v 0.812192 0.231391 0.132170
v 0.943212 0.231391 0.132170
v 0.939739 0.234864 0.124121
v 0.939739 0.234864 0.132170
v 0.824908 0.234864 0.132170
v 0.824908 0.234864 0.124121
v 0.776590 0.244451 0.153415
v 0.776590 0.351835 0.153415
v 0.776590 0.351835 0.132170
v 0.776590 0.244451 0.132170
v 0.824908 0.234864 0.161463
v 0.824908 0.234864 0.153415
v 0.939739 0.234864 0.153415
v 0.939739 0.234864 0.161463
v 0.812192 0.687048 0.153415
v 0.824908 0.683575 0.153415
v 0.939739 0.683575 0.153415
v 0.943212 0.687048 0.153415
v 0.956272 0.244451 0.132170
v 0.952798 0.247924 0.132170
v 0.952798 0.670516 0.132170
v 0.956272 0.673989 0.132170
v 0.956272 0.673989 0.153415
v 0.952798 0.670516 0.153415
v 0.952798 0.247924 0.153415
v 0.956272 0.244451 0.153415
v 0.811848 0.670516 0.161463
v 0.811848 0.670516 0.153415
v 0.811848 0.247924 0.124121
v 0.811848 0.247924 0.132170
v 0.799132 0.673989 0.153415
v 0.799132 0.673989 0.132170
v 0.776590 0.244451 0.132170
v 0.812192 0.231391 0.132170
v 0.812192 0.231391 0.153415
v 0.776590 0.244451 0.153415
v 0.956272 0.673989 0.132170
v 0.956272 0.673989 0.153415
v 0.956272 0.244451 0.153415
v 0.956272 0.244451 0.132170
v 0.824908 0.234864 0.132170
v 0.812192 0.231391 0.132170
v 0.799132 0.673989 0.132170
v 0.811848 0.670516 0.132170
v 0.799132 0.673989 0.153415
v 0.811848 0.670516 0.153415
v 0.776590 0.244451 0.153415
v 0.812192 0.231391 0.153415
v 0.824908 0.234864 0.153415
v 0.811848 0.247924 0.153415
v 0.799132 0.459220 0.153415
v 0.811848 0.459220 0.153415
v 0.811848 0.670516 0.153415
v 0.799132 0.673989 0.153415
v 0.940055 0.077467 0.161463
v 0.940055 0.077467 0.153415
v 0.777060 0.077467 0.153415
v 0.777060 0.077467 0.161463
v 0.777060 0.077467 0.124121
v 0.777060 0.077467 0.132170
v 0.940055 0.077467 0.132170
v 0.940055 0.077467 0.124121
v 0.764002 -0.020376 0.124121
v 0.764002 0.064407 0.124121
v 0.777060 0.077467 0.124121
v 0.940055 0.077467 0.124121
v 0.953115 0.064407 0.124121
v 0.953115 -0.020376 0.124121
v 0.940055 -0.033434 0.124121
v 0.777060 -0.033434 0.124121
v 0.956590 -0.023848 0.132170
v 0.953115 -0.020376 0.132170
v 0.953115 0.064407 0.132170
v 0.956590 0.067881 0.132170
v 0.953115 0.064407 0.124121
v 0.953115 0.064407 0.132170
v 0.953115 -0.020376 0.132170
v 0.953115 -0.020376 0.124121
v 0.953115 -0.020376 0.161463
v 0.953115 -0.020376 0.153415
v 0.953115 0.064407 0.153415
v 0.953115 0.064407 0.161463
v 0.943529 -0.036909 0.153415
v 0.940055 -0.033434 0.153415
v 0.777060 -0.033434 0.153415
v 0.773588 -0.036909 0.153415
v 0.773588 -0.036909 0.132170
v 0.777060 -0.033434 0.132170
v 0.940055 -0.033434 0.132170
v 0.943529 -0.036909 0.132170
v 0.956590 0.067881 0.153415
v 0.953115 0.064407 0.153415
v 0.953115 -0.020376 0.153415
v 0.956590 -0.023848 0.153415
v 0.943529 0.080940 0.132170
v 0.940055 0.077467 0.132170
v 0.777060 0.077467 0.132170
v 0.773588 0.080940 0.132170
v 0.760527 0.067881 0.132170
v 0.764002 0.064407 0.132170
v 0.764002 -0.020376 0.132170
v 0.760527 -0.023848 0.132170
v 0.953115 -0.020376 0.161463
v 0.953115 0.064407 0.161463
v 0.940055 0.077467 0.161463
v 0.777060 0.077467 0.161463
v 0.764002 0.064407 0.161463
v 0.764002 -0.020376 0.161463
v 0.777060 -0.033434 0.161463
v 0.940055 -0.033434 0.161463
v 0.764002 -0.020376 0.124121
v 0.764002 -0.020376 0.132170
v 0.764002 0.064407 0.132170
v 0.764002 0.064407 0.124121
v 0.764002 0.064407 0.161463
v 0.764002 0.064407 0.153415
v 0.764002 -0.020376 0.153415
v 0.764002 -0.020376 0.161463
v 0.773588 0.080940 0.153415
v 0.943529 0.080940 0.153415
v 0.943529 0.080940 0.132170
v 0.773588 0.080940 0.132170
v 0.956590 -0.023848 0.132170
v 0.956590 0.067881 0.132170
v 0.956590 0.067881 0.153415
v 0.956590 -0.023848 0.153415
v 0.943529 -0.036909 0.153415
v 0.773588 -0.036909 0.153415
v 0.773588 -0.036909 0.132170
v 0.943529 -0.036909 0.132170
v 0.940055 -0.033434 0.124121
v 0.940055 -0.033434 0.132170
v 0.777060 -0.033434 0.132170
v 0.777060 -0.033434 0.124121
v 0.760527 -0.023848 0.153415
v 0.760527 0.067881 0.153415
v 0.760527 0.067881 0.132170
v 0.760527 -0.023848 0.132170
v 0.777060 -0.033434 0.161463
v 0.777060 -0.033434 0.153415
v 0.940055 -0.033434 0.153415
v 0.940055 -0.033434 0.161463
v 0.773588 0.080940 0.153415
v 0.777060 0.077467 0.153415
v 0.940055 0.077467 0.153415
v 0.943529 0.080940 0.153415
v 0.956590 -0.023848 0.132170
v 0.953115 -0.020376 0.132170
v 0.953115 0.064407 0.132170
v 0.956590 0.067881 0.132170
v 0.956590 0.067881 0.153415
v 0.953115 0.064407 0.153415
v 0.953115 -0.020376 0.153415
v 0.956590 -0.023848 0.153415
v 0.760527 -0.023848 0.132170
v 0.760527 -0.023848 0.153415
v 0.956590 0.067881 0.132170
v 0.956590 0.067881 0.153415
v 0.956590 -0.023848 0.153415
v 0.956590 -0.023848 0.132170
v 0.764002 -0.020376 0.132170
v 0.760527 -0.023848 0.132170
v 0.760527 0.067881 0.153415
v 0.764002 0.064407 0.153415
v 0.760527 -0.023848 0.153415
v 0.764002 -0.020376 0.153415
v 0.760527 -0.023848 0.153415
v 0.764002 -0.020376 0.153415
v 0.940055 0.209746 0.161463
v 0.940055 0.209746 0.153415
v 0.777060 0.209746 0.153415
v 0.777060 0.209746 0.161463
v 0.777060 0.209746 0.124121
v 0.777060 0.209746 0.132170
v 0.940055 0.209746 0.132170
v 0.940055 0.209746 0.124121
v 0.764002 0.111905 0.124121
v 0.764002 0.196687 0.124121
v 0.777060 0.209746 0.124121
v 0.940055 0.209746 0.124121
v 0.953115 0.196687 0.124121
v 0.953115 0.111905 0.124121
v 0.940055 0.098844 0.124121
v 0.777060 0.098844 0.124121
v 0.956590 0.108430 0.132170
v 0.953115 0.111905 0.132170
v 0.953115 0.196687 0.132170
v 0.956590 0.200160 0.132170
v 0.953115 0.196687 0.124121
v 0.953115 0.196687 0.132170
v 0.953115 0.111905 0.132170
v 0.953115 0.111905 0.124121
v 0.953115 0.111905 0.161463
v 0.953115 0.111905 0.153415
v 0.953115 0.196687 0.153415
v 0.953115 0.196687 0.161463
v 0.943529 0.095372 0.153415
v 0.940055 0.098844 0.153415
v 0.777060 0.098844 0.153415
v 0.773588 0.095372 0.153415
v 0.773588 0.095372 0.132170
v 0.777060 0.098844 0.132170
v 0.940055 0.098844 0.132170
v 0.943529 0.095372 0.132170
v 0.956590 0.200160 0.153415
v 0.953115 0.196687 0.153415
v 0.953115 0.111905 0.153415
v 0.956590 0.108430 0.153415
v 0.943529 0.213220 0.132170
v 0.940055 0.209746 0.132170
v 0.777060 0.209746 0.132170
v 0.773588 0.213220 0.132170
v 0.760527 0.200160 0.132170
v 0.764002 0.196687 0.132170
v 0.764002 0.111905 0.132170
v 0.760527 0.108430 0.132170
v 0.953115 0.111905 0.161463
v 0.953115 0.196687 0.161463
v 0.940055 0.209746 0.161463
v 0.777060 0.209746 0.161463
v 0.764002 0.196687 0.161463
v 0.764002 0.111905 0.161463
v 0.777060 0.098844 0.161463
v 0.940055 0.098844 0.161463
v 0.764002 0.111905 0.124121
v 0.764002 0.111905 0.132170
v 0.764002 0.196687 0.132170
v 0.764002 0.196687 0.124121
v 0.764002 0.196687 0.161463
v 0.764002 0.196687 0.153415
v 0.764002 0.111905 0.153415
v 0.764002 0.111905 0.161463
v 0.773588 0.213220 0.153415
v 0.943529 0.213220 0.153415
v 0.943529 0.213220 0.132170
v 0.773588 0.213220 0.132170
v 0.956590 0.108430 0.132170
v 0.956590 0.200160 0.132170
v 0.956590 0.200160 0.153415
v 0.956590 0.108430 0.153415
v 0.943529 0.095372 0.153415
v 0.773588 0.095372 0.153415
v 0.773588 0.095372 0.132170
v 0.943529 0.095372 0.132170
v 0.940055 0.098844 0.124121
v 0.940055 0.098844 0.132170
v 0.777060 0.098844 0.132170
v 0.777060 0.098844 0.124121
v 0.760527 0.108430 0.153415
v 0.760527 0.200160 0.153415
v 0.760527 0.200160 0.132170
v 0.760527 0.108430 0.132170
v 0.777060 0.098844 0.161463
v 0.777060 0.098844 0.153415
v 0.940055 0.098844 0.153415
v 0.940055 0.098844 0.161463
v 0.773588 0.213220 0.153415
v 0.777060 0.209746 0.153415
v 0.940055 0.209746 0.153415
v 0.943529 0.213220 0.153415
v 0.956590 0.108430 0.132170
v 0.953115 0.111905 0.132170
v 0.953115 0.196687 0.132170
v 0.956590 0.200160 0.132170
v 0.956590 0.200160 0.153415
v 0.953115 0.196687 0.153415
v 0.953115 0.111905 0.153415
v 0.956590 0.108430 0.153415
v 0.760527 0.200160 0.153415
v 0.760527 0.200160 0.132170
v 0.760527 0.108430 0.132170
v 0.760527 0.108430 0.153415
v 0.956590 0.200160 0.132170
v 0.956590 0.200160 0.153415
v 0.956590 0.108430 0.153415
v 0.956590 0.108430 0.132170
v 0.764002 0.111905 0.132170
v 0.760527 0.108430 0.132170
v 0.760527 0.200160 0.132170
v 0.764002 0.196687 0.132170
v 0.760527 0.200160 0.153415
v 0.764002 0.196687 0.153415
v 0.760527 0.108430 0.153415
v 0.764002 0.111905 0.153415
v 0.760527 0.108430 0.153415
v 0.764002 0.111905 0.153415
v 0.764002 0.196687 0.153415
v 0.760527 0.200160 0.153415
v 0.776590 0.351835 0.153415
v 0.811848 0.353572 0.153415
v 0.811848 0.459220 0.153415
v 0.799132 0.459220 0.153415
v 0.799132 0.459220 0.153415
v 0.799132 0.673989 0.153415
v 0.799132 0.673989 0.132170
v 0.799132 0.459220 0.132170
v 0.811848 0.459220 0.153415
v 0.811848 0.459220 0.161463
v 0.811848 0.353572 0.124121
v 0.811848 0.353572 0.132170
v 0.799132 0.673989 0.132170
v 0.811848 0.670516 0.132170
v 0.811848 0.459220 0.132170
v 0.799132 0.459220 0.132170
v 0.811848 0.353572 0.153415
v 0.776590 0.351835 0.153415
v 0.776590 0.351835 0.153415
v 0.799132 0.459220 0.153415
v 0.799132 0.459220 0.132170
v 0.776590 0.351835 0.132170
v 0.799132 0.459220 0.132170
v 0.811848 0.459220 0.132170
v 0.811848 0.353572 0.132170
v 0.776590 0.351835 0.132170
v 1.000498 0.095716 0.153042
v 1.148421 0.089894 0.153042
v 1.142598 0.095716 0.153042
v 1.142598 0.095716 0.133848
v 0.994675 0.089894 0.133848
v 1.000498 0.095716 0.133848
v 1.164487 0.117606 0.153042
v 1.170310 0.471753 0.153042
v 1.164487 0.471753 0.153042
v 1.000498 0.847789 0.133848
v 1.148421 0.870512 0.133848
v 1.142600 0.847789 0.133848
v 0.978609 0.117606 0.133848
v 0.972786 0.831721 0.133848
v 0.978609 0.825900 0.133848
v 1.000498 0.847789 0.153042
v 1.148421 0.870512 0.153042
v 0.994675 0.853610 0.153042
v 0.978609 0.825900 0.153042
v 0.972786 0.111783 0.153042
v 0.978609 0.117606 0.153042
v 1.164487 0.117606 0.133848
v 1.170310 0.471753 0.133848
v 1.170310 0.111783 0.133848
v 1.164487 0.648826 0.126576
v 1.164487 0.471753 0.126576
v 0.978609 0.825900 0.126576
v 1.199386 0.831851 0.133848
v 1.152285 0.838051 0.133848
v 1.163026 0.870995 0.133848
v 1.199386 0.831851 0.153042
v 1.152285 0.838051 0.153042
v 1.164487 0.809128 0.153042
v 0.978609 0.825900 0.160314
v 0.978609 0.117606 0.160313
v 1.164487 0.471753 0.160313
v 0.978609 0.825900 0.153042
v 0.978609 0.825900 0.160314
v 1.000498 0.847789 0.160314
v 1.000498 0.847789 0.153042
v 1.164487 0.648826 0.160313
v 1.164487 0.471753 0.160313
v 1.164487 0.471753 0.153042
v 1.164487 0.648826 0.153042
v 1.163026 0.870995 0.133848
v 1.152285 0.838051 0.133848
v 0.978609 0.825900 0.133848
v 0.972786 0.831721 0.133848
v 0.994675 0.853610 0.133848
v 1.170310 0.111783 0.153042
v 1.170310 0.111783 0.133848
v 1.170310 0.471753 0.133848
v 1.170310 0.471753 0.153042
v 0.994675 0.089894 0.153042
v 1.148421 0.089894 0.133848
v 1.170310 0.111783 0.153042
v 0.972786 0.111783 0.133848
v 1.199386 0.651736 0.153042
v 1.164487 0.648826 0.153042
v 0.978609 0.117606 0.160313
v 0.978609 0.117606 0.153042
v 0.994675 0.853610 0.133848
v 0.994675 0.853610 0.153042
v 1.148421 0.870512 0.153042
v 1.148421 0.870512 0.133848
v 0.972786 0.111783 0.153042
v 0.972786 0.111783 0.133848
v 0.994675 0.089894 0.133848
v 0.994675 0.089894 0.153042
v 1.164487 0.809128 0.160314
v 1.164487 0.809128 0.153042
v 1.000498 0.095716 0.126576
v 1.142598 0.095716 0.126576
v 1.142598 0.095716 0.133848
v 1.000498 0.095716 0.133848
v 0.972786 0.111783 0.133848
v 0.972786 0.111783 0.153042
v 0.972786 0.831721 0.153042
v 0.972786 0.831721 0.133848
v 1.142598 0.095716 0.160313
v 1.000498 0.095716 0.160313
v 1.000498 0.095716 0.153042
v 1.142598 0.095716 0.153042
v 1.170310 0.111783 0.133848
v 1.170310 0.111783 0.153042
v 1.148421 0.089894 0.153042
v 1.148421 0.089894 0.133848
v 1.142600 0.847789 0.153042
v 1.152285 0.838051 0.126576
v 1.152285 0.838051 0.133848
v 1.164487 0.809128 0.133848
v 1.164487 0.809128 0.126576
v 1.152285 0.838051 0.153042
v 1.163026 0.870995 0.153042
v 1.199386 0.651736 0.133848
v 1.164487 0.648826 0.133848
v 1.164487 0.809128 0.133848
v 1.164487 0.117606 0.133848
v 1.170310 0.111783 0.133848
v 1.199386 0.651736 0.133848
v 1.199386 0.651736 0.153042
v 1.164487 0.117606 0.153042
v 1.164487 0.117606 0.160313
v 1.164487 0.648826 0.126576
v 1.164487 0.648826 0.133848
v 1.142600 0.847789 0.126576
v 1.000498 0.847789 0.126576
v 1.000498 0.847789 0.133848
v 1.142600 0.847789 0.133848
v 1.199386 0.831851 0.133848
v 1.199386 0.831851 0.153042
v 1.163026 0.870995 0.153042
v 1.163026 0.870995 0.133848
v 1.163026 0.870995 0.133848
v 1.163026 0.870995 0.153042
v 0.978609 0.825900 0.126576
v 0.978609 0.117606 0.126576
v 0.978609 0.117606 0.133848
v 0.978609 0.825900 0.133848
v 1.164487 0.117606 0.126576
v 1.164487 0.471753 0.126576
v 1.164487 0.471753 0.133848
v 1.164487 0.117606 0.133848
v 0.972786 0.831721 0.153042
v 0.978609 0.825900 0.153042
v 1.152285 0.838051 0.160314
v 1.152285 0.838051 0.153042
v 1.142600 0.847789 0.153042
v 1.142600 0.847789 0.160314
v 1.170310 0.111783 0.153042
v 1.164487 0.117606 0.153042
v 0.972786 0.831721 0.153042
v 1.164487 0.471753 0.133848
v 0.972786 0.831721 0.133848
v 0.972786 0.831721 0.153042
v 0.978609 0.117606 0.126576
v 1.000498 0.847789 0.126576
v 1.142600 0.847789 0.126576
v 1.164487 0.809128 0.126576
v 1.152285 0.838051 0.126576
v 1.164487 0.117606 0.126576
v 1.142598 0.095716 0.126576
v 1.000498 0.095716 0.126576
v 1.163026 0.870995 0.153042
v 0.972786 0.111783 0.133848
v 0.978609 0.117606 0.133848
v 0.978609 0.117606 0.153042
v 0.972786 0.111783 0.153042
v 1.164487 0.648826 0.160313
v 1.164487 0.809128 0.160314
v 1.152285 0.838051 0.160314
v 1.142600 0.847789 0.160314
v 1.000498 0.847789 0.160314
v 1.000498 0.095716 0.160313
v 1.142598 0.095716 0.160313
v 1.164487 0.117606 0.160313
v -0.020564 0.129804 0.264487
v -0.019582 0.126585 0.272875
v 0.015632 0.120326 0.277733
v 0.014127 0.123512 0.269415
v -0.043025 0.132860 0.260278
v -0.042336 0.129588 0.268712
v 0.275672 0.149265 0.199027
v 0.282090 0.153745 0.206122
v 0.293918 0.155780 0.192144
v 0.286735 0.151214 0.185336
v 0.263048 0.146682 0.212315
v 0.269219 0.151077 0.219578
v 0.245458 0.142308 0.225306
v 0.251845 0.146613 0.232545
v 0.221307 0.134376 0.237025
v 0.227488 0.138595 0.244524
v 0.196205 0.125172 0.245509
v 0.201592 0.129323 0.253404
v 0.170043 0.117014 0.251454
v 0.174621 0.121122 0.259503
v 0.142197 0.110609 0.256683
v 0.145931 0.114617 0.264748
v 0.112243 0.107460 0.260783
v 0.115200 0.111412 0.268834
v 0.080303 0.108711 0.263133
v 0.082548 0.112625 0.271155
v 0.047009 0.113326 0.263295
v 0.048661 0.117219 0.271574
v 0.012947 0.119655 0.261059
v -0.021295 0.125939 0.256104
v -0.043481 0.129018 0.251866
v 0.274443 0.140486 0.196032
v 0.285466 0.142415 0.182414
v 0.261895 0.137932 0.209237
v 0.244513 0.133583 0.222122
v 0.220539 0.125687 0.233883
v 0.195577 0.116531 0.242240
v 0.169547 0.108387 0.248111
v 0.141784 0.102032 0.253337
v 0.111906 0.098899 0.257323
v 0.080116 0.100120 0.259654
v 0.046965 0.104667 0.259797
v 0.013064 0.110947 0.257561
v -0.021116 0.117267 0.252683
v -0.043313 0.120355 0.248575
v 0.050830 0.114109 0.279964
v 0.085591 0.109596 0.279761
v 0.119191 0.108424 0.277348
v 0.150968 0.111658 0.273126
v 0.180648 0.118202 0.267573
v 0.208574 0.126571 0.261290
v 0.235426 0.135906 0.251994
v 0.259915 0.144008 0.239921
v 0.277239 0.148572 0.226950
v 0.290699 0.151345 0.213321
v 0.303913 0.153480 0.198964
v -0.041814 0.121184 0.272408
v -0.018892 0.118184 0.276439
v 0.016586 0.111998 0.281236
v 0.052158 0.105838 0.283391
v 0.087315 0.101396 0.283123
v 0.121445 0.100258 0.280637
v 0.153934 0.103501 0.276456
v 0.184380 0.110054 0.270910
v 0.212989 0.118428 0.264553
v 0.240399 0.127897 0.255092
v 0.264968 0.136030 0.243063
v 0.282390 0.140649 0.230046
v 0.296345 0.143487 0.216328
v 0.310621 0.145672 0.201696
v -0.041697 0.112556 0.268985
v -0.018793 0.109534 0.273030
v 0.016586 0.103352 0.277804
v 0.051944 0.097253 0.279828
v 0.086860 0.092839 0.279321
v 0.120823 0.091716 0.276861
v 0.153241 0.094940 0.272860
v 0.183708 0.101441 0.267547
v 0.212272 0.109747 0.261292
v 0.239569 0.119184 0.251887
v 0.263962 0.127329 0.239850
v 0.281243 0.131925 0.226936
v 0.295156 0.134737 0.213316
v 0.309449 0.136902 0.199128
v -0.042063 0.108696 0.260401
v -0.019377 0.105682 0.264602
v 0.015585 0.099481 0.269447
v 0.050416 0.093371 0.271546
v 0.084667 0.088936 0.271038
v 0.117886 0.087778 0.268577
v 0.149519 0.090957 0.264663
v 0.179183 0.097401 0.259485
v 0.206949 0.105633 0.253404
v 0.233485 0.114949 0.244269
v 0.257694 0.123008 0.232218
v 0.274661 0.127510 0.219304
v 0.287787 0.130234 0.205812
v 0.300727 0.132321 0.191812
v -0.042698 0.111934 0.252100
v -0.020281 0.108881 0.256202
v 0.014191 0.102607 0.261062
v 0.048411 0.096413 0.263220
v 0.081892 0.091939 0.262756
v 0.114198 0.090752 0.260384
v 0.144781 0.093897 0.256536
v 0.173325 0.100301 0.251436
v 0.200047 0.108425 0.245509
v 0.225600 0.117658 0.236859
v 0.249675 0.125590 0.224904
v 0.266692 0.129990 0.211992
v 0.279254 0.132607 0.198674
v 0.290806 0.134596 0.184874
v -0.043313 0.120355 0.248575
v -0.021116 0.117267 0.252683
v 0.013064 0.110947 0.257561
v 0.046965 0.104667 0.259797
v 0.080116 0.100120 0.259654
v 0.111906 0.098899 0.257323
v 0.141784 0.102032 0.253337
v 0.169547 0.108387 0.248111
v 0.195577 0.116531 0.242240
v 0.220539 0.125687 0.233883
v 0.244513 0.133583 0.222122
v 0.261895 0.137932 0.209237
v 0.274443 0.140486 0.196032
v 0.285466 0.142415 0.182414
v -0.026289 0.046469 0.257022
v -0.026597 0.065562 0.264557
v 0.013639 0.052186 0.278250
v 0.013914 0.033012 0.270545
v 0.047974 0.038248 0.283173
v 0.048125 0.019185 0.275470
v 0.081486 0.028086 0.282816
v 0.081530 0.009173 0.275157
v 0.113505 0.025334 0.277643
v 0.113422 0.006484 0.270026
v 0.143332 0.032265 0.268612
v 0.143186 0.013383 0.261248
v 0.170909 0.046369 0.257103
v 0.170674 0.027372 0.249742
v 0.196751 0.064330 0.244013
v 0.196361 0.045304 0.236814
v 0.221545 0.084597 0.230495
v 0.220986 0.065466 0.223555
v 0.246353 0.102060 0.216861
v 0.245596 0.082849 0.210080
v 0.270800 0.111690 0.200296
v 0.269904 0.092423 0.193642
v 0.292596 0.117719 0.178405
v 0.291587 0.098391 0.171869
v -0.025804 0.074071 0.283012
v 0.014894 0.060674 0.296645
v 0.049702 0.046822 0.301399
v 0.083798 0.036706 0.300479
v 0.116517 0.034034 0.295368
v 0.147112 0.041090 0.286371
v 0.175518 0.055411 0.274823
v 0.202153 0.073471 0.261397
v 0.227730 0.093886 0.247471
v 0.253231 0.111540 0.233395
v 0.278320 0.121369 0.216386
v 0.300684 0.127583 0.194051
v -0.024614 0.066985 0.301478
v 0.016655 0.053660 0.314962
v 0.052167 0.039972 0.319875
v 0.087171 0.030035 0.319426
v 0.120850 0.027456 0.314115
v 0.152480 0.034578 0.304818
v 0.181846 0.048985 0.292592
v 0.209391 0.067408 0.278779
v 0.235872 0.087964 0.264445
v 0.262233 0.105804 0.249943
v 0.288113 0.115852 0.232468
v 0.311208 0.122299 0.209662
v -0.023692 0.048491 0.309327
v 0.017892 0.035324 0.322674
v 0.053829 0.021763 0.327419
v 0.089269 0.011981 0.326827
v 0.123501 0.009476 0.321354
v 0.155849 0.016617 0.312151
v 0.185960 0.031044 0.299938
v 0.214144 0.049483 0.285975
v 0.241122 0.070331 0.271537
v 0.268048 0.088237 0.256811
v 0.294431 0.098410 0.239071
v 0.317969 0.104999 0.215996
v -0.023469 0.029442 0.301821
v 0.018043 0.016288 0.315116
v 0.053795 0.002859 0.319577
v 0.089019 -0.006857 0.318457
v 0.123108 -0.009330 0.313042
v 0.155403 -0.002231 0.304231
v 0.185535 0.012082 0.292535
v 0.213661 0.030369 0.278779
v 0.240497 0.051148 0.264511
v 0.267276 0.069079 0.249977
v 0.293591 0.079199 0.232394
v 0.317031 0.085733 0.209481
v -0.024107 0.020961 0.283267
v 0.016976 0.007766 0.296717
v 0.052198 -0.005687 0.301340
v 0.086764 -0.015451 0.300219
v 0.120120 -0.018002 0.294804
v 0.151641 -0.011003 0.286185
v 0.180988 0.003185 0.274787
v 0.208334 0.021309 0.261397
v 0.234424 0.041823 0.247473
v 0.260483 0.059566 0.233442
v 0.286150 0.069479 0.216352
v 0.309054 0.075820 0.193932
v -0.025216 0.028004 0.264771
v 0.015335 0.014649 0.278256
v 0.049912 0.001008 0.283006
v 0.083682 -0.008839 0.281984
v 0.116116 -0.011455 0.276763
v 0.146592 -0.004529 0.268292
v 0.174841 0.009570 0.257062
v 0.201183 0.027457 0.244013
v 0.226342 0.047786 0.230580
v 0.251512 0.065251 0.216947
v 0.276312 0.074941 0.200294
v 0.298459 0.081044 0.178301
v -0.026289 0.046469 0.257022
v 0.013914 0.033012 0.270545
v 0.048125 0.019185 0.275470
v 0.081530 0.009173 0.275157
v 0.113422 0.006484 0.270026
v 0.143186 0.013383 0.261248
v 0.170674 0.027372 0.249742
v 0.196361 0.045304 0.236814
v 0.220986 0.065466 0.223555
v 0.245596 0.082849 0.210080
v 0.269904 0.092423 0.193642
v 0.291587 0.098391 0.171869
v 0.398248 0.073566 0.133277
v 0.401722 0.161821 0.133277
v 0.401722 0.070092 0.133277
v 0.268863 0.060506 0.154521
v 0.388663 0.057033 0.154521
v 0.385189 0.060506 0.154521
v 0.385189 0.060506 0.133277
v 0.265390 0.057033 0.133277
v 0.268863 0.060506 0.133277
v 0.398248 0.073566 0.154521
v 0.401722 0.161821 0.154521
v 0.398248 0.158349 0.154521
v 0.222194 0.171407 0.133277
v 0.388663 0.174882 0.133277
v 0.385189 0.171407 0.133277
v 0.255804 0.073566 0.133277
v 0.252330 0.100668 0.133277
v 0.255804 0.101826 0.133277
v 0.385189 0.171407 0.154521
v 0.218720 0.174882 0.154521
v 0.222194 0.171407 0.154521
v 0.209134 0.158349 0.154521
v 0.205661 0.131245 0.154521
v 0.209134 0.130088 0.154521
v 0.255804 0.073566 0.154521
v 0.252330 0.100668 0.154521
v 0.252330 0.070092 0.154521
v 0.209134 0.158349 0.133277
v 0.205661 0.131245 0.133277
v 0.205661 0.161821 0.133277
v 0.385189 0.171407 0.125228
v 0.222194 0.171407 0.125228
v 0.222194 0.171407 0.133277
v 0.385189 0.171407 0.133277
v 0.255804 0.101826 0.162570
v 0.209134 0.130088 0.162570
v 0.209134 0.130088 0.154521
v 0.255804 0.101826 0.154521
v 0.209134 0.130088 0.125228
v 0.209134 0.158349 0.125228
v 0.222194 0.171407 0.125228
v 0.385189 0.171407 0.125228
v 0.398248 0.158349 0.125228
v 0.398248 0.073566 0.125228
v 0.385189 0.060506 0.125228
v 0.252330 0.100668 0.154521
v 0.255804 0.101826 0.154521
v 0.255804 0.101826 0.125228
v 0.268863 0.060506 0.125228
v 0.255804 0.073566 0.125228
v 0.398248 0.158349 0.133277
v 0.385189 0.171407 0.125228
v 0.385189 0.171407 0.133277
v 0.398248 0.158349 0.133277
v 0.398248 0.158349 0.125228
v 0.205661 0.131245 0.133277
v 0.205661 0.131245 0.154521
v 0.205661 0.161821 0.154521
v 0.205661 0.161821 0.133277
v 0.265390 0.057033 0.154521
v 0.388663 0.057033 0.133277
v 0.401722 0.070092 0.154521
v 0.218720 0.174882 0.133277
v 0.252330 0.070092 0.133277
v 0.398248 0.073566 0.162570
v 0.398248 0.158349 0.162570
v 0.385189 0.171407 0.162570
v 0.222194 0.171407 0.162570
v 0.209134 0.130088 0.162570
v 0.255804 0.101826 0.162570
v 0.209134 0.158349 0.162570
v 0.385189 0.060506 0.162570
v 0.255804 0.073566 0.162570
v 0.268863 0.060506 0.162570
v 0.255804 0.073566 0.162570
v 0.255804 0.101826 0.162570
v 0.255804 0.101826 0.154521
v 0.255804 0.073566 0.154521
v 0.218720 0.174882 0.133277
v 0.218720 0.174882 0.154521
v 0.388663 0.174882 0.154521
v 0.388663 0.174882 0.133277
v 0.401722 0.070092 0.154521
v 0.401722 0.070092 0.133277
v 0.401722 0.161821 0.133277
v 0.401722 0.161821 0.154521
v 0.388663 0.057033 0.133277
v 0.388663 0.057033 0.154521
v 0.265390 0.057033 0.154521
v 0.265390 0.057033 0.133277
v 0.268863 0.060506 0.125228
v 0.385189 0.060506 0.125228
v 0.385189 0.060506 0.133277
v 0.268863 0.060506 0.133277
v 0.252330 0.070092 0.133277
v 0.252330 0.070092 0.154521
v 0.252330 0.100668 0.154521
v 0.252330 0.100668 0.133277
v 0.385189 0.060506 0.162570
v 0.268863 0.060506 0.162570
v 0.268863 0.060506 0.154521
v 0.385189 0.060506 0.154521
v 0.388663 0.174882 0.133277
v 0.388663 0.174882 0.154521
v 0.388663 0.174882 0.154521
v 0.252330 0.070092 0.133277
v 0.255804 0.073566 0.133277
v 0.385189 0.171407 0.154521
v 0.388663 0.174882 0.154521
v 0.209134 0.158349 0.133277
v 0.205661 0.161821 0.133277
v 0.385189 0.060506 0.133277
v 0.388663 0.057033 0.133277
v 0.209134 0.130088 0.125228
v 0.255804 0.101826 0.125228
v 0.255804 0.101826 0.133277
v 0.209134 0.130088 0.133277
v 0.385189 0.060506 0.154521
v 0.398248 0.073566 0.154521
v 0.398248 0.073566 0.162570
v 0.385189 0.060506 0.162570
v 0.209134 0.158349 0.125228
v 0.209134 0.158349 0.133277
v 0.222194 0.171407 0.133277
v 0.222194 0.171407 0.125228
v 0.255804 0.073566 0.162570
v 0.255804 0.073566 0.154521
v 0.268863 0.060506 0.154521
v 0.268863 0.060506 0.162570
v 0.385189 0.171407 0.133277
v 0.388663 0.174882 0.133277
v 0.255804 0.073566 0.133277
v 0.255804 0.073566 0.125228
v 0.268863 0.060506 0.125228
v 0.268863 0.060506 0.133277
v 0.398248 0.073566 0.125228
v 0.398248 0.158349 0.125228
v 0.398248 0.158349 0.133277
v 0.398248 0.073566 0.133277
v 0.255804 0.101826 0.125228
v 0.255804 0.073566 0.125228
v 0.255804 0.073566 0.133277
v 0.255804 0.101826 0.133277
v 0.398248 0.158349 0.162570
v 0.398248 0.158349 0.154521
v 0.385189 0.171407 0.154521
v 0.385189 0.171407 0.162570
v 0.205661 0.161821 0.133277
v 0.205661 0.161821 0.154521
v 0.252330 0.070092 0.154521
v 0.252330 0.070092 0.133277
v 0.209134 0.158349 0.125228
v 0.209134 0.130088 0.125228
v 0.209134 0.130088 0.133277
v 0.209134 0.158349 0.133277
v 0.222194 0.171407 0.154521
v 0.218720 0.174882 0.154521
v 0.205661 0.161821 0.154521
v 0.209134 0.158349 0.154521
v 0.255804 0.073566 0.154521
v 0.252330 0.070092 0.154521
v 0.385189 0.060506 0.154521
v 0.388663 0.057033 0.154521
v 0.205661 0.161821 0.154521
v 0.255804 0.101826 0.154521
v 0.255804 0.101826 0.133277
v 0.252330 0.100668 0.133277
v 0.209134 0.130088 0.133277
v 0.388663 0.057033 0.154521
v 0.388663 0.057033 0.133277
v 0.398248 0.158349 0.162570
v 0.398248 0.073566 0.162570
v 0.398248 0.073566 0.154521
v 0.398248 0.158349 0.154521
v 0.252330 0.100668 0.133277
v 0.252330 0.100668 0.154521
v 0.209134 0.158349 0.162570
v 0.209134 0.158349 0.154521
v 0.398248 0.073566 0.125228
v 0.398248 0.073566 0.133277
v 0.385189 0.060506 0.133277
v 0.385189 0.060506 0.125228
v 0.222194 0.171407 0.162570
v 0.385189 0.171407 0.162570
v 0.385189 0.171407 0.154521
v 0.222194 0.171407 0.154521
v 0.209134 0.158349 0.154521
v 0.209134 0.158349 0.162570
v 0.222194 0.171407 0.162570
v 0.222194 0.171407 0.154521
v 0.237290 0.084650 0.137172
v 0.231358 0.084650 0.139629
v 0.231358 0.104542 0.139629
v 0.237290 0.104542 0.137172
v 0.228902 0.084650 0.145560
v 0.228902 0.104542 0.145560
v 0.231358 0.084650 0.151492
v 0.231358 0.104542 0.151492
v 0.237290 0.084650 0.153948
v 0.237290 0.104542 0.153948
v 0.243222 0.084650 0.151492
v 0.243222 0.104542 0.151492
v 0.245679 0.084650 0.145560
v 0.245679 0.104542 0.145560
v 0.245679 0.084650 0.145560
v 0.243222 0.084650 0.139629
v 0.243222 0.104542 0.139629
v 0.245679 0.104542 0.145560
v 0.237290 0.084650 0.153292
v 0.232528 0.084650 0.151320
v 0.244438 0.084650 0.145560
v 0.242053 0.084650 0.151320
v 0.230142 0.084650 0.145560
v 0.242053 0.084650 0.139800
v 0.232528 0.084650 0.139800
v 0.237290 0.084650 0.137828
v 0.231358 0.084650 0.139629
v 0.228902 0.084650 0.145560
v 0.231358 0.084650 0.151492
v 0.237290 0.084650 0.153948
v 0.243222 0.084650 0.151492
v 0.245679 0.084650 0.145560
v 0.243222 0.084650 0.139629
v 0.237290 0.084650 0.137172
v 0.237290 0.104542 0.152239
v 0.237290 0.104542 0.153948
v 0.243222 0.104542 0.151492
v 0.242012 0.104542 0.150283
v 0.242012 0.104542 0.140837
v 0.243222 0.104542 0.139629
v 0.237290 0.104542 0.137172
v 0.237290 0.104542 0.138881
v 0.230611 0.104542 0.145560
v 0.228902 0.104542 0.145560
v 0.231358 0.104542 0.151492
v 0.232568 0.104542 0.150283
v 0.245679 0.104542 0.145560
v 0.243969 0.104542 0.145560
v 0.232568 0.104542 0.140837
v 0.231358 0.104542 0.139629
v 0.232568 0.104542 0.150283
v 0.231358 0.104542 0.151492
v 0.243969 0.104542 0.145560
v 0.245679 0.104542 0.145560
v 0.222603 0.113241 0.141275
v 0.219573 0.113241 0.142530
v 0.219573 0.123403 0.142530
v 0.222603 0.123403 0.141275
v 0.218319 0.113241 0.145560
v 0.218319 0.123403 0.145560
v 0.219573 0.113241 0.148590
v 0.219573 0.123403 0.148590
v 0.222603 0.113241 0.149845
v 0.222603 0.123403 0.149845
v 0.225633 0.113241 0.148590
v 0.225633 0.123403 0.148590
v 0.226889 0.113241 0.145560
v 0.226889 0.123403 0.145560
v 0.226889 0.113241 0.145560
v 0.225633 0.113241 0.142530
v 0.225633 0.123403 0.142530
v 0.226889 0.123403 0.145560
v 0.222603 0.113241 0.149510
v 0.220172 0.113241 0.148503
v 0.226256 0.113241 0.145560
v 0.225037 0.113241 0.148503
v 0.218952 0.113241 0.145560
v 0.225037 0.113241 0.142618
v 0.220172 0.113241 0.142618
v 0.222603 0.113241 0.141610
v 0.219573 0.113241 0.142530
v 0.218319 0.113241 0.145560
v 0.219573 0.113241 0.148590
v 0.222603 0.113241 0.149845
v 0.225633 0.113241 0.148590
v 0.226889 0.113241 0.145560
v 0.225633 0.113241 0.142530
v 0.222603 0.113241 0.141275
v 0.222603 0.123403 0.148972
v 0.222603 0.123403 0.149845
v 0.225633 0.123403 0.148590
v 0.225016 0.123403 0.147973
v 0.225016 0.123403 0.143147
v 0.225633 0.123403 0.142530
v 0.222603 0.123403 0.141275
v 0.222603 0.123403 0.142148
v 0.219191 0.123403 0.145560
v 0.218319 0.123403 0.145560
v 0.219573 0.123403 0.148590
v 0.220191 0.123403 0.147973
v 0.226889 0.123403 0.145560
v 0.226017 0.123403 0.145560
v 0.220191 0.123403 0.143147
v 0.219573 0.123403 0.142530
v 0.220191 0.123403 0.147973
v 0.219573 0.123403 0.148590
v 0.226017 0.123403 0.145560
v 0.226889 0.123403 0.145560
v 0.220191 0.132623 0.143147
v 0.220191 0.123403 0.143147
v 0.219191 0.123403 0.145560
v 0.219191 0.132623 0.145560
v 0.226017 0.132623 0.145560
v 0.226017 0.123403 0.145560
v 0.225016 0.123403 0.143147
v 0.225016 0.132623 0.143147
v 0.222603 0.132623 0.148972
v 0.222603 0.123403 0.148972
v 0.225016 0.123403 0.147973
v 0.225016 0.132623 0.147973
v 0.220191 0.123403 0.147973
v 0.220191 0.132623 0.147973
v 0.222603 0.132623 0.142148
v 0.222603 0.123403 0.142148
v 0.226017 0.123403 0.145560
v 0.226017 0.132623 0.145560
v 0.220191 0.132623 0.147973
v 0.220191 0.123403 0.147973
v 0.232568 0.115395 0.150283
v 0.232568 0.104542 0.150283
v 0.237290 0.104542 0.152239
v 0.237290 0.115395 0.152239
v 0.242012 0.115395 0.150283
v 0.242012 0.104542 0.150283
v 0.243969 0.104542 0.145560
v 0.243969 0.115395 0.145560
v 0.242012 0.115395 0.140837
v 0.242012 0.104542 0.140837
v 0.237290 0.104542 0.138881
v 0.237290 0.115395 0.138881
v 0.232568 0.104542 0.140837
v 0.232568 0.115395 0.140837
v 0.230611 0.115395 0.145560
v 0.230611 0.104542 0.145560
v 0.243969 0.115395 0.145560
v 0.243969 0.104542 0.145560
v 0.301600 0.067751 0.195812
v 0.281634 0.077153 0.185020
v 0.291770 0.077153 0.166266
v 0.311738 0.067751 0.177058
v 0.295838 0.081776 0.168465
v 0.291770 0.077153 0.166266
v 0.285110 0.095428 0.162666
v 0.290864 0.095428 0.165775
v 0.285097 0.124177 0.186892
v 0.301600 0.131947 0.195812
v 0.311738 0.131947 0.177058
v 0.295235 0.124177 0.168138
v 0.299303 0.119553 0.170337
v 0.295235 0.124177 0.168138
v 0.311738 0.131947 0.177058
v 0.311738 0.125408 0.177058
v 0.321567 0.122546 0.206604
v 0.331705 0.122546 0.187850
v 0.328404 0.095911 0.210299
v 0.323003 0.081089 0.207379
v 0.333139 0.081089 0.188625
v 0.338540 0.095911 0.191544
v 0.332788 0.095911 0.188434
v 0.338540 0.095911 0.191544
v 0.333139 0.081089 0.188625
v 0.329071 0.085714 0.186425
v 0.324172 0.080146 0.183779
v 0.328240 0.075521 0.185976
v 0.311738 0.067751 0.177058
v 0.311738 0.074289 0.177058
v 0.279198 0.117952 0.195509
v 0.274036 0.103786 0.192720
v 0.314128 0.081745 0.214387
v 0.319290 0.095911 0.217178
v 0.280160 0.124177 0.196029
v 0.284096 0.123521 0.198157
v 0.296663 0.129437 0.204949
v 0.296663 0.131947 0.204949
v 0.313165 0.075521 0.213868
v 0.309229 0.076177 0.211741
v 0.296663 0.070260 0.204949
v 0.296663 0.067751 0.204949
v 0.274974 0.095428 0.181421
v 0.285110 0.095428 0.162666
v 0.328227 0.104269 0.210204
v 0.338364 0.104269 0.191449
v 0.269860 0.103786 0.190463
v 0.275261 0.118608 0.193381
v 0.312692 0.121890 0.213613
v 0.316630 0.122546 0.215741
v 0.318104 0.075521 0.204731
v 0.328240 0.075521 0.185976
v 0.319113 0.104269 0.217082
v 0.323290 0.104269 0.219339
v 0.276695 0.077153 0.194157
v 0.280632 0.077809 0.196284
v 0.274212 0.095428 0.192814
v 0.270035 0.095428 0.190557
v 0.331705 0.122546 0.187850
v 0.327637 0.117921 0.185651
v 0.323465 0.095911 0.219435
v 0.318064 0.081089 0.216516
v 0.298045 0.125284 0.164015
v 0.299303 0.119553 0.170337
v 0.311738 0.125408 0.177058
v 0.314097 0.132842 0.172691
v 0.290688 0.103787 0.165680
v 0.284934 0.103787 0.162571
v 0.290335 0.118608 0.165489
v 0.294403 0.113984 0.167688
v 0.338364 0.104269 0.191449
v 0.332611 0.104269 0.188339
v 0.286924 0.104932 0.158005
v 0.290688 0.103787 0.165680
v 0.294403 0.113984 0.167688
v 0.291721 0.118095 0.160598
v 0.330149 0.074415 0.181368
v 0.324172 0.080146 0.183779
v 0.311738 0.074289 0.177058
v 0.314097 0.066856 0.172691
v 0.293573 0.076519 0.161599
v 0.295838 0.081776 0.168465
v 0.290864 0.095428 0.165775
v 0.287152 0.094141 0.158128
v 0.341270 0.094765 0.187378
v 0.332788 0.095911 0.188434
v 0.329071 0.085714 0.186425
v 0.336473 0.081602 0.184784
v 0.327637 0.117921 0.185651
v 0.334621 0.123178 0.183784
v 0.332611 0.104269 0.188339
v 0.341042 0.105556 0.187255
v 0.325176 0.104584 0.220359
v 0.325366 0.095631 0.220462
v 0.267960 0.104066 0.189435
v 0.269860 0.103786 0.190463
v 0.274798 0.103786 0.181326
v 0.272899 0.104066 0.180299
v 0.268149 0.095115 0.189537
v 0.267960 0.104066 0.189435
v 0.330115 0.104584 0.211224
v 0.328227 0.104269 0.210204
v 0.323290 0.104269 0.219339
v 0.325176 0.104584 0.220359
v 0.290688 0.103787 0.165680
v 0.286924 0.104932 0.158005
v 0.274798 0.103786 0.181326
v 0.280199 0.118608 0.184245
v 0.290335 0.118608 0.165489
v 0.284934 0.103787 0.162571
v 0.269860 0.103786 0.190463
v 0.275261 0.118608 0.193381
v 0.280199 0.118608 0.184245
v 0.274798 0.103786 0.181326
v 0.284934 0.103787 0.162571
v 0.274798 0.103786 0.181326
v 0.313165 0.075521 0.213868
v 0.296663 0.067751 0.204949
v 0.301600 0.067751 0.195812
v 0.318104 0.075521 0.204731
v 0.316630 0.122546 0.215741
v 0.323290 0.104269 0.219339
v 0.328227 0.104269 0.210204
v 0.321567 0.122546 0.206604
v 0.276695 0.077153 0.194157
v 0.270035 0.095428 0.190557
v 0.274974 0.095428 0.181421
v 0.281634 0.077153 0.185020
v 0.323465 0.095911 0.219435
v 0.318064 0.081089 0.216516
v 0.323003 0.081089 0.207379
v 0.328404 0.095911 0.210299
v 0.296663 0.131947 0.204949
v 0.301600 0.131947 0.195812
v 0.280160 0.124177 0.196029
v 0.285097 0.124177 0.186892
v 0.272899 0.104066 0.180299
v 0.273086 0.095115 0.180401
v 0.268149 0.095115 0.189537
v 0.267960 0.104066 0.189435
v 0.283928 0.125902 0.186260
v 0.278681 0.119938 0.183424
v 0.273744 0.119938 0.192561
v 0.278989 0.125902 0.195397
v 0.330303 0.095631 0.211325
v 0.330115 0.104584 0.211224
v 0.325176 0.104584 0.220359
v 0.325366 0.095631 0.220462
v 0.319273 0.073797 0.205364
v 0.324520 0.079759 0.208199
v 0.319581 0.079759 0.217336
v 0.314335 0.073797 0.214501
v 0.319273 0.073797 0.205364
v 0.318104 0.075521 0.204731
v 0.323003 0.081089 0.207379
v 0.324520 0.079759 0.208199
v 0.330303 0.095631 0.211325
v 0.328404 0.095911 0.210299
v 0.328227 0.104269 0.210204
v 0.330115 0.104584 0.211224
v 0.278989 0.125902 0.195397
v 0.280160 0.124177 0.196029
v 0.285097 0.124177 0.186892
v 0.283928 0.125902 0.186260
v 0.283928 0.125902 0.186260
v 0.285097 0.124177 0.186892
v 0.280199 0.118608 0.184245
v 0.278681 0.119938 0.183424
v 0.278681 0.119938 0.183424
v 0.280199 0.118608 0.184245
v 0.275261 0.118608 0.193381
v 0.273744 0.119938 0.192561
v 0.324520 0.079759 0.208199
v 0.323003 0.081089 0.207379
v 0.318064 0.081089 0.216516
v 0.319581 0.079759 0.217336
v 0.272899 0.104066 0.180299
v 0.274798 0.103786 0.181326
v 0.274974 0.095428 0.181421
v 0.273086 0.095115 0.180401
v 0.273744 0.119938 0.192561
v 0.278989 0.125902 0.195397
v 0.325366 0.095631 0.220462
v 0.323465 0.095911 0.219435
v 0.328404 0.095911 0.210299
v 0.330303 0.095631 0.211325
v 0.319581 0.079759 0.217336
v 0.314335 0.073797 0.214501
v 0.314335 0.073797 0.214501
v 0.313165 0.075521 0.213868
v 0.318104 0.075521 0.204731
v 0.319273 0.073797 0.205364
v 0.273086 0.095115 0.180401
v 0.274974 0.095428 0.181421
v 0.270035 0.095428 0.190557
v 0.268149 0.095115 0.189537
v 0.300578 0.118247 0.149376
v 0.307962 0.125202 0.148723
v 0.356159 0.104717 0.154670
v 0.356101 0.094050 0.156319
v 0.301459 0.077125 0.155796
v 0.287152 0.094141 0.158128
v 0.294691 0.094685 0.152687
v 0.350273 0.081155 0.157981
v 0.342889 0.074200 0.158634
v 0.286924 0.104932 0.158005
v 0.294751 0.105352 0.151038
v 0.349391 0.122276 0.151561
v 0.324458 0.067102 0.158672
v 0.326394 0.132300 0.148685
v 0.294751 0.105352 0.151038
v 0.286924 0.104932 0.158005
v -0.023843 0.017161 0.277791
v -0.023828 0.018911 0.302294
v -0.045138 0.018295 0.302352
v -0.045152 0.016543 0.277847
v -0.025126 0.064753 0.313415
v -0.025551 0.078046 0.298071
v -0.046861 0.077429 0.298129
v -0.046436 0.064136 0.313472
v -0.025567 0.076294 0.273567
v -0.046877 0.075679 0.273624
v -0.024948 0.053488 0.257780
v -0.024481 0.037492 0.258922
v -0.045791 0.036875 0.258979
v -0.046258 0.052870 0.257836
v -0.014566 0.058805 0.312458
v -0.014120 0.043519 0.313550
v -0.014066 0.037003 0.263348
v -0.014512 0.052290 0.262256
v -0.014744 0.065055 0.313387
v -0.014780 0.065846 0.308934
v -0.015104 0.075966 0.297251
v -0.015171 0.078346 0.298044
v -0.013888 0.030754 0.262419
v -0.013852 0.029963 0.266872
v -0.013528 0.019841 0.278554
v -0.013461 0.017461 0.277762
v -0.024226 0.033854 0.315250
v -0.045536 0.033237 0.315308
v -0.025167 0.061353 0.260611
v -0.046477 0.060735 0.260668
v -0.014064 0.042019 0.318054
v -0.014531 0.058015 0.316911
v -0.015115 0.074561 0.277578
v -0.015185 0.076596 0.273539
v -0.024268 0.030454 0.262446
v -0.045579 0.029836 0.262504
v -0.014731 0.060154 0.265087
v -0.014788 0.061653 0.260583
v -0.013447 0.019212 0.302267
v -0.013516 0.021246 0.298228
v -0.013901 0.035654 0.310719
v -0.013844 0.034154 0.315223
v -0.014566 0.053788 0.257753
v -0.014101 0.037794 0.258895
v -0.014820 0.062628 0.258646
v -0.014584 0.054205 0.255615
v -0.014047 0.041602 0.320191
v -0.014064 0.042019 0.318054
v -0.024446 0.041719 0.318082
v -0.024428 0.041302 0.320218
v -0.013811 0.033181 0.317159
v -0.014047 0.041602 0.320191
v -0.025201 0.062326 0.258674
v -0.025167 0.061353 0.260611
v -0.014788 0.061653 0.260583
v -0.014820 0.062628 0.258646
v -0.024446 0.041719 0.318082
v -0.024912 0.057713 0.316940
v -0.046222 0.057097 0.316996
v -0.045756 0.041101 0.318139
v -0.014064 0.042019 0.318054
v -0.014531 0.058015 0.316911
v -0.024912 0.057713 0.316940
v -0.024446 0.041719 0.318082
v -0.013888 0.030754 0.262419
v -0.013461 0.017461 0.277762
v -0.023843 0.017161 0.277791
v -0.024268 0.030454 0.262446
v -0.015185 0.076596 0.273539
v -0.014788 0.061653 0.260583
v -0.025167 0.061353 0.260611
v -0.025567 0.076294 0.273567
v -0.013447 0.019212 0.302267
v -0.013844 0.034154 0.315223
v -0.024226 0.033854 0.315250
v -0.023828 0.018911 0.302294
v -0.014566 0.053788 0.257753
v -0.014101 0.037794 0.258895
v -0.024481 0.037492 0.258922
v -0.024948 0.053488 0.257780
v -0.015171 0.078346 0.298044
v -0.025551 0.078046 0.298071
v -0.014744 0.065055 0.313387
v -0.025126 0.064753 0.313415
v -0.024428 0.041302 0.320218
v -0.024192 0.032879 0.317187
v -0.013811 0.033181 0.317159
v -0.014047 0.041602 0.320191
v -0.025156 0.065969 0.315222
v -0.024927 0.058430 0.318996
v -0.014547 0.058732 0.318967
v -0.014775 0.066269 0.315194
v -0.024965 0.053905 0.255644
v -0.025201 0.062326 0.258674
v -0.014820 0.062628 0.258646
v -0.014584 0.054205 0.255615
v -0.024239 0.029238 0.260640
v -0.024467 0.036775 0.256866
v -0.014085 0.037077 0.256839
v -0.013857 0.029538 0.260613
v -0.024239 0.029238 0.260640
v -0.024268 0.030454 0.262446
v -0.024481 0.037492 0.258922
v -0.024467 0.036775 0.256866
v -0.024965 0.053905 0.255644
v -0.024948 0.053488 0.257780
v -0.025167 0.061353 0.260611
v -0.025201 0.062326 0.258674
v -0.014775 0.066269 0.315194
v -0.014744 0.065055 0.313387
v -0.025126 0.064753 0.313415
v -0.025156 0.065969 0.315222
v -0.025156 0.065969 0.315222
v -0.025126 0.064753 0.313415
v -0.024912 0.057713 0.316940
v -0.024927 0.058430 0.318996
v -0.024927 0.058430 0.318996
v -0.024912 0.057713 0.316940
v -0.014531 0.058015 0.316911
v -0.014547 0.058732 0.318967
v -0.024467 0.036775 0.256866
v -0.024481 0.037492 0.258922
v -0.014101 0.037794 0.258895
v -0.014085 0.037077 0.256839
v -0.024428 0.041302 0.320218
v -0.024446 0.041719 0.318082
v -0.024226 0.033854 0.315250
v -0.024192 0.032879 0.317187
v -0.014547 0.058732 0.318967
v -0.014775 0.066269 0.315194
v -0.014584 0.054205 0.255615
v -0.014566 0.053788 0.257753
v -0.024948 0.053488 0.257780
v -0.024965 0.053905 0.255644
v -0.014085 0.037077 0.256839
v -0.013857 0.029538 0.260613
v -0.013857 0.029538 0.260613
v -0.013888 0.030754 0.262419
v -0.024268 0.030454 0.262446
v -0.024239 0.029238 0.260640
v -0.024192 0.032879 0.317187
v -0.024226 0.033854 0.315250
v -0.013844 0.034154 0.315223
v -0.013811 0.033181 0.317159
v 0.299033 0.114105 0.188820
v 0.284653 0.120876 0.181049
v 0.291953 0.120876 0.167541
v 0.306335 0.114105 0.175312
v 0.294884 0.124206 0.169124
v 0.291953 0.120876 0.167541
v 0.287157 0.134039 0.164949
v 0.291300 0.134039 0.167188
v 0.287147 0.154744 0.182396
v 0.299033 0.160341 0.188820
v 0.306335 0.160341 0.175312
v 0.294449 0.154744 0.168888
v 0.297378 0.151414 0.170473
v 0.294449 0.154744 0.168888
v 0.306335 0.160341 0.175312
v 0.306335 0.155631 0.175312
v 0.313415 0.153570 0.196594
v 0.320716 0.153570 0.183086
v 0.318338 0.134387 0.199255
v 0.314448 0.123712 0.197152
v 0.321749 0.123712 0.183644
v 0.325638 0.134387 0.185747
v 0.321495 0.134387 0.183508
v 0.325638 0.134387 0.185747
v 0.321749 0.123712 0.183644
v 0.318820 0.127042 0.182061
v 0.315291 0.123032 0.180154
v 0.318220 0.119702 0.181737
v 0.306335 0.114105 0.175312
v 0.306335 0.118815 0.175312
v 0.282898 0.150261 0.188602
v 0.279182 0.140059 0.186594
v 0.308056 0.124185 0.202200
v 0.311773 0.134387 0.204208
v 0.283591 0.154744 0.188977
v 0.286427 0.154271 0.190509
v 0.295477 0.158533 0.195400
v 0.295477 0.160341 0.195400
v 0.307363 0.119702 0.201824
v 0.304527 0.120174 0.200292
v 0.295477 0.115913 0.195400
v 0.295477 0.114105 0.195400
v 0.279857 0.134039 0.178456
v 0.287157 0.134039 0.164949
v 0.318212 0.140407 0.199186
v 0.325512 0.140407 0.185678
v 0.276174 0.140059 0.184967
v 0.280064 0.150734 0.187070
v 0.307022 0.153097 0.201640
v 0.309858 0.153570 0.203173
v 0.310920 0.119702 0.195245
v 0.318220 0.119702 0.181737
v 0.311646 0.140407 0.204141
v 0.314654 0.140407 0.205766
v 0.281097 0.120876 0.187628
v 0.283933 0.121349 0.189160
v 0.279308 0.134039 0.186661
v 0.276301 0.134039 0.185036
v 0.320716 0.153570 0.183086
v 0.317785 0.150238 0.181503
v 0.314781 0.134387 0.205835
v 0.310891 0.123712 0.203732
v 0.296473 0.155541 0.165921
v 0.297378 0.151414 0.170473
v 0.306335 0.155631 0.175312
v 0.308034 0.160986 0.172169
v 0.291174 0.140059 0.167119
v 0.287030 0.140059 0.164880
v 0.290920 0.150734 0.166983
v 0.293851 0.147402 0.168566
v 0.325512 0.140407 0.185678
v 0.321368 0.140407 0.183439
v 0.288464 0.140884 0.161591
v 0.291174 0.140059 0.167119
v 0.293851 0.147402 0.168566
v 0.291918 0.150364 0.163458
v 0.319594 0.118905 0.178418
v 0.315291 0.123032 0.180154
v 0.306335 0.118815 0.175312
v 0.308034 0.113461 0.172169
v 0.293252 0.120421 0.164180
v 0.294884 0.124206 0.169124
v 0.291300 0.134039 0.167188
v 0.288628 0.133112 0.161680
v 0.327603 0.133563 0.182746
v 0.321495 0.134387 0.183508
v 0.318820 0.127042 0.182061
v 0.324150 0.124081 0.180879
v 0.317785 0.150238 0.181503
v 0.322815 0.154026 0.180158
v 0.321368 0.140407 0.183439
v 0.327440 0.141333 0.182657
v 0.316014 0.140633 0.206500
v 0.316150 0.134187 0.206574
v 0.274806 0.140260 0.184228
v 0.276174 0.140059 0.184967
v 0.279730 0.140059 0.178387
v 0.278362 0.140260 0.177648
v 0.274941 0.133813 0.184302
v 0.274806 0.140260 0.184228
v 0.319570 0.140633 0.199920
v 0.318212 0.140407 0.199186
v 0.314654 0.140407 0.205766
v 0.316014 0.140633 0.206500
v 0.291174 0.140059 0.167119
v 0.288464 0.140884 0.161591
v 0.279730 0.140059 0.178387
v 0.283620 0.150734 0.180489
v 0.290920 0.150734 0.166983
v 0.287030 0.140059 0.164880
v 0.276174 0.140059 0.184967
v 0.280064 0.150734 0.187070
v 0.283620 0.150734 0.180489
v 0.279730 0.140059 0.178387
v 0.287030 0.140059 0.164880
v 0.279730 0.140059 0.178387
v 0.307363 0.119702 0.201824
v 0.295477 0.114105 0.195400
v 0.299033 0.114105 0.188820
v 0.310920 0.119702 0.195245
v 0.309858 0.153570 0.203173
v 0.314654 0.140407 0.205766
v 0.318212 0.140407 0.199186
v 0.313415 0.153570 0.196594
v 0.281097 0.120876 0.187628
v 0.276301 0.134039 0.185036
v 0.279857 0.134039 0.178456
v 0.284653 0.120876 0.181049
v 0.314781 0.134387 0.205835
v 0.310891 0.123712 0.203732
v 0.314448 0.123712 0.197152
v 0.318338 0.134387 0.199255
v 0.295477 0.160341 0.195400
v 0.299033 0.160341 0.188820
v 0.283591 0.154744 0.188977
v 0.287147 0.154744 0.182396
v 0.278362 0.140260 0.177648
v 0.278498 0.133813 0.177722
v 0.274941 0.133813 0.184302
v 0.274806 0.140260 0.184228
v 0.286305 0.155986 0.181942
v 0.282528 0.151692 0.179898
v 0.278971 0.151692 0.186480
v 0.282749 0.155986 0.188522
v 0.319707 0.134187 0.199993
v 0.319570 0.140633 0.199920
v 0.316014 0.140633 0.206500
v 0.316150 0.134187 0.206574
v 0.311762 0.118460 0.195700
v 0.315541 0.122754 0.197742
v 0.311985 0.122754 0.204322
v 0.308205 0.118460 0.202280
v 0.311762 0.118460 0.195700
v 0.310920 0.119702 0.195245
v 0.314448 0.123712 0.197152
v 0.315541 0.122754 0.197742
v 0.319707 0.134187 0.199993
v 0.318338 0.134387 0.199255
v 0.318212 0.140407 0.199186
v 0.319570 0.140633 0.199920
v 0.282749 0.155986 0.188522
v 0.283591 0.154744 0.188977
v 0.287147 0.154744 0.182396
v 0.286305 0.155986 0.181942
v 0.286305 0.155986 0.181942
v 0.287147 0.154744 0.182396
v 0.283620 0.150734 0.180489
v 0.282528 0.151692 0.179898
v 0.282528 0.151692 0.179898
v 0.283620 0.150734 0.180489
v 0.280064 0.150734 0.187070
v 0.278971 0.151692 0.186480
v 0.315541 0.122754 0.197742
v 0.314448 0.123712 0.197152
v 0.310891 0.123712 0.203732
v 0.311985 0.122754 0.204322
v 0.278362 0.140260 0.177648
v 0.279730 0.140059 0.178387
v 0.279857 0.134039 0.178456
v 0.278498 0.133813 0.177722
v 0.278971 0.151692 0.186480
v 0.282749 0.155986 0.188522
v 0.316150 0.134187 0.206574
v 0.314781 0.134387 0.205835
v 0.318338 0.134387 0.199255
v 0.319707 0.134187 0.199993
v 0.311985 0.122754 0.204322
v 0.308205 0.118460 0.202280
v 0.308205 0.118460 0.202280
v 0.307363 0.119702 0.201824
v 0.310920 0.119702 0.195245
v 0.311762 0.118460 0.195700
v 0.278498 0.133813 0.177722
v 0.279857 0.134039 0.178456
v 0.276301 0.134039 0.185036
v 0.274941 0.133813 0.184302
v 0.298297 0.150473 0.155376
v 0.303616 0.155484 0.154906
v 0.338328 0.140730 0.159190
v 0.338286 0.133046 0.160377
v 0.298932 0.120857 0.160001
v 0.288628 0.133112 0.161680
v 0.294058 0.133503 0.157761
v 0.334089 0.123760 0.161574
v 0.328770 0.118749 0.162044
v 0.288464 0.140884 0.161591
v 0.294101 0.141185 0.156573
v 0.333454 0.153376 0.156950
v 0.315496 0.113639 0.162073
v 0.316890 0.160594 0.154879
v 0.294101 0.141185 0.156573
v 0.288464 0.140884 0.161591
v -0.039181 0.105145 0.261940
v -0.039174 0.109444 0.272542
v -0.049098 0.109179 0.272656
v -0.049105 0.104880 0.262054
v -0.039779 0.131351 0.270877
v -0.039976 0.135032 0.262171
v -0.049902 0.134767 0.262285
v -0.049703 0.131084 0.270991
v -0.039984 0.130733 0.251566
v -0.049908 0.130468 0.251680
v -0.039695 0.118361 0.247853
v -0.039479 0.111439 0.250658
v -0.049403 0.111173 0.250772
v -0.049620 0.118095 0.247967
v -0.034861 0.128577 0.271309
v -0.034652 0.121962 0.273991
v -0.034628 0.111858 0.252689
v -0.034835 0.118473 0.250009
v -0.034944 0.131479 0.270823
v -0.034960 0.131189 0.268736
v -0.035111 0.133992 0.262105
v -0.035141 0.135160 0.262114
v -0.034545 0.108956 0.253177
v -0.034529 0.109247 0.255264
v -0.034378 0.106443 0.261893
v -0.034346 0.105275 0.261885
v -0.039360 0.117926 0.276134
v -0.049285 0.117662 0.276248
v -0.039798 0.122251 0.247976
v -0.049722 0.121986 0.248090
v -0.034627 0.121946 0.276201
v -0.034845 0.128868 0.273396
v -0.035116 0.130542 0.253594
v -0.035150 0.130863 0.251512
v -0.039379 0.108828 0.253231
v -0.049304 0.108562 0.253345
v -0.034938 0.122363 0.250131
v -0.034963 0.122381 0.247920
v -0.034339 0.109574 0.272488
v -0.034372 0.109895 0.270406
v -0.034551 0.118072 0.273867
v -0.034524 0.118055 0.276078
v -0.034861 0.118489 0.247797
v -0.034644 0.111568 0.250604
v -0.034979 0.122533 0.246922
v -0.034869 0.118367 0.246791
v -0.034619 0.122068 0.277209
v -0.034627 0.121946 0.276201
v -0.039463 0.121818 0.276257
v -0.039453 0.121940 0.277263
v -0.034510 0.117902 0.277076
v -0.034619 0.122068 0.277209
v -0.039814 0.122405 0.246979
v -0.039798 0.122251 0.247976
v -0.034963 0.122381 0.247920
v -0.034979 0.122533 0.246922
v -0.039463 0.121818 0.276257
v -0.039679 0.128738 0.273450
v -0.049604 0.128473 0.273566
v -0.049386 0.121551 0.276371
v -0.034627 0.121946 0.276201
v -0.034845 0.128868 0.273396
v -0.039679 0.128738 0.273450
v -0.039463 0.121818 0.276257
v -0.034545 0.108956 0.253177
v -0.034346 0.105275 0.261885
v -0.039181 0.105145 0.261940
v -0.039379 0.108828 0.253231
v -0.035150 0.130863 0.251512
v -0.034963 0.122381 0.247920
v -0.039798 0.122251 0.247976
v -0.039984 0.130733 0.251566
v -0.034339 0.109574 0.272488
v -0.034524 0.118055 0.276078
v -0.039360 0.117926 0.276134
v -0.039174 0.109444 0.272542
v -0.034861 0.118489 0.247797
v -0.034644 0.111568 0.250604
v -0.039479 0.111439 0.250658
v -0.039695 0.118361 0.247853
v -0.035141 0.135160 0.262114
v -0.039976 0.135032 0.262171
v -0.034944 0.131479 0.270823
v -0.039779 0.131351 0.270877
v -0.039453 0.121940 0.277263
v -0.039344 0.117772 0.277132
v -0.034510 0.117902 0.277076
v -0.034619 0.122068 0.277209
v -0.039793 0.132148 0.271503
v -0.039686 0.129352 0.274259
v -0.034851 0.129480 0.274203
v -0.034959 0.132278 0.271448
v -0.039703 0.118237 0.246845
v -0.039814 0.122405 0.246979
v -0.034979 0.122533 0.246922
v -0.034869 0.118367 0.246791
v -0.039365 0.108029 0.252607
v -0.039471 0.110827 0.249851
v -0.034636 0.110955 0.249795
v -0.034530 0.108159 0.252551
v -0.039365 0.108029 0.252607
v -0.039379 0.108828 0.253231
v -0.039479 0.111439 0.250658
v -0.039471 0.110827 0.249851
v -0.039703 0.118237 0.246845
v -0.039695 0.118361 0.247853
v -0.039798 0.122251 0.247976
v -0.039814 0.122405 0.246979
v -0.034959 0.132278 0.271448
v -0.034944 0.131479 0.270823
v -0.039779 0.131351 0.270877
v -0.039793 0.132148 0.271503
v -0.039793 0.132148 0.271503
v -0.039779 0.131351 0.270877
v -0.039679 0.128738 0.273450
v -0.039686 0.129352 0.274259
v -0.039686 0.129352 0.274259
v -0.039679 0.128738 0.273450
v -0.034845 0.128868 0.273396
v -0.034851 0.129480 0.274203
v -0.039471 0.110827 0.249851
v -0.039479 0.111439 0.250658
v -0.034644 0.111568 0.250604
v -0.034636 0.110955 0.249795
v -0.039453 0.121940 0.277263
v -0.039463 0.121818 0.276257
v -0.039360 0.117926 0.276134
v -0.039344 0.117772 0.277132
v -0.034851 0.129480 0.274203
v -0.034959 0.132278 0.271448
v -0.034869 0.118367 0.246791
v -0.034861 0.118489 0.247797
v -0.039695 0.118361 0.247853
v -0.039703 0.118237 0.246845
v -0.034636 0.110955 0.249795
v -0.034530 0.108159 0.252551
v -0.034530 0.108159 0.252551
v -0.034545 0.108956 0.253177
v -0.039379 0.108828 0.253231
v -0.039365 0.108029 0.252607
v -0.039344 0.117772 0.277132
v -0.039360 0.117926 0.276134
v -0.034524 0.118055 0.276078
v -0.034510 0.117902 0.277076
vn -0.0000 1.0000 -0.0000
vn -0.5795 0.8150 -0.0000
vn -0.7014 0.7128 -0.0000
vn -0.7691 0.6391 -0.0000
vn 0.7121 0.7020 -0.0000
vn 0.7121 0.7021 -0.0000
vn 1.0000 -0.0000 -0.0000
vn 0.7887 -0.6147 -0.0000
vn -0.0000 -1.0000 -0.0000
vn -1.0000 -0.0000 -0.0000
vn -0.7020 0.7122 -0.0000
vn -0.8240 -0.5665 -0.0000
vn -0.8240 -0.5666 -0.0000
vn 0.7363 -0.6767 -0.0000
vn 0.8132 -0.5819 -0.0000
vn 0.7048 0.7094 -0.0000
vn 0.0050 -1.0000 -0.0000
vn 0.4430 -0.8965 -0.0000
vn 0.7014 -0.7128 -0.0000
vn 0.0060 -1.0000 -0.0000
vn 0.7691 -0.6391 -0.0000
vn -0.0051 -1.0000 -0.0000
vn -0.7167 -0.6974 -0.0000
vn -1.0000 0.0020 -0.0000
vn -0.7887 0.6147 -0.0000
vn -1.0000 0.0009 -0.0000
vn 0.0012 1.0000 -0.0000
vn 0.0056 -1.0000 -0.0000
vn 1.0000 -0.0042 -0.0000
vn 0.7020 -0.7122 -0.0000
vn -0.0001 -1.0000 -0.0000
vn 1.0000 0.0013 -0.0000
vn 0.7883 0.6153 -0.0000
vn 0.0077 1.0000 -0.0000
vn -0.7363 0.6767 -0.0000
vn -0.0062 1.0000 -0.0000
vn -0.7994 0.6008 -0.0000
vn -1.0000 0.0016 -0.0000
vn -0.7048 -0.7094 -0.0000
vn 0.0070 -1.0000 -0.0000
vn -0.0000 -0.0000 1.0000
vn -0.0000 -0.0000 -1.0000
vn 0.7758 -0.6310 -0.0000
vn 0.7758 -0.6309 -0.0000
vn -0.7461 -0.6659 -0.0000
vn -0.9998 -0.0185 -0.0000
vn -0.7881 0.6155 -0.0000
vn 0.0017 1.0000 -0.0000
vn 0.7461 0.6659 -0.0000
vn 0.0162 0.9999 -0.0000
vn 0.6114 -0.0000 -0.7913
vn -0.4762 -0.0000 0.8793
vn -0.4762 -0.0000 -0.8793
vn 0.6113 -0.0000 0.7914
vn 0.7758 0.6309 -0.0000
vn -0.6402 0.7682 -0.0000
vn -0.9998 0.0185 -0.0000
vn -0.7881 -0.6155 -0.0000
vn 0.0066 -1.0000 -0.0000
vn 0.6402 -0.7682 -0.0000
vn 0.0088 -1.0000 0.0001
vn 0.0088 -1.0000 -0.0000
vn -0.0002 -1.0000 -0.0002
vn -0.0002 -1.0000 -0.0004
vn -0.0001 -1.0000 0.0002
vn -0.0000 -1.0000 -0.0002
vn -0.0000 -1.0000 0.0002
vn 0.6114 -0.0000 0.7914
vn 0.8760 0.4823 -0.0000
vn 0.1785 -0.0000 0.9839
vn 0.1785 -0.0000 -0.9839
vn -0.0000 -0.7071 0.7071
vn -0.0000 0.7071 0.7071
vn -0.0000 0.7071 -0.7071
vn -0.0000 -0.7071 -0.7071
vn 0.8760 -0.4823 -0.0000
vn -0.0000 0.7072 -0.7070
vn -0.0000 0.7072 0.7070
vn -0.0000 0.7070 -0.7072
vn -0.0000 0.7070 0.7072
vn 0.7396 -0.6730 -0.0000
vn -0.6028 -0.7979 -0.0000
vn 0.7473 0.6645 -0.0000
vn 0.0040 1.0000 -0.0000
vn -0.7396 0.6730 -0.0000
vn -0.0023 1.0000 -0.0000
vn 0.6107 0.7918 -0.0000
vn 0.6108 0.7918 -0.0000
vn 0.9917 -0.1289 -0.0000
vn -0.0176 -0.9998 -0.0050
vn -0.0176 -0.9998 0.0050
vn -0.7472 -0.6645 0.0057
vn -0.7472 -0.6645 -0.0057
vn 1.0000 0.0062 -0.0000
vn 0.0568 -0.9984 -0.0000
vn 0.0559 -0.0122 -0.9984
vn -0.0798 0.0166 -0.9967
vn -0.0798 0.0166 0.9967
vn -0.1267 -0.0000 0.9919
vn -0.0225 -0.0000 0.9997
vn 0.0158 -0.0000 -0.9999
vn 0.0892 -0.0000 -0.9960
vn 0.0559 -0.0122 0.9984
vn 0.0892 -0.0000 0.9960
vn 0.0158 -0.0000 0.9999
vn -0.0225 -0.0000 -0.9997
vn -0.1268 -0.0000 -0.9919
vn 0.3827 0.9239 -0.0000
vn -0.3827 0.9239 -0.0000
vn 0.9239 0.3827 -0.0000
vn 0.9239 -0.3827 -0.0000
vn -0.9239 -0.3827 -0.0000
vn -0.9239 0.3827 -0.0000
vn 0.3827 -0.9239 -0.0000
vn -0.3827 -0.9239 -0.0000
vn -0.3826 0.9239 -0.0000
vn 0.9239 -0.3826 -0.0000
vn -0.1748 -0.9846 -0.0000
vn -0.9947 0.1033 -0.0000
vn -0.3444 -0.9388 -0.0000
vn -0.1750 -0.9846 -0.0000
vn -0.9239 0.3826 -0.0000
vn 0.3826 -0.9239 -0.0000
vn 0.3826 0.9239 -0.0000
vn -0.9239 -0.3826 -0.0000
vn -0.9946 0.1033 -0.0000
vn 0.9968 -0.0800 -0.0000
vn -0.4327 0.9016 -0.0000
vn -0.0712 0.9975 -0.0000
vn 0.9801 0.1983 -0.0000
vn 0.8304 0.5572 -0.0000
vn 0.3839 0.9234 -0.0000
vn 0.9308 0.3656 -0.0000
vn 0.3844 0.9232 -0.0000
vn 0.1600 0.9865 -0.0357
vn 0.0027 0.7221 0.6918
vn 0.0569 0.7200 0.6916
vn 0.1808 0.9824 -0.0468
vn 0.1531 0.9832 -0.0995
vn -0.0135 0.7687 0.6395
vn -0.6142 0.6618 -0.4299
vn -0.1665 0.9858 0.0227
vn -0.1587 0.9872 0.0150
vn -0.6352 0.6449 -0.4249
vn -0.5688 0.6784 -0.4650
vn -0.1798 0.9819 0.0592
vn -0.5142 0.6937 -0.5044
vn -0.2222 0.9685 0.1122
vn -0.4692 0.6951 -0.5448
vn -0.2703 0.9516 0.1459
vn -0.4003 0.6943 -0.5981
vn -0.2803 0.9503 0.1357
vn -0.3166 0.6909 -0.6500
vn -0.2419 0.9669 0.0810
vn -0.2205 0.6876 -0.6918
vn -0.1604 0.9868 0.0210
vn -0.0921 0.6823 -0.7253
vn -0.0372 0.9986 -0.0380
vn 0.0348 0.6753 -0.7367
vn 0.0829 0.9941 -0.0697
vn 0.1328 0.6704 -0.7300
vn 0.1571 0.9855 -0.0639
vn 0.1999 0.6690 -0.7159
vn 0.2249 0.6689 -0.7085
vn 0.2261 0.6569 -0.7193
vn -0.7321 -0.1378 -0.6671
vn -0.7523 -0.1666 -0.6374
vn -0.6430 -0.1138 -0.7573
vn -0.4967 -0.0791 -0.8643
vn -0.3583 -0.0536 -0.9321
vn -0.2509 -0.0417 -0.9671
vn -0.1904 -0.0331 -0.9811
vn -0.1502 -0.0263 -0.9883
vn -0.1008 -0.0173 -0.9948
vn -0.0411 -0.0114 -0.9991
vn 0.0285 -0.0113 -0.9995
vn 0.1045 -0.0074 -0.9945
vn 0.1643 -0.0034 -0.9864
vn 0.1880 0.0354 -0.9815
vn 0.0893 0.7235 0.6845
vn 0.0827 0.7250 0.6838
vn 0.0415 0.7164 0.6965
vn -0.0054 0.7021 0.7121
vn -0.0342 0.6886 0.7243
vn -0.0171 0.6860 0.7274
vn 0.0489 0.7158 0.6966
vn 0.1580 0.7646 0.6248
vn 0.2655 0.8086 0.5250
vn 0.3120 0.8373 0.4490
vn 0.3393 0.8303 0.4421
vn -0.1684 0.0516 0.9844
vn -0.1498 0.0175 0.9886
vn -0.0935 0.0100 0.9956
vn -0.0248 -0.0023 0.9997
vn 0.0400 -0.0167 0.9991
vn 0.1013 -0.0222 0.9946
vn 0.1557 -0.0081 0.9878
vn 0.1964 0.0114 0.9805
vn 0.2677 0.0333 0.9629
vn 0.3702 0.0666 0.9266
vn 0.5011 0.1081 0.8586
vn 0.6279 0.1438 0.7649
vn 0.6843 0.1735 0.7082
vn 0.6971 0.1500 0.7011
vn -0.2146 -0.6775 0.7035
vn -0.2142 -0.6627 0.7176
vn -0.1839 -0.6633 0.7254
vn -0.1156 -0.6765 0.7273
vn -0.0215 -0.6953 0.7184
vn 0.0970 -0.7096 0.6979
vn 0.2166 -0.7102 0.6699
vn 0.3083 -0.7032 0.6407
vn 0.3911 -0.6911 0.6077
vn 0.4642 -0.6786 0.5692
vn 0.5228 -0.6642 0.5344
vn 0.5726 -0.6607 0.4853
vn 0.5820 -0.6692 0.4619
vn 0.5830 -0.6600 0.4738
vn -0.1276 -0.9916 -0.0231
vn -0.1626 -0.9856 0.0469
vn -0.1813 -0.9811 0.0669
vn -0.1523 -0.9852 0.0785
vn -0.0781 -0.9944 0.0718
vn 0.0359 -0.9986 0.0396
vn 0.1523 -0.9883 -0.0114
vn 0.2328 -0.9703 -0.0659
vn 0.2743 -0.9561 -0.1027
vn 0.2730 -0.9550 -0.1158
vn 0.2372 -0.9683 -0.0781
vn 0.1932 -0.9804 -0.0399
vn 0.1523 -0.9881 -0.0204
vn 0.1504 -0.9886 0.0017
vn 0.0482 -0.6606 -0.7492
vn -0.0004 -0.7188 -0.6952
vn -0.0642 -0.7294 -0.6811
vn -0.1005 -0.7346 -0.6710
vn -0.0952 -0.7356 -0.6707
vn -0.0504 -0.7328 -0.6786
vn 0.0044 -0.7201 -0.6938
vn 0.0378 -0.7028 -0.7104
vn 0.0303 -0.6994 -0.7141
vn -0.0383 -0.7177 -0.6953
vn -0.1537 -0.7679 -0.6219
vn -0.2727 -0.8100 -0.5192
vn -0.3449 -0.8255 -0.4467
vn -0.3516 -0.8396 -0.4141
vn 0.1880 0.0353 -0.9815
vn 0.1045 -0.0076 -0.9945
vn -0.1008 -0.0174 -0.9948
vn -0.7322 -0.1378 -0.6670
vn 0.3401 0.0724 -0.9376
vn 0.4280 0.6154 -0.6619
vn 0.3975 0.6346 -0.6628
vn 0.2406 -0.0036 -0.9706
vn 0.2805 0.6478 -0.7083
vn 0.0561 -0.0187 -0.9982
vn 0.0700 0.6713 -0.7379
vn -0.0973 -0.0248 -0.9949
vn -0.2099 0.6652 -0.7165
vn -0.2162 -0.0419 -0.9754
vn -0.4565 0.6234 -0.6348
vn -0.3061 -0.0551 -0.9504
vn -0.6018 0.5782 -0.5509
vn -0.3767 -0.0652 -0.9240
vn -0.6727 0.5477 -0.4974
vn -0.4144 -0.0699 -0.9074
vn -0.6800 0.5536 -0.4808
vn -0.4455 -0.0612 -0.8932
vn -0.6313 0.5966 -0.4954
vn -0.5087 -0.0541 -0.8592
vn -0.6203 0.6063 -0.4976
vn -0.6211 -0.0902 -0.7785
vn -0.6581 0.5626 -0.5004
vn -0.6911 -0.0958 -0.7164
vn 0.3483 0.9292 -0.1240
vn 0.3367 0.9413 -0.0233
vn 0.3300 0.9425 -0.0534
vn 0.1827 0.9810 -0.0650
vn -0.0768 0.9966 -0.0285
vn -0.3319 0.9426 0.0376
vn -0.4748 0.8746 0.0984
vn -0.5423 0.8285 0.1395
vn -0.5312 0.8336 0.1517
vn -0.4057 0.9069 0.1133
vn -0.2696 0.9612 0.0577
vn -0.2876 0.9575 -0.0202
vn 0.0642 0.7988 0.5981
vn 0.0853 0.7124 0.6965
vn 0.1862 0.7029 0.6865
vn 0.1818 0.7045 0.6860
vn 0.1072 0.7038 0.7022
vn 0.0080 0.6976 0.7165
vn -0.0604 0.6840 0.7270
vn -0.1003 0.6692 0.7362
vn -0.0931 0.6746 0.7323
vn 0.0407 0.7233 0.6893
vn 0.2428 0.7590 0.6041
vn 0.2864 0.8061 0.5179
vn -0.2805 0.0858 0.9560
vn -0.2024 0.0240 0.9790
vn -0.0574 -0.0046 0.9983
vn 0.0801 -0.0295 0.9964
vn 0.2163 -0.0356 0.9757
vn 0.3279 -0.0032 0.9447
vn 0.3969 0.0339 0.9172
vn 0.4305 0.0537 0.9010
vn 0.4285 0.0737 0.9005
vn 0.4695 0.0999 0.8772
vn 0.6019 0.1096 0.7910
vn 0.6758 0.1300 0.7255
vn -0.4121 -0.6213 0.6664
vn -0.3643 -0.6178 0.6968
vn -0.2420 -0.6560 0.7149
vn -0.0501 -0.6955 0.7168
vn 0.1966 -0.7036 0.6829
vn 0.4275 -0.6575 0.6204
vn 0.5769 -0.5994 0.5549
vn 0.6567 -0.5625 0.5024
vn 0.6684 -0.5527 0.4978
vn 0.6233 -0.5640 0.5416
vn 0.6238 -0.5710 0.5337
vn 0.6408 -0.5944 0.4858
vn -0.2949 -0.9548 -0.0373
vn -0.3517 -0.9334 0.0712
vn -0.3150 -0.9452 0.0862
vn -0.1624 -0.9834 0.0813
vn 0.0788 -0.9960 0.0430
vn 0.3163 -0.9485 -0.0184
vn 0.4623 -0.8832 -0.0786
vn 0.5341 -0.8356 -0.1281
vn 0.5366 -0.8311 -0.1460
vn 0.4312 -0.8976 -0.0919
vn 0.3077 -0.9513 -0.0204
vn 0.2171 -0.9747 -0.0525
vn 0.0547 -0.6252 -0.7785
vn -0.1081 -0.7260 -0.6791
vn -0.2185 -0.7255 -0.6526
vn -0.2007 -0.7353 -0.6473
vn -0.0923 -0.7445 -0.6612
vn 0.0276 -0.7237 -0.6895
vn 0.0907 -0.6959 -0.7124
vn 0.1208 -0.6719 -0.7308
vn 0.0978 -0.6649 -0.7405
vn -0.0410 -0.7107 -0.7023
vn -0.2285 -0.7710 -0.5944
vn -0.3568 -0.7441 -0.5648
vn 0.3401 0.0723 -0.9376
vn 0.0561 -0.0187 -0.9983
vn -0.3061 -0.0552 -0.9504
vn -0.4143 -0.0699 -0.9074
vn -0.5087 -0.0541 -0.8593
vn -0.8712 -0.4909 -0.0000
vn -0.8798 -0.4754 -0.0000
vn -0.7071 -0.0000 -0.7071
vn -0.7072 -0.0000 -0.7071
vn -0.7072 -0.0000 0.7070
vn -0.7072 -0.0000 0.7071
vn 0.7071 -0.0000 0.7071
vn 1.0000 -0.0000 0.0001
vn 0.7071 -0.0000 -0.7071
vn 0.0001 -1.0000 -0.0000
vn 0.0001 1.0000 -0.0000
vn -0.7072 -0.0000 -0.7070
vn 0.7070 -0.0000 0.7072
vn 0.7070 -0.0000 -0.7072
vn -0.0002 -1.0000 -0.0000
vn -0.0001 1.0000 -0.0000
vn 0.7069 -0.0000 -0.7073
vn 0.7069 -0.0000 0.7073
vn -0.7071 -0.0000 0.7071
vn -0.6221 -0.7071 -0.3362
vn 0.4755 -0.0000 -0.8797
vn 0.4753 -0.0002 -0.8798
vn -0.4393 0.8664 -0.2374
vn -0.4887 0.8315 -0.2641
vn 0.6221 0.7071 0.3362
vn 0.8513 -0.2520 0.4601
vn 0.7622 -0.4993 0.4120
vn 0.7314 -0.5556 0.3953
vn 0.8648 -0.1834 0.4674
vn 0.4756 -0.0000 -0.8797
vn 0.4755 -0.0001 -0.8797
vn 0.4754 0.0001 -0.8798
vn -0.4755 -0.0000 0.8797
vn -0.4755 -0.0001 0.8797
vn -0.4756 0.0004 0.8797
vn -0.4754 -0.0002 0.8798
vn -0.4754 -0.0000 0.8797
vn -0.8478 -0.2671 -0.4582
vn -0.8607 -0.2068 -0.4652
vn 0.8478 0.2671 0.4582
vn 0.8607 0.2068 0.4652
vn -0.4756 0.0002 0.8796
vn 0.4393 -0.8664 0.2374
vn 0.4887 -0.8315 0.2641
vn -0.4754 -0.0000 0.8798
vn -0.4754 0.0002 0.8798
vn 0.4755 0.0001 -0.8797
vn -0.4757 0.0001 0.8796
vn -0.6591 0.7433 0.1144
vn -0.6685 0.4800 0.5681
vn -0.3955 0.5552 0.7317
vn -0.1948 0.9096 0.3670
vn 0.4756 -0.0000 -0.8796
vn 0.4756 0.0001 -0.8797
vn -0.8867 0.1044 0.4504
vn -0.8863 0.1071 0.4506
vn -0.8110 0.3179 0.4911
vn -0.8737 0.4830 -0.0579
vn 0.2351 -0.7366 0.6342
vn -0.1090 -0.4799 0.8705
vn -0.3954 -0.5553 0.7316
vn -0.2171 -0.9161 0.3371
vn -0.7590 -0.6453 -0.0861
vn -0.7408 -0.3926 0.5450
vn -0.8849 -0.1209 0.4499
vn -0.8853 -0.1183 0.4497
vn 0.5894 -0.1498 0.7938
vn 0.1085 -0.1071 0.9883
vn 0.0334 -0.3179 0.9475
vn 0.4616 -0.4855 0.7424
vn -0.0504 0.3925 0.9184
vn 0.3820 0.6423 0.6644
vn 0.1084 0.1209 0.9867
vn 0.5885 0.1953 0.7846
vn -0.4752 -0.0000 0.8799
vn 0.1127 0.9918 0.0609
vn 0.1127 0.9918 0.0610
vn -0.4757 -0.0000 0.8796
vn -0.4758 -0.0000 0.8796
vn -0.1272 0.9895 -0.0687
vn -0.1273 0.9895 -0.0688
vn -0.4754 0.0001 0.8798
vn -0.4756 0.0001 0.8796
vn -0.4755 0.0001 0.8797
vn 0.4756 0.0002 -0.8797
vn 0.4753 0.0001 -0.8798
vn -0.8513 0.2520 -0.4602
vn -0.7622 0.4993 -0.4120
vn -0.7315 0.5556 -0.3953
vn -0.8648 0.1833 -0.4674
vn -0.8128 0.3827 -0.4392
vn -0.8128 0.3826 -0.4393
vn -0.8513 0.2520 -0.4601
vn 0.3366 -0.9239 0.1820
vn 0.8128 0.3827 0.4393
vn -0.6220 -0.7071 -0.3362
vn -0.8127 -0.3827 -0.4393
vn 0.8127 -0.3827 0.4393
vn -0.3367 0.9239 -0.1819
vn -0.8795 -0.0238 -0.4753
vn -0.8794 -0.0240 -0.4755
vn -0.6221 0.7071 -0.3362
vn -0.6221 0.7070 -0.3363
vn 0.8794 0.0238 0.4755
vn 0.8795 0.0240 0.4753
vn 0.6220 -0.7072 0.3362
vn 0.4756 -0.0001 -0.8797
vn 0.4753 -0.0000 -0.8798
vn 0.4754 -0.0000 -0.8798
vn 0.6965 0.6109 0.3764
vn 0.6967 0.6105 0.3766
vn 0.4754 -0.0001 -0.8798
vn 0.4758 -0.0003 -0.8796
vn -0.5373 -0.7918 -0.2905
vn -0.5372 -0.7919 -0.2903
vn 0.5371 0.7919 0.2904
vn 0.5372 0.7919 0.2904
vn -0.1128 -0.9918 -0.0609
vn -0.1128 -0.9917 -0.0610
vn -0.4756 0.0003 0.8796
vn -0.6966 -0.6107 -0.3765
vn 0.1269 -0.9895 0.0686
vn -0.6565 0.5512 -0.5150
vn -0.4400 0.8504 -0.2883
vn 0.8859 0.2231 0.4068
vn 0.8922 -0.1337 0.4314
vn -0.4234 -0.7341 -0.5309
vn -0.5872 -0.2063 -0.7827
vn -0.5864 -0.2088 -0.7827
vn 0.7721 -0.4933 0.4005
vn 0.5407 -0.7833 0.3068
vn -0.6766 0.1103 -0.7280
vn -0.6860 0.1558 -0.7107
vn 0.6784 0.6712 0.2989
vn 0.1304 -0.9909 0.0344
vn 0.1105 0.9937 0.0198
vn 0.0266 -0.9484 -0.3159
vn 0.0271 -0.8939 0.4475
vn -0.0173 0.6641 0.7475
vn -0.0266 0.9484 0.3159
vn -0.0266 0.9484 0.3160
vn -0.0157 0.6132 0.7898
vn -0.0270 0.8939 -0.4475
vn -0.0046 0.0666 -0.9978
vn 0.0032 -0.2000 -0.9798
vn 0.0051 -0.2645 -0.9644
vn -0.0066 0.1365 -0.9906
vn 0.9996 0.0290 -0.0027
vn 0.9996 0.0288 -0.0028
vn 0.9996 0.0292 -0.0025
vn 0.9996 0.0291 -0.0026
vn 0.0184 -0.5576 0.8299
vn 0.0170 -0.5051 0.8629
vn -0.0184 0.5576 -0.8299
vn -0.0169 0.5051 -0.8629
vn 0.9996 0.0290 -0.0028
vn 0.9996 0.0292 -0.0026
vn 0.9996 0.0293 -0.0027
vn 0.0172 -0.6641 -0.7475
vn 0.0157 -0.6132 -0.7897
vn 0.9996 0.0291 -0.0028
vn 0.9996 0.0289 -0.0025
vn 0.9996 0.0289 -0.0028
vn 0.9996 0.0288 -0.0026
vn 0.9996 0.0289 -0.0027
vn 0.9996 0.0286 -0.0026
vn 0.9996 0.0291 -0.0027
vn 0.9996 0.0289 -0.0026
vn 0.9996 0.0290 -0.0025
vn 0.9996 0.0290 -0.0024
vn -0.0278 0.9811 0.1917
vn -0.0247 0.8929 0.4496
vn -0.0247 0.8927 0.4501
vn 0.9996 0.0288 -0.0025
vn 0.9996 0.0288 -0.0027
vn 0.0046 -0.0666 0.9978
vn -0.0032 0.2000 0.9798
vn -0.0051 0.2644 0.9644
vn 0.0066 -0.1365 0.9906
vn 0.0006 0.0713 0.9975
vn 0.0007 0.0713 0.9975
vn 0.0201 -0.7554 -0.6550
vn 0.0265 -0.9484 -0.3160
vn 0.0265 -0.9484 -0.3159
vn -0.0272 0.8939 -0.4475
vn -0.0210 0.6546 -0.7557
vn 0.0209 -0.6547 0.7556
vn -0.0006 -0.0712 -0.9975
vn 0.0032 -0.1999 -0.9798
vn -0.0201 0.7554 0.6550
vn -0.0172 0.6641 0.7475
vn 0.0123 -0.3383 0.9409
vn 0.0123 -0.3384 0.9409
vn -0.0105 0.4474 0.8943
vn -0.0106 0.4473 0.8943
vn -0.0123 0.3382 -0.9410
vn -0.0124 0.3383 -0.9409
vn 0.0106 -0.4475 -0.8942
vn 0.0106 -0.4474 -0.8943
vn -0.9996 -0.0289 0.0028
vn -0.9996 -0.0287 0.0030
vn -0.9996 -0.0289 0.0027
vn -0.9996 -0.0290 0.0028
vn -0.0255 0.8293 -0.5583
vn -0.0255 0.8292 -0.5584
vn -0.0254 0.8291 -0.5585
vn -0.9996 -0.0290 0.0026
vn -0.9996 -0.0289 0.0031
vn 0.0283 -0.9438 0.3293
vn 0.0280 -0.9439 0.3291
vn -0.0283 0.9438 -0.3293
vn -0.9996 -0.0289 0.0026
vn 0.0278 -0.9811 -0.1916
vn 0.0278 -0.9811 -0.1917
vn 0.0254 -0.8291 0.5585
vn 0.0246 -0.8927 -0.4501
vn 0.0247 -0.8928 -0.4498
vn 0.4753 -0.0001 -0.8798
vn -0.4393 0.8664 -0.2375
vn -0.4887 0.8315 -0.2642
vn 0.4756 -0.0003 -0.8797
vn 0.8514 -0.2520 0.4601
vn 0.8648 -0.1833 0.4674
vn -0.4753 -0.0004 0.8798
vn -0.4753 -0.0000 0.8798
vn -0.4756 -0.0002 0.8797
vn -0.4756 -0.0000 0.8796
vn -0.4753 0.0001 0.8798
vn -0.4753 0.0004 0.8798
vn 0.4755 -0.0002 -0.8797
vn -0.6685 0.4800 0.5680
vn -0.8863 0.1070 0.4506
vn -0.1092 -0.4799 0.8705
vn -0.3955 -0.5551 0.7317
vn -0.7408 -0.3926 0.5451
vn -0.8848 -0.1209 0.4500
vn -0.8854 -0.1183 0.4495
vn 0.1088 -0.1071 0.9883
vn 0.0335 -0.3179 0.9475
vn -0.0501 0.3925 0.9184
vn 0.3820 0.6424 0.6644
vn 0.1085 0.1209 0.9867
vn 0.5885 0.1952 0.7846
vn -0.4752 0.0001 0.8799
vn 0.1129 0.9917 0.0609
vn -0.4754 0.0001 0.8797
vn -0.1270 0.9895 -0.0687
vn -0.1274 0.9895 -0.0689
vn -0.1269 0.9895 -0.0686
vn -0.4757 -0.0002 0.8796
vn -0.4753 -0.0002 0.8798
vn -0.4755 -0.0002 0.8797
vn 0.4755 -0.0004 -0.8797
vn 0.4755 0.0002 -0.8797
vn -0.8513 0.2521 -0.4601
vn -0.8648 0.1832 -0.4674
vn -0.8514 0.2520 -0.4601
vn 0.3367 -0.9239 0.1820
vn 0.6220 0.7071 0.3363
vn 0.8127 0.3827 0.4394
vn -0.8128 -0.3827 -0.4393
vn 0.8127 -0.3827 0.4394
vn -0.8795 -0.0239 -0.4753
vn -0.6220 0.7072 -0.3361
vn 0.8795 0.0239 0.4753
vn 0.8795 0.0240 0.4752
vn 0.6220 -0.7072 0.3361
vn 0.6219 -0.7072 0.3362
vn 0.4756 -0.0002 -0.8797
vn 0.6967 0.6107 0.3764
vn 0.6968 0.6104 0.3766
vn 0.4754 0.0001 -0.8797
vn -0.5374 -0.7918 -0.2903
vn -0.5373 -0.7919 -0.2903
vn 0.5372 0.7920 0.2902
vn 0.5371 0.7920 0.2903
vn 0.4754 -0.0001 -0.8797
vn -0.1130 -0.9917 -0.0610
vn -0.1130 -0.9917 -0.0609
vn -0.4754 -0.0001 0.8797
vn -0.4756 0.0002 0.8797
vn -0.6967 -0.6106 -0.3765
vn 0.1274 -0.9895 0.0689
vn 0.1271 -0.9895 0.0686
vn -0.4234 -0.7341 -0.5308
vn -0.6766 0.1102 -0.7281
vn -0.6860 0.1559 -0.7107
vn -0.6766 0.1103 -0.7281
vn 0.0266 -0.9996 -0.0077
vn 0.0270 -0.7121 0.7016
vn -0.0173 0.8623 0.5060
vn -0.0266 0.9996 0.0077
vn -0.0157 0.8270 0.5619
vn -0.0270 0.7120 -0.7016
vn -0.0270 0.7121 -0.7016
vn -0.0046 -0.2447 -0.9696
vn 0.0032 -0.4928 -0.8701
vn 0.0051 -0.5492 -0.8357
vn -0.0066 -0.1760 -0.9844
vn 0.9996 0.0264 -0.0113
vn 0.9996 0.0266 -0.0113
vn 0.9996 0.0266 -0.0114
vn 0.9996 0.0266 -0.0117
vn 0.9996 0.0265 -0.0115
vn 0.9996 0.0266 -0.0116
vn 0.9996 0.0268 -0.0114
vn 0.9996 0.0266 -0.0115
vn 0.9996 0.0267 -0.0115
vn 0.0184 -0.2741 0.9615
vn 0.0169 -0.2141 0.9767
vn -0.0184 0.2741 -0.9615
vn -0.0169 0.2140 -0.9767
vn 0.9996 0.0269 -0.0114
vn 0.0173 -0.8624 -0.5060
vn 0.0157 -0.8271 -0.5619
vn 0.9996 0.0267 -0.0114
vn 0.9996 0.0267 -0.0116
vn 0.9996 0.0268 -0.0115
vn 0.9996 0.0264 -0.0114
vn 0.9996 0.0267 -0.0113
vn -0.0278 0.9923 -0.1203
vn 0.9996 0.0265 -0.0113
vn -0.0247 0.9881 0.1520
vn -0.0247 0.9881 0.1521
vn 0.0046 0.2447 0.9696
vn -0.0032 0.4928 0.8702
vn -0.0050 0.5494 0.8356
vn 0.0066 0.1759 0.9844
vn 0.0006 0.3758 0.9267
vn 0.0007 0.3757 0.9267
vn -0.0033 0.4927 0.8702
vn 0.0201 -0.9207 -0.3898
vn 0.0265 -0.9996 -0.0078
vn 0.0267 -0.9996 -0.0077
vn 0.0172 -0.8624 -0.5059
vn -0.0271 0.7121 -0.7015
vn -0.0211 0.3894 -0.9208
vn -0.0270 0.7120 -0.7017
vn 0.0271 -0.7120 0.7016
vn 0.0210 -0.3893 0.9209
vn -0.0007 -0.3757 -0.9267
vn -0.0005 -0.3758 -0.9267
vn 0.0032 -0.4927 -0.8702
vn -0.0265 0.9996 0.0077
vn -0.0268 0.9996 0.0077
vn -0.0200 0.9207 0.3897
vn -0.0172 0.8624 0.5060
vn 0.0124 -0.0312 0.9994
vn 0.0123 -0.0313 0.9994
vn -0.0104 0.7017 0.7124
vn -0.0106 0.7016 0.7125
vn -0.0123 0.0313 -0.9994
vn -0.0121 0.0312 -0.9994
vn 0.0103 -0.7016 -0.7125
vn 0.0106 -0.7017 -0.7124
vn -0.9996 -0.0267 0.0115
vn -0.9996 -0.0267 0.0116
vn -0.9996 -0.0267 0.0117
vn -0.0253 0.6161 -0.7873
vn -0.0255 0.6163 -0.7871
vn -0.9996 -0.0269 0.0112
vn -0.9996 -0.0267 0.0114
vn 0.0282 -0.7960 0.6047
vn -0.0280 0.7960 -0.6046
vn -0.0279 0.7959 -0.6047
vn -0.0282 0.7962 -0.6044
vn -0.0282 0.7961 -0.6045
vn 0.9996 0.0265 -0.0114
vn 0.0277 -0.9924 0.1201
vn 0.0279 -0.9923 0.1206
vn 0.0254 -0.6164 0.7870
vn 0.0254 -0.6164 0.7871
vn 0.0255 -0.6162 0.7871
vn 0.0255 -0.6163 0.7871
vn 0.0247 -0.9881 -0.1521
vn 0.0247 -0.9880 -0.1522
vt 0.881200 0.654600
vt 0.875400 0.654900
vt 0.875700 0.709300
vt 0.883900 0.709100
vt 0.899900 0.850900
vt 0.894100 0.850800
vt 0.891000 0.905400
vt 0.899200 0.906000
vt 0.894000 0.840000
vt 0.901400 0.840500
vt 0.874400 0.644100
vt 0.881800 0.644000
vt 0.897100 0.916900
vt 0.892000 0.917000
vt 0.883100 0.720200
vt 0.878000 0.720700
vt 0.898500 0.948600
vt 0.890400 0.948100
vt 0.885200 0.752600
vt 0.877100 0.752600
vt 0.896000 0.964000
vt 0.891300 0.964000
vt 0.884800 0.767700
vt 0.880200 0.768400
vt 0.895700 0.990900
vt 0.891200 0.991200
vt 0.886200 0.794500
vt 0.881800 0.794800
vt 0.896700 0.999100
vt 0.890800 0.999000
vt 0.887000 0.802300
vt 0.881300 0.802400
vt 0.964000 0.293500
vt 0.964100 0.193500
vt 0.957100 0.193500
vt 0.958100 0.293600
vt 0.928000 0.899200
vt 0.927000 0.999000
vt 0.934000 0.999100
vt 0.933900 0.899200
vt 0.964600 0.329900
vt 0.957700 0.329900
vt 0.927600 0.863000
vt 0.934500 0.863000
vt 0.296900 0.207300
vt 0.667200 0.207200
vt 0.667200 0.200800
vt 0.296900 0.200800
vt 0.296900 0.233500
vt 0.667200 0.233600
vt 0.667200 0.227100
vt 0.296900 0.227000
vt 0.278000 0.312500
vt 0.277900 0.192800
vt 0.271600 0.192800
vt 0.271600 0.312500
vt 0.416600 0.105000
vt 0.296900 0.105000
vt 0.296900 0.111300
vt 0.416600 0.111400
vt 0.278000 0.519800
vt 0.271600 0.519800
vt 0.623900 0.105000
vt 0.623900 0.111400
vt 0.202000 0.123000
vt 0.280400 0.123000
vt 0.280400 0.118700
vt 0.202000 0.118700
vt 0.846700 0.097500
vt 0.768200 0.097500
vt 0.768200 0.101800
vt 0.846700 0.101800
vt 0.296900 0.137200
vt 0.652000 0.137800
vt 0.652100 0.131400
vt 0.296900 0.130900
vt 0.296900 0.175100
vt 0.652100 0.174700
vt 0.652100 0.168300
vt 0.296900 0.168800
vt 0.747400 0.795800
vt 0.746000 0.413100
vt 0.739300 0.413100
vt 0.740700 0.795900
vt 0.722900 0.795800
vt 0.721600 0.413000
vt 0.714900 0.413100
vt 0.716200 0.795900
vt 0.892300 0.466900
vt 0.892000 0.501900
vt 0.897200 0.502000
vt 0.898800 0.467200
vt 0.910800 0.767200
vt 0.912600 0.802400
vt 0.917800 0.802200
vt 0.917400 0.767200
vt 0.910600 0.631500
vt 0.916200 0.631500
vt 0.893500 0.332000
vt 0.899200 0.332000
vt 0.625800 0.032900
vt 0.625800 0.111400
vt 0.630100 0.111400
vt 0.630100 0.032900
vt 0.675500 0.414900
vt 0.675500 0.493300
vt 0.679800 0.493300
vt 0.679800 0.414900
vt 0.669600 0.110900
vt 0.748000 0.110900
vt 0.748000 0.106600
vt 0.669600 0.106600
vt 0.202000 0.080800
vt 0.280400 0.080800
vt 0.280400 0.076500
vt 0.202000 0.076500
vt 0.844500 0.506500
vt 0.844100 0.802400
vt 0.849300 0.802400
vt 0.849700 0.506500
vt 0.597800 0.270400
vt 0.893600 0.270700
vt 0.893600 0.265500
vt 0.597700 0.265300
vt 0.930500 0.044500
vt 0.929400 0.040000
vt 0.925200 0.040300
vt 0.924900 0.044600
vt 0.818800 0.406200
vt 0.819200 0.410500
vt 0.823200 0.410700
vt 0.824100 0.406900
vt 0.930900 0.081300
vt 0.925700 0.081100
vt 0.819100 0.371500
vt 0.824100 0.371500
vt 0.929800 0.107500
vt 0.926600 0.107700
vt 0.819400 0.345800
vt 0.822600 0.345700
vt 0.931900 0.142300
vt 0.927200 0.142300
vt 0.819100 0.308400
vt 0.824200 0.308500
vt 0.931300 0.159900
vt 0.927800 0.159900
vt 0.819300 0.290000
vt 0.822900 0.289900
vt 0.013200 0.152600
vt 0.284400 0.152700
vt 0.284400 0.148000
vt 0.013200 0.147800
vt 0.013200 0.177100
vt 0.284400 0.177400
vt 0.284400 0.172700
vt 0.013200 0.172400
vt 0.885900 0.032600
vt 0.885900 0.110400
vt 0.890300 0.110400
vt 0.890300 0.032600
vt 0.173400 0.082800
vt 0.095600 0.082800
vt 0.095600 0.087100
vt 0.173400 0.087100
vt 0.931500 0.401700
vt 0.932000 0.338100
vt 0.924800 0.338100
vt 0.925500 0.401800
vt 0.924800 0.265500
vt 0.924100 0.329200
vt 0.931300 0.329200
vt 0.930900 0.265400
vt 0.931500 0.502000
vt 0.924200 0.502000
vt 0.923600 0.165100
vt 0.930800 0.165100
vt 0.898000 0.654500
vt 0.890300 0.654400
vt 0.893500 0.709300
vt 0.900100 0.709500
vt 0.885100 0.850300
vt 0.877900 0.850100
vt 0.874800 0.906100
vt 0.881200 0.905800
vt 0.884900 0.846000
vt 0.877900 0.846100
vt 0.898100 0.650200
vt 0.890500 0.650100
vt 0.876200 0.917600
vt 0.883500 0.917300
vt 0.891500 0.720300
vt 0.898600 0.720800
vt 0.875500 0.948800
vt 0.881300 0.948400
vt 0.894300 0.752800
vt 0.900100 0.752900
vt 0.878000 0.964400
vt 0.883600 0.964000
vt 0.892200 0.767500
vt 0.898200 0.767900
vt 0.879200 0.990900
vt 0.884800 0.991200
vt 0.892500 0.794200
vt 0.897600 0.794000
vt 0.878900 0.994200
vt 0.884400 0.994600
vt 0.893100 0.797500
vt 0.898000 0.796800
vt 0.942000 0.197600
vt 0.943300 0.293600
vt 0.949700 0.293600
vt 0.947800 0.197500
vt 0.917700 0.995100
vt 0.919600 0.899200
vt 0.913200 0.899100
vt 0.911400 0.995000
vt 0.943100 0.332500
vt 0.949500 0.332600
vt 0.919500 0.860300
vt 0.913600 0.860200
vt 0.670200 0.185800
vt 0.305900 0.185500
vt 0.305900 0.191800
vt 0.670200 0.192100
vt 0.670200 0.242200
vt 0.305900 0.242500
vt 0.305900 0.248800
vt 0.670200 0.248600
vt 0.256200 0.201800
vt 0.256100 0.312500
vt 0.262500 0.312500
vt 0.262600 0.201800
vt 0.305900 0.096000
vt 0.416600 0.095900
vt 0.416600 0.089500
vt 0.305900 0.089600
vt 0.256100 0.519800
vt 0.262500 0.519800
vt 0.623900 0.095900
vt 0.623900 0.089500
vt 0.280400 0.105300
vt 0.202000 0.105300
vt 0.202000 0.109600
vt 0.280400 0.109600
vt 0.768200 0.088300
vt 0.846700 0.088300
vt 0.846700 0.084000
vt 0.768200 0.084000
vt 0.658500 0.144200
vt 0.300400 0.145700
vt 0.300400 0.152100
vt 0.658500 0.150600
vt 0.658500 0.155500
vt 0.300400 0.154000
vt 0.300400 0.160300
vt 0.658500 0.161800
vt 0.754000 0.417200
vt 0.754000 0.802400
vt 0.760700 0.802400
vt 0.760700 0.417200
vt 0.700200 0.417300
vt 0.702900 0.802300
vt 0.709700 0.802200
vt 0.706900 0.417200
vt 0.885100 0.499200
vt 0.883600 0.467000
vt 0.877500 0.467200
vt 0.879300 0.499500
vt 0.931200 0.799700
vt 0.932200 0.767300
vt 0.926100 0.767300
vt 0.924700 0.799500
vt 0.932200 0.627500
vt 0.925800 0.627500
vt 0.884000 0.328000
vt 0.876800 0.328000
vt 0.643500 0.111400
vt 0.643500 0.032900
vt 0.639200 0.032900
vt 0.639200 0.111400
vt 0.666300 0.493300
vt 0.666300 0.414900
vt 0.662000 0.414900
vt 0.662000 0.493300
vt 0.748000 0.093200
vt 0.669600 0.093200
vt 0.669600 0.097500
vt 0.748000 0.097500
vt 0.280400 0.089900
vt 0.202000 0.089900
vt 0.202000 0.094200
vt 0.280400 0.094200
vt 0.863300 0.802400
vt 0.863300 0.503900
vt 0.858100 0.503900
vt 0.858100 0.802400
vt 0.893600 0.279500
vt 0.595100 0.278800
vt 0.595100 0.284100
vt 0.893600 0.284700
vt 0.911600 0.033400
vt 0.909500 0.044500
vt 0.914200 0.044600
vt 0.916500 0.034500
vt 0.811000 0.415900
vt 0.808700 0.406700
vt 0.804600 0.407200
vt 0.807000 0.416900
vt 0.912700 0.082300
vt 0.916800 0.082000
vt 0.810500 0.370900
vt 0.806000 0.370800
vt 0.915600 0.108200
vt 0.919900 0.108000
vt 0.812400 0.345700
vt 0.808000 0.345600
vt 0.915400 0.142800
vt 0.919100 0.142600
vt 0.810500 0.308100
vt 0.806800 0.308100
vt 0.917900 0.163200
vt 0.921500 0.162700
vt 0.812700 0.287300
vt 0.808400 0.286900
vt 0.287100 0.134600
vt 0.013200 0.134100
vt 0.013200 0.138900
vt 0.287100 0.139400
vt 0.287100 0.186000
vt 0.013200 0.186100
vt 0.013200 0.190900
vt 0.287100 0.190700
vt 0.903700 0.110400
vt 0.903700 0.032600
vt 0.899400 0.032600
vt 0.899400 0.110400
vt 0.095600 0.073600
vt 0.173400 0.073600
vt 0.173400 0.069300
vt 0.095600 0.069300
vt 0.911200 0.334900
vt 0.910500 0.401700
vt 0.916900 0.401800
vt 0.917000 0.334900
vt 0.916300 0.332300
vt 0.916300 0.265500
vt 0.909800 0.265500
vt 0.909800 0.332300
vt 0.909500 0.501800
vt 0.915900 0.501900
vt 0.915200 0.165200
vt 0.909500 0.165200
vt 0.909500 0.847400
vt 0.908800 0.851500
vt 0.866400 0.655100
vt 0.865800 0.650900
vt 0.909500 0.907900
vt 0.865200 0.711400
vt 0.904700 0.917500
vt 0.870200 0.721400
vt 0.908700 0.949600
vt 0.866700 0.754000
vt 0.903300 0.964700
vt 0.872900 0.769300
vt 0.902400 0.990600
vt 0.875400 0.794800
vt 0.903300 0.993900
vt 0.874800 0.798000
vt 0.973500 0.197400
vt 0.972500 0.293400
vt 0.942400 0.899300
vt 0.943400 0.995200
vt 0.973500 0.332700
vt 0.943400 0.860200
vt 0.670200 0.215900
vt 0.305900 0.216200
vt 0.305900 0.218100
vt 0.670200 0.218500
vt 0.287000 0.201800
vt 0.287100 0.312500
vt 0.416600 0.120500
vt 0.305900 0.120400
vt 0.801800 0.323200
vt 0.801800 0.314100
vt 0.795400 0.314100
vt 0.795400 0.323200
vt 0.544100 0.260900
vt 0.544100 0.251700
vt 0.537800 0.251700
vt 0.537800 0.260900
vt 0.287100 0.519800
vt 0.623900 0.120500
vt 0.759100 0.101800
vt 0.759100 0.097500
vt 0.289500 0.118700
vt 0.289500 0.123000
vt 0.855800 0.097500
vt 0.855800 0.101800
vt 0.192800 0.123000
vt 0.192800 0.118700
vt 0.280400 0.132200
vt 0.202000 0.132200
vt 0.846700 0.110900
vt 0.768200 0.110900
vt 0.658500 0.181100
vt 0.300400 0.183600
vt 0.300400 0.122400
vt 0.658500 0.124900
vt 0.729500 0.417100
vt 0.729500 0.802400
vt 0.734100 0.802200
vt 0.731400 0.417300
vt 0.907600 0.467700
vt 0.904200 0.499600
vt 0.905500 0.800000
vt 0.902000 0.767800
vt 0.902100 0.628000
vt 0.907600 0.328500
vt 0.662000 0.502500
vt 0.666300 0.502500
vt 0.639200 0.120500
vt 0.643500 0.120500
vt 0.666300 0.405700
vt 0.662000 0.405700
vt 0.643500 0.023800
vt 0.639200 0.023800
vt 0.652700 0.111400
vt 0.652700 0.032900
vt 0.652900 0.414900
vt 0.652900 0.493300
vt 0.289500 0.094200
vt 0.289500 0.089900
vt 0.757200 0.097500
vt 0.757200 0.093200
vt 0.192800 0.089900
vt 0.192800 0.094200
vt 0.660400 0.093200
vt 0.660400 0.097500
vt 0.748000 0.084000
vt 0.669600 0.084000
vt 0.202000 0.103400
vt 0.280400 0.103400
vt 0.865000 0.191500
vt 0.874100 0.191500
vt 0.874100 0.187200
vt 0.865000 0.187200
vt 0.847900 0.119500
vt 0.857100 0.119500
vt 0.857100 0.115200
vt 0.847900 0.115200
vt 0.835300 0.802400
vt 0.836100 0.503900
vt 0.595100 0.256900
vt 0.893600 0.256700
vt 0.935900 0.033700
vt 0.940600 0.042000
vt 0.833400 0.409000
vt 0.829200 0.416500
vt 0.940500 0.082600
vt 0.833400 0.370200
vt 0.936300 0.107500
vt 0.829300 0.345700
vt 0.940600 0.142500
vt 0.833400 0.308200
vt 0.937500 0.162800
vt 0.829500 0.286600
vt 0.874300 0.636900
vt 0.865200 0.636900
vt 0.865200 0.641200
vt 0.874300 0.641200
vt 0.863100 0.187200
vt 0.853900 0.187200
vt 0.853900 0.191500
vt 0.863100 0.191500
vt 0.287100 0.161200
vt 0.013200 0.161500
vt 0.013200 0.163400
vt 0.287100 0.164100
vt 0.086500 0.069300
vt 0.086500 0.073600
vt 0.899400 0.119500
vt 0.903700 0.119500
vt 0.182600 0.073600
vt 0.182600 0.069300
vt 0.903700 0.023400
vt 0.899400 0.023400
vt 0.876800 0.110400
vt 0.876800 0.032600
vt 0.173400 0.096200
vt 0.095600 0.096200
vt 0.940800 0.334600
vt 0.940000 0.401800
vt 0.939400 0.265400
vt 0.940100 0.332700
vt 0.537800 0.262800
vt 0.537800 0.271900
vt 0.544100 0.271900
vt 0.544100 0.262800
vt 0.795600 0.325100
vt 0.795600 0.334300
vt 0.802000 0.334300
vt 0.802000 0.325100
vt 0.940800 0.502000
vt 0.940100 0.165000
vt 0.452300 0.067500
vt 0.392800 0.067500
vt 0.392800 0.070400
vt 0.452300 0.070400
vt 0.696600 0.895500
vt 0.756100 0.895500
vt 0.756100 0.892600
vt 0.696600 0.892600
vt 0.783200 0.450700
vt 0.783000 0.406900
vt 0.779900 0.406900
vt 0.780500 0.450700
vt 0.766400 0.166100
vt 0.810100 0.166300
vt 0.810100 0.163100
vt 0.766400 0.163400
vt 0.785300 0.556700
vt 0.782000 0.556800
vt 0.660400 0.165700
vt 0.660500 0.162400
vt 0.749700 0.935000
vt 0.696700 0.933100
vt 0.696600 0.935700
vt 0.749600 0.938100
vt 0.749700 0.975600
vt 0.696600 0.978000
vt 0.696700 0.980600
vt 0.749700 0.978700
vt 0.840300 0.935200
vt 0.840300 0.937900
vt 0.840500 0.975800
vt 0.840500 0.978500
vt 0.786800 0.573200
vt 0.784400 0.561100
vt 0.781800 0.559800
vt 0.781900 0.571700
vt 0.567300 0.485400
vt 0.567200 0.497200
vt 0.569800 0.495900
vt 0.572200 0.483900
vt 0.783200 0.802200
vt 0.778500 0.802100
vt 0.563600 0.256900
vt 0.569200 0.256800
vt 0.392800 0.050300
vt 0.446600 0.051300
vt 0.446600 0.048400
vt 0.392800 0.047400
vt 0.756000 0.872500
vt 0.702300 0.873500
vt 0.702300 0.876400
vt 0.756100 0.875400
vt 0.799100 0.413000
vt 0.798900 0.450300
vt 0.802000 0.450300
vt 0.802200 0.413000
vt 0.803900 0.144400
vt 0.766600 0.144600
vt 0.766700 0.147700
vt 0.803900 0.147200
vt 0.799600 0.550100
vt 0.802200 0.550000
vt 0.667000 0.145100
vt 0.667000 0.148100
vt 0.702700 0.920000
vt 0.749900 0.917400
vt 0.749900 0.914600
vt 0.702500 0.917300
vt 0.702500 0.996800
vt 0.749900 0.999100
vt 0.750000 0.996300
vt 0.702700 0.993700
vt 0.840600 0.920100
vt 0.840700 0.916800
vt 0.840800 0.996400
vt 0.840800 0.993600
vt 0.804900 0.560400
vt 0.802900 0.573900
vt 0.808000 0.572200
vt 0.808100 0.558700
vt 0.593200 0.498500
vt 0.593200 0.485000
vt 0.588100 0.483400
vt 0.590100 0.496800
vt 0.802400 0.802400
vt 0.808100 0.802400
vt 0.593200 0.256700
vt 0.588200 0.256700
vt 0.456000 0.312100
vt 0.438800 0.312100
vt 0.438800 0.315000
vt 0.456000 0.315000
vt 0.670100 0.397300
vt 0.652900 0.397300
vt 0.652900 0.400200
vt 0.670100 0.400200
vt 0.446600 0.086600
vt 0.392800 0.087600
vt 0.756100 0.912700
vt 0.702300 0.911800
vt 0.764700 0.450700
vt 0.762600 0.413800
vt 0.803500 0.183600
vt 0.766600 0.181800
vt 0.765700 0.549700
vt 0.667700 0.181900
vt 0.749000 0.955900
vt 0.701600 0.949200
vt 0.701600 0.964500
vt 0.749000 0.957800
vt 0.840700 0.953000
vt 0.840800 0.960700
vt 0.764000 0.571900
vt 0.763600 0.560400
vt 0.549300 0.496700
vt 0.549600 0.485300
vt 0.762600 0.802000
vt 0.546600 0.257100
vt 0.463200 0.344800
vt 0.522700 0.344800
vt 0.522700 0.341900
vt 0.463200 0.341900
vt 0.331400 0.070400
vt 0.390900 0.070400
vt 0.390900 0.067500
vt 0.331400 0.067500
vt 0.855800 0.395900
vt 0.855700 0.352100
vt 0.852600 0.352100
vt 0.853100 0.395900
vt 0.778100 0.207100
vt 0.821800 0.207400
vt 0.821800 0.204200
vt 0.778100 0.204500
vt 0.857500 0.502000
vt 0.854200 0.502000
vt 0.672100 0.206800
vt 0.672100 0.203600
vt 0.129400 0.240700
vt 0.083800 0.239500
vt 0.083800 0.242100
vt 0.129300 0.243700
vt 0.658700 0.842000
vt 0.613100 0.843700
vt 0.613200 0.846400
vt 0.658800 0.845100
vt 0.245800 0.241000
vt 0.245800 0.243700
vt 0.775300 0.842100
vt 0.775300 0.844800
vt 0.677000 0.519000
vt 0.674600 0.506900
vt 0.672000 0.505500
vt 0.672100 0.517500
vt 0.430200 0.598600
vt 0.430300 0.611100
vt 0.433000 0.609600
vt 0.435100 0.597000
vt 0.673500 0.802200
vt 0.668800 0.802200
vt 0.426400 0.316900
vt 0.432000 0.316900
vt 0.522700 0.362000
vt 0.468900 0.361000
vt 0.468900 0.363900
vt 0.522700 0.364900
vt 0.390800 0.047400
vt 0.337100 0.048400
vt 0.337100 0.051300
vt 0.390900 0.050300
vt 0.871800 0.358200
vt 0.871500 0.395500
vt 0.874600 0.395500
vt 0.874900 0.358200
vt 0.815600 0.185500
vt 0.778300 0.185700
vt 0.778300 0.188800
vt 0.815600 0.188200
vt 0.872300 0.496400
vt 0.874900 0.496400
vt 0.677500 0.185800
vt 0.677500 0.188800
vt 0.088800 0.225500
vt 0.129500 0.223100
vt 0.129500 0.220300
vt 0.088600 0.222900
vt 0.618000 0.863200
vt 0.658900 0.865500
vt 0.659000 0.862700
vt 0.618100 0.860200
vt 0.246000 0.225300
vt 0.246000 0.222100
vt 0.775600 0.863300
vt 0.775500 0.860400
vt 0.695100 0.506100
vt 0.693100 0.519600
vt 0.698300 0.518000
vt 0.698300 0.504400
vt 0.456000 0.611200
vt 0.455700 0.598900
vt 0.450800 0.597500
vt 0.453100 0.609700
vt 0.692700 0.802400
vt 0.698300 0.802400
vt 0.456000 0.316900
vt 0.451000 0.316900
vt 0.542900 0.309700
vt 0.525700 0.309700
vt 0.525700 0.312600
vt 0.542900 0.312600
vt 0.426600 0.312100
vt 0.409400 0.312100
vt 0.409400 0.315000
vt 0.426600 0.315000
vt 0.468900 0.325700
vt 0.522700 0.324700
vt 0.390900 0.087600
vt 0.337100 0.086600
vt 0.837300 0.395900
vt 0.835300 0.359000
vt 0.815100 0.224700
vt 0.778300 0.222900
vt 0.837500 0.496100
vt 0.678100 0.223500
vt 0.128700 0.261400
vt 0.088000 0.256200
vt 0.617300 0.829600
vt 0.658100 0.824300
vt 0.246000 0.259300
vt 0.775600 0.826400
vt 0.654200 0.517700
vt 0.653800 0.506200
vt 0.411800 0.610800
vt 0.411900 0.599300
vt 0.652900 0.802100
vt 0.409400 0.317100
vt 0.000900 0.113500
vt 0.000900 0.154100
vt 0.008400 0.154100
vt 0.008400 0.113500
vt 0.858500 0.305100
vt 0.858500 0.294300
vt 0.835300 0.294300
vt 0.835300 0.305100
vt 0.867400 0.084200
vt 0.867400 0.096200
vt 0.874900 0.096200
vt 0.874900 0.084200
vt 0.000900 0.221100
vt 0.000900 0.231900
vt 0.014800 0.231900
vt 0.014800 0.221100
vt 0.858500 0.308000
vt 0.851100 0.308000
vt 0.002700 0.238600
vt 0.002700 0.254600
vt 0.076200 0.254600
vt 0.076200 0.238600
vt 0.002700 0.198400
vt 0.002700 0.214400
vt 0.076200 0.214400
vt 0.076200 0.198400
vt 0.785800 0.008500
vt 0.769300 0.025100
vt 0.769300 0.065600
vt 0.785800 0.082100
vt 0.833100 0.212700
vt 0.833100 0.224700
vt 0.840500 0.224700
vt 0.840500 0.212700
vt 0.888400 0.635000
vt 0.888400 0.632100
vt 0.865200 0.632100
vt 0.881000 0.635000
vt 0.888400 0.621300
vt 0.888400 0.618400
vt 0.881000 0.618400
vt 0.865200 0.621300
vt 0.858500 0.291400
vt 0.851100 0.291400
vt 0.575000 0.014100
vt 0.563000 0.014100
vt 0.563000 0.087600
vt 0.575000 0.087600
vt 0.914000 0.550900
vt 0.926000 0.550900
vt 0.926000 0.543500
vt 0.914000 0.543500
vt 0.903000 0.268700
vt 0.903000 0.256700
vt 0.895500 0.256700
vt 0.895500 0.268700
vt 0.064100 0.231900
vt 0.064100 0.221100
vt 0.895500 0.292100
vt 0.903000 0.292100
vt 0.949400 0.550900
vt 0.949400 0.543500
vt 0.840500 0.189300
vt 0.833100 0.189300
vt 0.867400 0.119500
vt 0.874900 0.119500
vt 0.689200 0.502500
vt 0.689200 0.461900
vt 0.681700 0.461900
vt 0.681700 0.502500
vt 0.078000 0.231900
vt 0.078000 0.221100
vt 0.681700 0.419500
vt 0.681700 0.460000
vt 0.689200 0.460000
vt 0.689200 0.419500
vt 0.084600 0.052100
vt 0.084600 0.041300
vt 0.061300 0.041300
vt 0.061300 0.052100
vt 0.143800 0.429400
vt 0.143800 0.417400
vt 0.136400 0.417400
vt 0.136400 0.429400
vt 0.800200 0.901300
vt 0.811000 0.901300
vt 0.811000 0.887400
vt 0.800200 0.887400
vt 0.084600 0.055000
vt 0.077100 0.055000
vt 0.817700 0.899600
vt 0.833700 0.899600
vt 0.833700 0.826000
vt 0.817700 0.826000
vt 0.777500 0.899600
vt 0.793500 0.899600
vt 0.793500 0.826000
vt 0.777500 0.826000
vt 0.799700 0.065600
vt 0.816200 0.082100
vt 0.856700 0.082100
vt 0.873300 0.065600
vt 0.774600 0.397600
vt 0.762600 0.397600
vt 0.762600 0.405000
vt 0.774600 0.405000
vt 0.084600 0.073400
vt 0.084600 0.070600
vt 0.061300 0.070600
vt 0.077100 0.073400
vt 0.084600 0.059700
vt 0.084600 0.056900
vt 0.077100 0.056900
vt 0.061300 0.059700
vt 0.084600 0.038400
vt 0.077100 0.038400
vt 0.607400 0.014100
vt 0.595400 0.014100
vt 0.595400 0.087600
vt 0.607400 0.087600
vt 0.823700 0.189300
vt 0.823700 0.201300
vt 0.831200 0.201300
vt 0.831200 0.189300
vt 0.923400 0.808600
vt 0.911400 0.808600
vt 0.911400 0.816100
vt 0.923400 0.816100
vt 0.811000 0.838100
vt 0.800200 0.838100
vt 0.946700 0.816100
vt 0.946700 0.808600
vt 0.823700 0.224700
vt 0.831200 0.224700
vt 0.798000 0.405000
vt 0.798000 0.397600
vt 0.143800 0.394100
vt 0.136400 0.394100
vt 0.008400 0.196500
vt 0.008400 0.155900
vt 0.000900 0.155900
vt 0.000900 0.196500
vt 0.811000 0.824300
vt 0.800200 0.824300
vt 0.797800 0.008500
vt 0.797800 0.082100
vt 0.591600 0.030600
vt 0.591600 0.071100
vt 0.799700 0.053600
vt 0.873300 0.053600
vt 0.623900 0.030600
vt 0.623900 0.071100
vt 0.914000 0.616500
vt 0.920500 0.616500
vt 0.920500 0.611800
vt 0.914000 0.611800
vt 0.745100 0.401100
vt 0.740400 0.401100
vt 0.737700 0.403800
vt 0.737700 0.408400
vt 0.740400 0.411100
vt 0.745100 0.411100
vt 0.747800 0.408400
vt 0.747800 0.403800
vt 0.920500 0.594800
vt 0.914000 0.594800
vt 0.914000 0.599500
vt 0.920500 0.599500
vt 0.914000 0.586300
vt 0.914000 0.591000
vt 0.920500 0.591000
vt 0.920500 0.586300
vt 0.920500 0.608000
vt 0.920500 0.603300
vt 0.914000 0.603300
vt 0.914000 0.608000
vt 0.920500 0.582500
vt 0.914000 0.582500
vt 0.865500 0.085500
vt 0.859000 0.085500
vt 0.859000 0.090200
vt 0.865500 0.090200
vt 0.505100 0.312700
vt 0.500400 0.312700
vt 0.497700 0.315400
vt 0.497700 0.320100
vt 0.500400 0.322800
vt 0.505100 0.322800
vt 0.507800 0.320100
vt 0.507800 0.315400
vt 0.859000 0.107200
vt 0.865500 0.107200
vt 0.865500 0.102500
vt 0.859000 0.102500
vt 0.865500 0.115700
vt 0.865500 0.111000
vt 0.859000 0.111000
vt 0.859000 0.115700
vt 0.859000 0.094000
vt 0.859000 0.098700
vt 0.865500 0.098700
vt 0.865500 0.094000
vt 0.859000 0.119500
vt 0.865500 0.119500
vt 0.922400 0.616500
vt 0.929000 0.616500
vt 0.929000 0.611800
vt 0.922400 0.611800
vt 0.765400 0.870000
vt 0.760700 0.870000
vt 0.758000 0.872700
vt 0.758000 0.877400
vt 0.760700 0.880100
vt 0.765400 0.880100
vt 0.768100 0.877400
vt 0.768100 0.872700
vt 0.929000 0.594800
vt 0.922400 0.594800
vt 0.922400 0.599500
vt 0.929000 0.599500
vt 0.922400 0.586300
vt 0.922400 0.591000
vt 0.929000 0.591000
vt 0.929000 0.586300
vt 0.929000 0.608000
vt 0.929000 0.603300
vt 0.922400 0.603300
vt 0.922400 0.608000
vt 0.929000 0.582500
vt 0.922400 0.582500
vt 0.537600 0.307800
vt 0.544100 0.307800
vt 0.544100 0.303100
vt 0.537600 0.303100
vt 0.791100 0.325100
vt 0.786400 0.325100
vt 0.783700 0.327800
vt 0.783700 0.332500
vt 0.786400 0.335200
vt 0.791100 0.335200
vt 0.793800 0.332500
vt 0.793800 0.327800
vt 0.544100 0.286100
vt 0.537600 0.286100
vt 0.537600 0.290800
vt 0.544100 0.290800
vt 0.537600 0.277600
vt 0.537600 0.282300
vt 0.544100 0.282300
vt 0.544100 0.277600
vt 0.544100 0.299300
vt 0.544100 0.294600
vt 0.537600 0.294600
vt 0.537600 0.299300
vt 0.544100 0.273800
vt 0.537600 0.273800
vt 0.942700 0.370900
vt 0.949200 0.370900
vt 0.949200 0.366200
vt 0.942700 0.366200
vt 0.757100 0.401100
vt 0.752400 0.401100
vt 0.749700 0.403800
vt 0.749700 0.408400
vt 0.752400 0.411100
vt 0.757100 0.411100
vt 0.759800 0.408400
vt 0.759800 0.403800
vt 0.949200 0.349200
vt 0.942700 0.349200
vt 0.942700 0.353900
vt 0.949200 0.353900
vt 0.942700 0.340700
vt 0.942700 0.345400
vt 0.949200 0.345400
vt 0.949200 0.340700
vt 0.949200 0.362400
vt 0.949200 0.357700
vt 0.942700 0.357700
vt 0.942700 0.362400
vt 0.949200 0.336900
vt 0.942700 0.336900
vt 0.000900 0.111600
vt 0.007500 0.111600
vt 0.007500 0.106900
vt 0.000900 0.106900
vt 0.867800 0.297900
vt 0.863100 0.297900
vt 0.860400 0.300600
vt 0.860400 0.305300
vt 0.863100 0.308000
vt 0.867800 0.308000
vt 0.870500 0.305300
vt 0.870500 0.300600
vt 0.007500 0.089900
vt 0.000900 0.089900
vt 0.000900 0.094600
vt 0.007500 0.094600
vt 0.000900 0.081400
vt 0.000900 0.086100
vt 0.007500 0.086100
vt 0.007500 0.081400
vt 0.007500 0.103100
vt 0.007500 0.098400
vt 0.000900 0.098400
vt 0.000900 0.103100
vt 0.007500 0.077600
vt 0.000900 0.077600
vt 0.846000 0.119500
vt 0.846000 0.113000
vt 0.841400 0.113000
vt 0.841400 0.119500
vt 0.517100 0.312700
vt 0.512400 0.312700
vt 0.509700 0.315400
vt 0.509700 0.320100
vt 0.512400 0.322800
vt 0.517100 0.322800
vt 0.519800 0.320100
vt 0.519800 0.315400
vt 0.824400 0.113000
vt 0.824400 0.119500
vt 0.829000 0.119500
vt 0.829000 0.113000
vt 0.815900 0.119500
vt 0.820500 0.119500
vt 0.820500 0.113000
vt 0.815900 0.113000
vt 0.837500 0.113000
vt 0.832900 0.113000
vt 0.832900 0.119500
vt 0.837500 0.119500
vt 0.812000 0.113000
vt 0.812000 0.119500
vt 0.691100 0.502500
vt 0.697600 0.502500
vt 0.697600 0.497800
vt 0.691100 0.497800
vt 0.765400 0.882000
vt 0.760700 0.882000
vt 0.758000 0.884700
vt 0.758000 0.889400
vt 0.760700 0.892100
vt 0.765400 0.892100
vt 0.768100 0.889400
vt 0.768100 0.884700
vt 0.697600 0.480800
vt 0.691100 0.480800
vt 0.691100 0.485500
vt 0.697600 0.485500
vt 0.691100 0.472300
vt 0.691100 0.477000
vt 0.697600 0.477000
vt 0.697600 0.472300
vt 0.697600 0.494000
vt 0.697600 0.489300
vt 0.691100 0.489300
vt 0.691100 0.494000
vt 0.697600 0.468500
vt 0.691100 0.468500
vt 0.767400 0.076700
vt 0.660500 0.077000
vt 0.660500 0.082100
vt 0.767400 0.081800
vt 0.561100 0.067900
vt 0.454200 0.067600
vt 0.454200 0.072700
vt 0.561100 0.073000
vt 0.597100 0.297300
vt 0.740000 0.297300
vt 0.740000 0.292200
vt 0.597100 0.292200
vt 0.956200 0.513600
vt 0.956200 0.656500
vt 0.961300 0.656500
vt 0.961300 0.513600
vt 0.218100 0.059900
vt 0.286500 0.059000
vt 0.286500 0.054300
vt 0.218200 0.054700
vt 0.477800 0.585900
vt 0.478300 0.517700
vt 0.473300 0.517700
vt 0.472600 0.585900
vt 0.195400 0.059000
vt 0.195600 0.053800
vt 0.478300 0.608400
vt 0.473500 0.608600
vt 0.991500 0.566700
vt 0.992000 0.574400
vt 0.997200 0.574200
vt 0.996800 0.566500
vt 0.998600 0.799400
vt 0.999100 0.791500
vt 0.993900 0.791300
vt 0.993400 0.799100
vt 0.662800 0.045200
vt 0.684800 0.045100
vt 0.684400 0.041000
vt 0.662500 0.041600
vt 0.456300 0.064500
vt 0.478200 0.065100
vt 0.478600 0.061000
vt 0.456600 0.060900
vt 0.972600 0.502000
vt 0.972600 0.361500
vt 0.969000 0.361500
vt 0.969000 0.502000
vt 0.971600 0.856400
vt 0.971600 0.997000
vt 0.975200 0.997000
vt 0.975200 0.856400
vt 0.613100 0.809000
vt 0.691700 0.809300
vt 0.691700 0.805800
vt 0.613200 0.805400
vt 0.693700 0.822400
vt 0.772300 0.822000
vt 0.772200 0.818500
vt 0.693700 0.818800
vt 0.992100 0.654200
vt 0.997200 0.654200
vt 0.999100 0.711500
vt 0.994000 0.711500
vt 0.728000 0.045400
vt 0.749800 0.046400
vt 0.750100 0.041300
vt 0.728100 0.040300
vt 0.706700 0.045300
vt 0.706300 0.040400
vt 0.521900 0.065700
vt 0.543900 0.064700
vt 0.543600 0.059500
vt 0.521800 0.060600
vt 0.500100 0.065700
vt 0.500400 0.060800
vt 0.660400 0.072100
vt 0.765400 0.072200
vt 0.765400 0.067100
vt 0.660400 0.067000
vt 0.454200 0.082700
vt 0.559100 0.082600
vt 0.559100 0.077500
vt 0.454200 0.077600
vt 0.738000 0.301800
vt 0.595100 0.301800
vt 0.595100 0.306900
vt 0.738000 0.306900
vt 0.970900 0.654500
vt 0.970900 0.511600
vt 0.965800 0.511600
vt 0.965800 0.654500
vt 0.288700 0.063900
vt 0.218100 0.064300
vt 0.218200 0.069100
vt 0.288700 0.069500
vt 0.462800 0.515500
vt 0.463400 0.585900
vt 0.468200 0.585800
vt 0.468400 0.515500
vt 0.192800 0.063900
vt 0.192800 0.069600
vt 0.462900 0.611100
vt 0.468600 0.611200
vt 0.987200 0.574600
vt 0.987600 0.563500
vt 0.982300 0.563300
vt 0.982200 0.574600
vt 0.984100 0.791200
vt 0.984100 0.802400
vt 0.989400 0.802300
vt 0.989100 0.791100
vt 0.684800 0.050100
vt 0.660900 0.049700
vt 0.660400 0.053300
vt 0.684300 0.054200
vt 0.478100 0.051900
vt 0.454200 0.052800
vt 0.454600 0.056400
vt 0.478600 0.056000
vt 0.977000 0.359400
vt 0.977100 0.500000
vt 0.980600 0.500000
vt 0.980600 0.359500
vt 0.983200 0.999000
vt 0.983300 0.858400
vt 0.979700 0.858400
vt 0.979700 0.999100
vt 0.689700 0.813800
vt 0.613100 0.813900
vt 0.613100 0.817500
vt 0.689700 0.817400
vt 0.770200 0.810400
vt 0.693600 0.810300
vt 0.693600 0.813900
vt 0.770200 0.814000
vt 0.987600 0.656500
vt 0.982400 0.656500
vt 0.984300 0.709300
vt 0.989500 0.709300
vt 0.753200 0.050200
vt 0.727900 0.050200
vt 0.727800 0.055300
vt 0.753200 0.055300
vt 0.706600 0.050100
vt 0.706300 0.055000
vt 0.546900 0.050600
vt 0.521600 0.050600
vt 0.521700 0.055700
vt 0.546900 0.055800
vt 0.500000 0.051100
vt 0.500400 0.056000
vt 0.767400 0.062600
vt 0.660500 0.062100
vt 0.454200 0.087600
vt 0.561100 0.087100
vt 0.597100 0.311400
vt 0.740000 0.311400
vt 0.975400 0.656500
vt 0.975400 0.513600
vt 0.218200 0.073600
vt 0.286500 0.074400
vt 0.457900 0.517700
vt 0.458900 0.585900
vt 0.195400 0.074600
vt 0.458000 0.608600
vt 0.978200 0.566500
vt 0.977300 0.574300
vt 0.979800 0.711500
vt 0.979200 0.791500
vt 0.662300 0.058000
vt 0.684100 0.059100
vt 0.543600 0.046900
vt 0.521600 0.045700
vt 0.985100 0.502000
vt 0.985100 0.361500
vt 0.987700 0.997000
vt 0.987700 0.856400
vt 0.613200 0.822400
vt 0.691700 0.821800
vt 0.772300 0.805900
vt 0.693700 0.805400
vt 0.977900 0.654300
vt 0.980000 0.799300
vt 0.727900 0.060200
vt 0.749900 0.059000
vt 0.706100 0.059900
vt 0.477900 0.047000
vt 0.456000 0.048200
vt 0.499900 0.046200
vt 0.451400 0.817600
vt 0.453300 0.813900
vt 0.319300 0.804300
vt 0.321200 0.808900
vt 0.307900 0.645500
vt 0.304000 0.644000
vt 0.296900 0.780300
vt 0.301600 0.778200
vt 0.455600 0.617000
vt 0.326400 0.622900
vt 0.322700 0.798400
vt 0.455300 0.792500
vt 0.476200 0.771100
vt 0.475700 0.637800
vt 0.108000 0.210100
vt 0.111200 0.215900
vt 0.247200 0.218200
vt 0.253600 0.212000
vt 0.321200 0.802400
vt 0.457500 0.797000
vt 0.472200 0.973800
vt 0.476200 0.975400
vt 0.476200 0.837600
vt 0.471600 0.839600
vt 0.961700 0.658400
vt 0.956200 0.663800
vt 0.956200 0.796900
vt 0.961700 0.802400
vt 0.971800 0.802400
vt 0.977300 0.796900
vt 0.977300 0.663800
vt 0.971800 0.658400
vt 0.253600 0.200000
vt 0.247900 0.194400
vt 0.110900 0.195800
vt 0.107800 0.201800
vt 0.853300 0.833000
vt 0.847500 0.836500
vt 0.847500 0.968500
vt 0.854000 0.972000
vt 0.841800 0.234000
vt 0.836200 0.228500
vt 0.700400 0.229900
vt 0.697200 0.235800
vt 0.300900 0.829400
vt 0.304000 0.963700
vt 0.322400 0.986700
vt 0.452000 0.994500
vt 0.457200 0.613000
vt 0.324000 0.618600
vt 0.296900 0.827800
vt 0.299500 0.965500
vt 0.863500 0.971800
vt 0.863100 0.832700
vt 0.480200 0.772800
vt 0.480200 0.635900
vt 0.697300 0.244300
vt 0.841800 0.245900
vt 0.320500 0.990400
vt 0.453900 0.999100
vt 0.869300 0.968400
vt 0.869500 0.836300
vt 0.083800 0.211300
vt 0.084400 0.218400
vt 0.842700 0.806100
vt 0.851700 0.805000
vt 0.863900 0.805000
vt 0.872900 0.805700
vt 0.084500 0.193600
vt 0.083900 0.200600
vt 0.864100 0.999100
vt 0.852100 0.998500
vt 0.672800 0.233700
vt 0.672100 0.244600
vt 0.673600 0.226600
vt 0.844400 0.997700
vt 0.872900 0.998300
vt 0.672600 0.252700
vt 0.700500 0.250000
vt 0.835500 0.252100
vt 0.582000 0.514400
vt 0.584700 0.510200
vt 0.519400 0.500400
vt 0.521700 0.506000
vt 0.335800 0.606400
vt 0.334200 0.611200
vt 0.399700 0.604300
vt 0.396300 0.599400
vt 0.304800 0.463300
vt 0.328500 0.599600
vt 0.402600 0.591100
vt 0.401800 0.337600
vt 0.395600 0.328700
vt 0.329400 0.315900
vt 0.319800 0.321000
vt 0.950200 0.802400
vt 0.954300 0.800500
vt 0.954300 0.564900
vt 0.950200 0.560700
vt 0.407500 0.592900
vt 0.407500 0.335200
vt 0.588300 0.773800
vt 0.593200 0.775700
vt 0.593200 0.520700
vt 0.587700 0.522900
vt 0.097100 0.062400
vt 0.098500 0.064800
vt 0.171800 0.067400
vt 0.181000 0.065200
vt 0.181000 0.049100
vt 0.171700 0.046900
vt 0.097900 0.049300
vt 0.096500 0.051700
vt 0.938200 0.560700
vt 0.934100 0.562600
vt 0.934100 0.798200
vt 0.938200 0.802400
vt 0.097800 0.124700
vt 0.099400 0.127000
vt 0.171000 0.125100
vt 0.178600 0.122400
vt 0.903200 0.144900
vt 0.901200 0.121400
vt 0.831400 0.131000
vt 0.847300 0.149800
vt 0.513700 0.512600
vt 0.491400 0.644400
vt 0.487900 0.719600
vt 0.504400 0.791200
vt 0.514000 0.796900
vt 0.581200 0.782400
vt 0.299200 0.463800
vt 0.323600 0.602900
vt 0.482100 0.720100
vt 0.499400 0.795700
vt 0.177300 0.109000
vt 0.096700 0.112800
vt 0.398600 0.324300
vt 0.327900 0.309700
vt 0.848500 0.159300
vt 0.903700 0.159700
vt 0.513000 0.802400
vt 0.585000 0.787500
vt 0.169300 0.106900
vt 0.098000 0.110400
vt 0.086800 0.049700
vt 0.087500 0.046900
vt 0.087500 0.130300
vt 0.086600 0.127200
vt 0.086500 0.111100
vt 0.087100 0.108200
vt 0.087200 0.067400
vt 0.086500 0.064300
vt 0.509100 0.509800
vt 0.315400 0.317400
vt 0.190900 0.106000
vt 0.190900 0.124600
vt 0.821200 0.144200
vt 0.820600 0.166100
vt 0.813000 0.133800
vt 0.182900 0.132200
vt 0.181400 0.098100
vt 0.812000 0.177800
vt 0.832200 0.180100
vt 0.796900 0.120900
vt 0.796900 0.112800
vt 0.662600 0.112800
vt 0.660400 0.120900
vt 0.509100 0.861100
vt 0.504400 0.860100
vt 0.525200 0.950800
vt 0.529300 0.948300
vt 0.539500 0.481400
vt 0.544700 0.483900
vt 0.544700 0.377500
vt 0.538700 0.380600
vt 0.477200 0.493000
vt 0.530700 0.489500
vt 0.531100 0.372100
vt 0.478900 0.373800
vt 0.470900 0.382600
vt 0.469300 0.484700
vt 0.583600 0.826700
vt 0.580800 0.823800
vt 0.511400 0.821900
vt 0.508500 0.824700
vt 0.533500 0.366800
vt 0.475300 0.367800
vt 0.576600 0.852700
vt 0.580200 0.846900
vt 0.510800 0.845000
vt 0.515600 0.852000
vt 0.591800 0.858600
vt 0.589500 0.860600
vt 0.590000 0.966800
vt 0.592600 0.969000
vt 0.606200 0.970500
vt 0.609000 0.969000
vt 0.608800 0.857300
vt 0.605900 0.855600
vt 0.508000 0.842100
vt 0.583100 0.844100
vt 0.487400 0.860500
vt 0.485100 0.862800
vt 0.512600 0.960500
vt 0.515300 0.960500
vt 0.520900 0.967700
vt 0.520400 0.970400
vt 0.570600 0.999100
vt 0.574200 0.998000
vt 0.534900 0.955100
vt 0.578400 0.971200
vt 0.585700 0.965100
vt 0.583500 0.862900
vt 0.474900 0.498500
vt 0.534000 0.495600
vt 0.532200 0.958400
vt 0.580900 0.978700
vt 0.523700 0.952900
vt 0.501500 0.858500
vt 0.465600 0.380300
vt 0.463200 0.487800
vt 0.582000 0.981300
vt 0.529900 0.959600
vt 0.606800 0.841800
vt 0.611200 0.842400
vt 0.478100 0.847200
vt 0.482800 0.845300
vt 0.505700 0.843500
vt 0.584900 0.844300
vt 0.606800 0.986200
vt 0.584300 0.981200
vt 0.611200 0.985600
vt 0.076400 0.371400
vt 0.081900 0.373700
vt 0.081900 0.266800
vt 0.075800 0.270100
vt 0.689400 0.982000
vt 0.694700 0.984500
vt 0.694700 0.878100
vt 0.688600 0.881200
vt 0.627200 0.993600
vt 0.680600 0.990000
vt 0.681000 0.872600
vt 0.628800 0.874400
vt 0.620900 0.883200
vt 0.619300 0.985200
vt 0.799400 0.395400
vt 0.801600 0.393200
vt 0.801600 0.339300
vt 0.799400 0.337100
vt 0.683500 0.867300
vt 0.625300 0.868300
vt 0.014700 0.382800
vt 0.011400 0.388700
vt 0.072200 0.386700
vt 0.068500 0.380500
vt 0.963800 0.986800
vt 0.966200 0.985300
vt 0.966600 0.883000
vt 0.964100 0.881400
vt 0.951200 0.882100
vt 0.948800 0.883600
vt 0.948400 0.985900
vt 0.950900 0.987500
vt 0.785900 0.337100
vt 0.783700 0.339300
vt 0.783700 0.393200
vt 0.785900 0.395400
vt 0.961200 0.489800
vt 0.963600 0.488200
vt 0.964000 0.386000
vt 0.961400 0.384400
vt 0.774100 0.820200
vt 0.776400 0.822400
vt 0.830200 0.822400
vt 0.832400 0.820200
vt 0.067800 0.262000
vt 0.015000 0.266700
vt 0.006400 0.274800
vt 0.006600 0.374300
vt 0.624800 0.999100
vt 0.683900 0.996100
vt 0.070000 0.256500
vt 0.011700 0.260800
vt 0.948600 0.385000
vt 0.948300 0.490500
vt 0.615500 0.880900
vt 0.613100 0.988400
vt 0.832400 0.806700
vt 0.774100 0.806700
vt 0.001300 0.272400
vt 0.000900 0.376700
vt 0.946200 0.386600
vt 0.945800 0.488800
vt 0.948900 0.998900
vt 0.945300 0.998100
vt 0.967100 0.501100
vt 0.963300 0.502000
vt 0.946300 0.501900
vt 0.942700 0.501100
vt 0.969700 0.998100
vt 0.965900 0.999100
vt 0.946500 0.372800
vt 0.963500 0.372900
vt 0.949100 0.869900
vt 0.966100 0.870000
vt 0.945300 0.870800
vt 0.967100 0.373700
vt 0.942700 0.373700
vt 0.969700 0.870800
vt 0.830200 0.804500
vt 0.776400 0.804500
vt 0.084600 0.097000
vt 0.078900 0.075300
vt 0.013200 0.089100
vt 0.014900 0.097000
vt 0.660400 0.134400
vt 0.796900 0.134400
vt 0.485600 0.643800
vt 0.302900 0.388100
vt 0.296900 0.387300
vt 0.662600 0.142500
vt 0.796900 0.142500
vt 0.903700 0.183600
vt 0.014900 0.110500
vt 0.084600 0.110500
vt 0.013200 0.118400
vt 0.078900 0.132200
vt 0.967600 0.050900
vt 0.962400 0.143600
vt 0.966300 0.141100
vt 0.946300 0.140300
vt 0.952100 0.047900
vt 0.948100 0.050100
vt 0.612200 0.798400
vt 0.616400 0.568500
vt 0.612400 0.568800
vt 0.134300 0.285000
vt 0.118100 0.378900
vt 0.133000 0.375900
vt 0.810000 0.795700
vt 0.816600 0.418800
vt 0.810000 0.421800
vt 0.115400 0.281900
vt 0.105100 0.377000
vt 0.120000 0.280700
vt 0.833400 0.425400
vt 0.826800 0.802400
vt 0.833400 0.799400
vt 0.632100 0.798500
vt 0.629200 0.568500
vt 0.628200 0.802400
vt 0.161600 0.652200
vt 0.154100 0.769300
vt 0.289200 0.561400
vt 0.628500 0.344900
vt 0.650300 0.328400
vt 0.629800 0.313300
vt 0.618000 0.344600
vt 0.596200 0.328500
vt 0.595600 0.350600
vt 0.140300 0.959500
vt 0.141200 0.552100
vt 0.005600 0.755700
vt 0.147200 0.961300
vt 0.129600 0.976400
vt 0.132500 0.980300
vt 0.013700 0.870800
vt 0.000900 0.755600
vt 0.008800 0.871400
vt 0.117000 0.388700
vt 0.139100 0.382700
vt 0.139100 0.266200
vt 0.134100 0.264900
vt 0.130200 0.282500
vt 0.616100 0.802400
vt 0.963200 0.048400
vt 0.950700 0.143000
vt 0.816600 0.802400
vt 0.616800 0.448100
vt 0.595100 0.451500
vt 0.147200 0.550400
vt 0.965000 0.029400
vt 0.950000 0.030200
vt 0.032600 0.973700
vt 0.028000 0.975900
vt 0.275700 0.983300
vt 0.192400 0.993600
vt 0.190400 0.999100
vt 0.278400 0.987700
vt 0.826800 0.418800
vt 0.046600 0.525800
vt 0.129100 0.535500
vt 0.132500 0.530500
vt 0.045100 0.521200
vt 0.949000 0.163200
vt 0.964500 0.162400
vt 0.091500 0.370000
vt 0.192700 0.530100
vt 0.189500 0.526000
vt 0.176200 0.544500
vt 0.181000 0.546700
vt 0.083800 0.374900
vt 0.103500 0.386800
vt 0.629300 0.448200
vt 0.651000 0.451700
vt 0.651000 0.350900
vt 0.942500 0.162200
vt 0.028700 0.535100
vt 0.033200 0.537900
vt 0.156800 0.651600
vt 0.199400 0.526200
vt 0.278400 0.544700
vt 0.282000 0.540200
vt 0.198700 0.521700
vt 0.616200 0.313500
vt 0.287900 0.966400
vt 0.295000 0.968500
vt 0.295000 0.559900
vt 0.178600 0.981400
vt 0.149100 0.769500
vt 0.174300 0.983600
vt 0.120700 0.263400
vt 0.115800 0.263300
vt 0.044300 0.989900
vt 0.041100 0.993700
vt 0.050100 0.999100
vt 0.051300 0.993800
vt 0.970500 0.161400
vt 0.633100 0.568900
vt 0.944900 0.031100
vt 0.970500 0.030200
vt 0.520100 0.293700
vt 0.518500 0.288200
vt 0.495700 0.287800
vt 0.497400 0.293200
vt 0.535000 0.294300
vt 0.533500 0.288600
vt 0.311900 0.300000
vt 0.311400 0.293100
vt 0.299400 0.294400
vt 0.300300 0.301600
vt 0.324000 0.298700
vt 0.323200 0.292100
vt 0.338200 0.297900
vt 0.336500 0.291700
vt 0.355900 0.298000
vt 0.353500 0.291900
vt 0.373900 0.298300
vt 0.371400 0.292200
vt 0.392300 0.298800
vt 0.390000 0.292600
vt 0.411600 0.299000
vt 0.409700 0.292900
vt 0.432000 0.299100
vt 0.430600 0.293000
vt 0.453400 0.299100
vt 0.452400 0.293100
vt 0.475600 0.299100
vt 0.474800 0.293100
vt 0.498200 0.299100
vt 0.520900 0.299600
vt 0.535700 0.300300
vt 0.312500 0.306100
vt 0.300800 0.307800
vt 0.324700 0.304800
vt 0.339200 0.303800
vt 0.357200 0.303700
vt 0.375400 0.304200
vt 0.393500 0.304700
vt 0.412400 0.305000
vt 0.432200 0.305300
vt 0.453000 0.305100
vt 0.474800 0.305100
vt 0.497200 0.305100
vt 0.520100 0.305600
vt 0.534900 0.306300
vt 0.473000 0.287500
vt 0.450500 0.287200
vt 0.428700 0.286800
vt 0.407700 0.286500
vt 0.387900 0.286200
vt 0.369300 0.285700
vt 0.351500 0.285500
vt 0.335100 0.285300
vt 0.322500 0.285400
vt 0.310800 0.285800
vt 0.298100 0.286200
vt 0.532100 0.282700
vt 0.517000 0.282600
vt 0.494000 0.282300
vt 0.471400 0.282000
vt 0.449200 0.281600
vt 0.427700 0.281100
vt 0.407100 0.280600
vt 0.387400 0.280200
vt 0.368900 0.279800
vt 0.351000 0.279700
vt 0.334700 0.279700
vt 0.322200 0.279700
vt 0.310200 0.279500
vt 0.296900 0.279100
vt 0.531700 0.276600
vt 0.516500 0.276600
vt 0.493400 0.276500
vt 0.470900 0.276200
vt 0.449100 0.275700
vt 0.428200 0.275200
vt 0.408200 0.274900
vt 0.388800 0.274600
vt 0.370400 0.274400
vt 0.352300 0.274300
vt 0.335500 0.274400
vt 0.322500 0.274100
vt 0.310300 0.273500
vt 0.297100 0.273100
vt 0.532600 0.270500
vt 0.517300 0.270600
vt 0.494100 0.270600
vt 0.471600 0.270400
vt 0.450100 0.270000
vt 0.429700 0.269500
vt 0.410200 0.269200
vt 0.391200 0.268800
vt 0.372900 0.268700
vt 0.354700 0.268300
vt 0.337100 0.268000
vt 0.323300 0.267300
vt 0.311000 0.266100
vt 0.298400 0.265000
vt 0.534200 0.264900
vt 0.519100 0.265000
vt 0.495900 0.265100
vt 0.473400 0.264900
vt 0.451900 0.264500
vt 0.431500 0.263900
vt 0.412200 0.263400
vt 0.393400 0.262700
vt 0.375300 0.262300
vt 0.357000 0.261600
vt 0.338700 0.261100
vt 0.324300 0.260200
vt 0.312000 0.258700
vt 0.300100 0.257000
vt 0.535700 0.259100
vt 0.520800 0.259200
vt 0.497800 0.259500
vt 0.475300 0.259400
vt 0.453500 0.259000
vt 0.432800 0.258400
vt 0.413100 0.257500
vt 0.394200 0.256600
vt 0.376000 0.256000
vt 0.357800 0.255200
vt 0.339600 0.254700
vt 0.325000 0.253800
vt 0.313000 0.252400
vt 0.301400 0.250700
vt 0.152500 0.516300
vt 0.165500 0.519800
vt 0.167900 0.490600
vt 0.154800 0.487100
vt 0.166800 0.465600
vt 0.153500 0.462400
vt 0.165400 0.441100
vt 0.151400 0.439300
vt 0.164200 0.417200
vt 0.149600 0.417500
vt 0.163800 0.393600
vt 0.149900 0.396000
vt 0.164200 0.370100
vt 0.151000 0.374100
vt 0.164500 0.346800
vt 0.151900 0.351700
vt 0.165500 0.324100
vt 0.153200 0.328900
vt 0.166600 0.303600
vt 0.154200 0.307100
vt 0.165800 0.284300
vt 0.152700 0.286700
vt 0.162400 0.264100
vt 0.149100 0.266400
vt 0.178700 0.518400
vt 0.180800 0.489400
vt 0.180400 0.465200
vt 0.179400 0.441000
vt 0.178600 0.417100
vt 0.178400 0.393300
vt 0.178300 0.369200
vt 0.178000 0.345500
vt 0.178000 0.322800
vt 0.178600 0.302800
vt 0.178300 0.284400
vt 0.175700 0.264200
vt 0.190800 0.513400
vt 0.191900 0.484800
vt 0.192400 0.461700
vt 0.192800 0.439100
vt 0.192800 0.417100
vt 0.192200 0.394900
vt 0.191400 0.371900
vt 0.190700 0.348300
vt 0.189900 0.325200
vt 0.189500 0.304800
vt 0.189700 0.286300
vt 0.188700 0.265800
vt 0.203100 0.508100
vt 0.202600 0.479800
vt 0.203300 0.457400
vt 0.204200 0.436700
vt 0.204800 0.417200
vt 0.204200 0.397500
vt 0.203200 0.376300
vt 0.202400 0.353600
vt 0.201200 0.330000
vt 0.200400 0.308300
vt 0.200900 0.288700
vt 0.201800 0.267600
vt 0.216500 0.505300
vt 0.214400 0.476800
vt 0.214600 0.454600
vt 0.215400 0.435000
vt 0.216000 0.417100
vt 0.215500 0.399300
vt 0.214900 0.379700
vt 0.214500 0.358000
vt 0.213600 0.334600
vt 0.212600 0.311400
vt 0.213300 0.290100
vt 0.215300 0.268700
vt 0.229800 0.506500
vt 0.226900 0.477400
vt 0.226200 0.454500
vt 0.226200 0.434600
vt 0.226400 0.417100
vt 0.226600 0.399700
vt 0.226700 0.380500
vt 0.227000 0.359300
vt 0.227000 0.336000
vt 0.226500 0.312200
vt 0.226400 0.289700
vt 0.228500 0.267900
vt 0.241900 0.511000
vt 0.239000 0.481500
vt 0.237600 0.457300
vt 0.237200 0.436000
vt 0.237100 0.417000
vt 0.237600 0.398300
vt 0.238400 0.378200
vt 0.239200 0.356600
vt 0.240000 0.333500
vt 0.240200 0.310000
vt 0.239800 0.287600
vt 0.241100 0.265900
vt 0.254200 0.515600
vt 0.251300 0.486500
vt 0.249400 0.461900
vt 0.248900 0.438900
vt 0.249400 0.417100
vt 0.249600 0.395600
vt 0.250200 0.373600
vt 0.250900 0.351100
vt 0.252100 0.328100
vt 0.253300 0.306000
vt 0.253200 0.285400
vt 0.254200 0.264500
vt 0.994100 0.149700
vt 0.991600 0.094600
vt 0.991600 0.151300
vt 0.993600 0.255200
vt 0.994000 0.332700
vt 0.996200 0.330400
vt 0.975400 0.330100
vt 0.980400 0.253200
vt 0.978100 0.254600
vt 0.976000 0.148700
vt 0.979200 0.093800
vt 0.976900 0.095300
vt 0.020200 0.500500
vt 0.129100 0.501100
vt 0.126800 0.498800
vt 0.959900 0.191600
vt 0.942700 0.189400
vt 0.942000 0.191600
vt 0.126800 0.519300
vt 0.015300 0.516000
vt 0.017600 0.518300
vt 0.744600 0.288600
vt 0.757300 0.293700
vt 0.759300 0.292800
vt 0.959900 0.173700
vt 0.942700 0.175900
vt 0.962200 0.175900
vt 0.744300 0.306400
vt 0.756200 0.302400
vt 0.741900 0.304700
vt 0.118300 0.460600
vt 0.022300 0.495900
vt 0.024100 0.500700
vt 0.120100 0.465300
vt 0.684300 0.363400
vt 0.662400 0.343900
vt 0.658700 0.346500
vt 0.681400 0.366800
vt 0.005700 0.474400
vt 0.011800 0.491100
vt 0.123200 0.450100
vt 0.104800 0.400200
vt 0.094300 0.395300
vt 0.796400 0.288900
vt 0.797800 0.286700
vt 0.027000 0.447700
vt 0.025800 0.420500
vt 0.020900 0.431000
vt 0.993900 0.096200
vt 0.122900 0.462700
vt 0.127700 0.452200
vt 0.741900 0.290200
vt 0.991200 0.253800
vt 0.977900 0.332700
vt 0.978600 0.150400
vt 0.018500 0.502900
vt 0.962200 0.189400
vt 0.776600 0.381700
vt 0.776600 0.326800
vt 0.768100 0.318400
vt 0.664300 0.319000
vt 0.657900 0.329300
vt 0.768100 0.390200
vt 0.684300 0.381700
vt 0.692800 0.390200
vt 0.679100 0.363400
vt 0.679100 0.381700
vt 0.129100 0.517000
vt 0.092500 0.390600
vt 0.024000 0.415800
vt 0.692800 0.395400
vt 0.768100 0.395400
vt 0.993600 0.082800
vt 0.977300 0.083000
vt 0.978400 0.243400
vt 0.975600 0.244100
vt 0.973900 0.083800
vt 0.009700 0.495700
vt 0.008400 0.498500
vt 0.997400 0.162100
vt 0.993700 0.162900
vt 0.023100 0.444500
vt 0.001700 0.471300
vt 0.771800 0.393900
vt 0.780200 0.385400
vt 0.680700 0.385400
vt 0.689100 0.393900
vt 0.997400 0.083700
vt 0.016300 0.428900
vt 0.021200 0.418400
vt 0.127900 0.448300
vt 0.109500 0.398400
vt 0.016200 0.432800
vt 0.022300 0.449400
vt 0.780200 0.323100
vt 0.771800 0.314700
vt 0.003700 0.511900
vt 0.993100 0.243100
vt 0.000900 0.476200
vt 0.007100 0.492800
vt 0.014200 0.519100
vt 0.002600 0.515000
vt 0.996200 0.243700
vt 0.972400 0.162200
vt 0.976400 0.163200
vt 0.942000 0.173700
vt 0.797800 0.311400
vt 0.796500 0.309000
vt 0.758100 0.303400
vt 0.781800 0.381700
vt 0.781800 0.326800
vt 0.652900 0.331000
vt 0.106900 0.395600
vt 0.096400 0.390700
vt 0.768100 0.313300
vt 0.664200 0.313900
vt 0.653500 0.326500
vt 0.659800 0.316300
vt 0.471300 0.322800
vt 0.475400 0.322800
vt 0.475400 0.310200
vt 0.471300 0.310200
vt 0.479500 0.322800
vt 0.479500 0.310200
vt 0.483600 0.322800
vt 0.483600 0.310200
vt 0.487700 0.322800
vt 0.487700 0.310200
vt 0.491700 0.322800
vt 0.491700 0.310200
vt 0.495800 0.322800
vt 0.495800 0.310200
vt 0.463200 0.322800
vt 0.467300 0.322800
vt 0.467300 0.310200
vt 0.463200 0.310200
vt 0.784100 0.320200
vt 0.786400 0.322500
vt 0.786900 0.314100
vt 0.784100 0.316900
vt 0.790300 0.322500
vt 0.790800 0.314100
vt 0.793100 0.319700
vt 0.793100 0.316400
vt 0.793500 0.320400
vt 0.790600 0.323200
vt 0.786600 0.323200
vt 0.783700 0.320400
vt 0.783700 0.316300
vt 0.786600 0.313400
vt 0.790600 0.313400
vt 0.793500 0.316300
vt 0.460200 0.497000
vt 0.461200 0.497400
vt 0.461200 0.493300
vt 0.460200 0.493800
vt 0.821400 0.909400
vt 0.820400 0.909900
vt 0.823300 0.912700
vt 0.823700 0.911700
vt 0.829200 0.909400
vt 0.830200 0.909900
vt 0.830200 0.905800
vt 0.829200 0.906200
vt 0.458300 0.490500
vt 0.457900 0.491500
vt 0.826900 0.911700
vt 0.827400 0.912700
vt 0.457900 0.499300
vt 0.458300 0.500300
vt 0.821400 0.906200
vt 0.820400 0.905800
vt 0.470400 0.507200
vt 0.468300 0.507200
vt 0.468300 0.513600
vt 0.470400 0.513600
vt 0.466200 0.507200
vt 0.466200 0.513600
vt 0.464200 0.507200
vt 0.464200 0.513600
vt 0.462100 0.507200
vt 0.462100 0.513600
vt 0.460000 0.507200
vt 0.460000 0.513600
vt 0.457900 0.507200
vt 0.457900 0.513600
vt 0.474600 0.507200
vt 0.472500 0.507200
vt 0.472500 0.513600
vt 0.474600 0.513600
vt 0.293900 0.472800
vt 0.292700 0.471600
vt 0.292400 0.475900
vt 0.293900 0.474500
vt 0.290700 0.471600
vt 0.290400 0.475900
vt 0.289200 0.473000
vt 0.289200 0.474700
vt 0.289000 0.472700
vt 0.290500 0.471200
vt 0.292600 0.471200
vt 0.294100 0.472700
vt 0.294100 0.474800
vt 0.292600 0.476300
vt 0.290500 0.476300
vt 0.289000 0.474800
vt 0.146700 0.517700
vt 0.147200 0.517900
vt 0.147200 0.515800
vt 0.146700 0.516000
vt 0.478200 0.509100
vt 0.477900 0.508600
vt 0.476500 0.510100
vt 0.477000 0.510300
vt 0.478200 0.513100
vt 0.477900 0.513600
vt 0.480000 0.513600
vt 0.479800 0.513100
vt 0.145700 0.514300
vt 0.145500 0.514800
vt 0.477000 0.511900
vt 0.476500 0.512100
vt 0.145500 0.518800
vt 0.145700 0.519300
vt 0.479800 0.509100
vt 0.480000 0.508600
vt 0.847000 0.191500
vt 0.847000 0.185600
vt 0.845400 0.185600
vt 0.845400 0.191500
vt 0.852000 0.191500
vt 0.852000 0.185600
vt 0.850400 0.185600
vt 0.850400 0.191500
vt 0.292300 0.484000
vt 0.292300 0.478200
vt 0.290700 0.478200
vt 0.290700 0.484000
vt 0.843700 0.185600
vt 0.843700 0.191500
vt 0.848700 0.191500
vt 0.848700 0.185600
vt 0.289000 0.478200
vt 0.289000 0.484000
vt 0.294000 0.484000
vt 0.294000 0.478200
vt 0.798800 0.126300
vt 0.805700 0.126300
vt 0.805700 0.123000
vt 0.798800 0.123000
vt 0.798800 0.119800
vt 0.805700 0.119800
vt 0.805700 0.116500
vt 0.798800 0.116500
vt 0.798800 0.139200
vt 0.805700 0.139200
vt 0.805700 0.136000
vt 0.798800 0.136000
vt 0.805700 0.132700
vt 0.798800 0.132700
vt 0.798800 0.129500
vt 0.805700 0.129500
vt 0.798800 0.142500
vt 0.805700 0.142500
vt 0.567700 0.818600
vt 0.583300 0.818600
vt 0.583300 0.805100
vt 0.567700 0.805100
vt 0.947800 0.529000
vt 0.951700 0.530600
vt 0.951700 0.518000
vt 0.947800 0.519600
vt 0.493300 0.818600
vt 0.506100 0.818600
vt 0.506100 0.805100
vt 0.493300 0.805100
vt 0.936300 0.507800
vt 0.937900 0.503900
vt 0.925000 0.503900
vt 0.926600 0.507800
vt 0.521800 0.818600
vt 0.521800 0.805100
vt 0.539600 0.818600
vt 0.549800 0.818600
vt 0.549800 0.805100
vt 0.539600 0.805100
vt 0.919700 0.530900
vt 0.915900 0.532500
vt 0.923100 0.539700
vt 0.924700 0.535800
vt 0.929300 0.537800
vt 0.927700 0.541600
vt 0.940600 0.541600
vt 0.939000 0.537800
vt 0.924400 0.854200
vt 0.934100 0.854200
vt 0.936000 0.822100
vt 0.926300 0.822100
vt 0.920500 0.855000
vt 0.919800 0.852300
vt 0.912800 0.845300
vt 0.911400 0.845900
vt 0.939900 0.821200
vt 0.940600 0.824000
vt 0.947600 0.830900
vt 0.949000 0.830300
vt 0.595900 0.818600
vt 0.595900 0.805100
vt 0.534300 0.818600
vt 0.534300 0.805100
vt 0.935300 0.857000
vt 0.925100 0.857000
vt 0.912800 0.832800
vt 0.911400 0.830300
vt 0.554800 0.818600
vt 0.554800 0.805100
vt 0.921400 0.824200
vt 0.920200 0.821400
vt 0.949000 0.845900
vt 0.947600 0.843500
vt 0.939000 0.852000
vt 0.940200 0.854800
vt 0.914000 0.514900
vt 0.917800 0.516500
vt 0.925100 0.819300
vt 0.935300 0.819300
vt 0.898300 0.601000
vt 0.902500 0.597800
vt 0.897300 0.589400
vt 0.892500 0.591700
vt 0.945900 0.514600
vt 0.949800 0.513000
vt 0.942500 0.505800
vt 0.941000 0.509700
vt 0.914000 0.527500
vt 0.917800 0.525900
vt 0.908900 0.612200
vt 0.912100 0.606800
vt 0.906100 0.601800
vt 0.902000 0.605700
vt 0.886900 0.547900
vt 0.892000 0.548500
vt 0.894100 0.538800
vt 0.888900 0.537000
vt 0.895700 0.523900
vt 0.900700 0.527300
vt 0.907400 0.518900
vt 0.903100 0.515000
vt 0.886300 0.561600
vt 0.892000 0.561300
vt 0.891700 0.553800
vt 0.886400 0.553500
vt 0.893700 0.577200
vt 0.888100 0.578500
vt 0.892200 0.567200
vt 0.886900 0.567700
vt 0.919500 0.820300
vt 0.924700 0.818000
vt 0.527900 0.343500
vt 0.527600 0.344800
vt 0.533900 0.346500
vt 0.534300 0.345100
vt 0.940900 0.856000
vt 0.935700 0.858300
vt 0.536300 0.314500
vt 0.536300 0.315900
vt 0.542900 0.315900
vt 0.542900 0.314500
vt 0.912100 0.514500
vt 0.908100 0.509200
vt 0.478100 0.818600
vt 0.488200 0.818600
vt 0.488200 0.805100
vt 0.478100 0.805100
vt 0.525000 0.354600
vt 0.531300 0.356300
vt 0.601200 0.805100
vt 0.601200 0.818600
vt 0.136200 0.469800
vt 0.134600 0.482600
vt 0.141200 0.483400
vt 0.142700 0.470600
vt 0.542900 0.328500
vt 0.536300 0.328500
vt 0.132700 0.498100
vt 0.131200 0.510600
vt 0.137800 0.511400
vt 0.139300 0.498900
vt 0.688300 0.416200
vt 0.688300 0.406000
vt 0.681700 0.406000
vt 0.681700 0.416200
vt 0.542900 0.344100
vt 0.536300 0.344100
vt 0.542900 0.357000
vt 0.536300 0.357000
vt 0.143300 0.512800
vt 0.137600 0.512800
vt 0.137600 0.519300
vt 0.143300 0.519300
vt 0.536300 0.358300
vt 0.531000 0.357700
vt 0.530100 0.364200
vt 0.535500 0.364900
vt 0.672000 0.397300
vt 0.672000 0.403000
vt 0.678600 0.403000
vt 0.678600 0.397300
vt 0.681700 0.399300
vt 0.681700 0.404600
vt 0.688300 0.404600
vt 0.688300 0.399300
vt 0.555000 0.820000
vt 0.549600 0.820000
vt 0.539800 0.820000
vt 0.534200 0.820000
vt 0.542900 0.358300
vt 0.524600 0.356000
vt 0.143100 0.511400
vt 0.924700 0.858300
vt 0.919800 0.856200
vt 0.688300 0.417600
vt 0.681700 0.417600
vt 0.935700 0.818000
vt 0.940600 0.820000
vt 0.136300 0.468400
vt 0.142900 0.469200
vt 0.131000 0.512000
vt 0.894000 0.610800
vt 0.887800 0.606800
vt 0.865200 0.569600
vt 0.865500 0.562500
vt 0.889400 0.522000
vt 0.897600 0.510800
vt 0.867900 0.553100
vt 0.870700 0.546900
vt 0.902100 0.503900
vt 0.867000 0.582400
vt 0.877900 0.535500
vt 0.876500 0.597800
vt 0.902600 0.616500
vt 0.902900 0.211500
vt 0.886000 0.194300
vt 0.880200 0.209100
vt 0.887700 0.218000
vt 0.843700 0.211400
vt 0.843800 0.231400
vt 0.858300 0.226900
vt 0.859000 0.217700
vt 0.858100 0.251500
vt 0.866300 0.234600
vt 0.887300 0.249800
vt 0.899000 0.238900
vt 0.885700 0.230400
vt 0.879900 0.235200
vt 0.848400 0.346100
vt 0.858100 0.346100
vt 0.860000 0.314000
vt 0.850200 0.314000
vt 0.844400 0.347000
vt 0.843700 0.344200
vt 0.836800 0.337300
vt 0.835300 0.337900
vt 0.863900 0.313100
vt 0.864600 0.315900
vt 0.871500 0.322900
vt 0.873000 0.322300
vt 0.867300 0.193400
vt 0.870700 0.207800
vt 0.879600 0.252700
vt 0.875600 0.236400
vt 0.859300 0.348900
vt 0.849100 0.348900
vt 0.836800 0.324700
vt 0.835300 0.322300
vt 0.902900 0.232300
vt 0.887400 0.226900
vt 0.845400 0.316200
vt 0.844200 0.313400
vt 0.873000 0.337900
vt 0.871500 0.335400
vt 0.863000 0.344000
vt 0.864100 0.346800
vt 0.849100 0.311200
vt 0.859300 0.311200
vt 0.843500 0.312200
vt 0.848700 0.309900
vt 0.882600 0.296500
vt 0.882600 0.297900
vt 0.889100 0.297900
vt 0.889100 0.296500
vt 0.864800 0.347900
vt 0.859600 0.350200
vt 0.839200 0.911400
vt 0.840600 0.911400
vt 0.840600 0.904800
vt 0.839200 0.904800
vt 0.860400 0.195900
vt 0.847800 0.204800
vt 0.860800 0.214100
vt 0.866600 0.208900
vt 0.690200 0.399300
vt 0.690200 0.409500
vt 0.696800 0.409500
vt 0.696800 0.399300
vt 0.691100 0.419000
vt 0.691100 0.431900
vt 0.697600 0.431900
vt 0.697600 0.419000
vt 0.790000 0.906100
vt 0.777400 0.906100
vt 0.777400 0.912700
vt 0.790000 0.912700
vt 0.691100 0.447500
vt 0.691100 0.460000
vt 0.697600 0.460000
vt 0.697600 0.447500
vt 0.860400 0.296000
vt 0.870600 0.296000
vt 0.870600 0.289400
vt 0.860400 0.289400
vt 0.805600 0.906100
vt 0.805600 0.912700
vt 0.818500 0.906100
vt 0.818500 0.912700
vt 0.889100 0.290800
vt 0.882600 0.290800
vt 0.604800 0.812800
vt 0.604300 0.816300
vt 0.610700 0.818100
vt 0.610700 0.810900
vt 0.833500 0.911400
vt 0.833500 0.904800
vt 0.873900 0.296000
vt 0.879300 0.296000
vt 0.879300 0.289400
vt 0.873900 0.289400
vt 0.874100 0.297400
vt 0.879100 0.297400
vt 0.833700 0.912700
vt 0.839000 0.912700
vt 0.610100 0.809200
vt 0.603300 0.811900
vt 0.603100 0.817100
vt 0.610000 0.820000
vt 0.880700 0.296000
vt 0.880700 0.289400
vt 0.147200 0.506700
vt 0.145800 0.506900
vt 0.145800 0.512300
vt 0.147200 0.512400
vt 0.848700 0.350200
vt 0.843700 0.348200
vt 0.832100 0.904800
vt 0.832100 0.911400
vt 0.859600 0.309900
vt 0.864600 0.311900
vt 0.872500 0.289400
vt 0.872500 0.296000
vt 0.889100 0.289400
vt 0.882600 0.289400
vt 0.255500 0.050900
vt 0.266400 0.050900
vt 0.266400 0.041400
vt 0.255500 0.041400
vt 0.036900 0.055900
vt 0.039600 0.054800
vt 0.033300 0.048600
vt 0.032200 0.051300
vt 0.203400 0.050900
vt 0.212400 0.050900
vt 0.212400 0.041400
vt 0.203400 0.041400
vt 0.020700 0.051100
vt 0.019600 0.048400
vt 0.013200 0.054800
vt 0.015900 0.055900
vt 0.223400 0.050900
vt 0.223400 0.041400
vt 0.235900 0.050900
vt 0.243000 0.050900
vt 0.243000 0.041400
vt 0.235900 0.041400
vt 0.023900 0.070700
vt 0.022800 0.073400
vt 0.029900 0.073400
vt 0.028800 0.070700
vt 0.032100 0.069400
vt 0.033200 0.072100
vt 0.039600 0.065700
vt 0.036900 0.064600
vt 0.879700 0.308900
vt 0.879700 0.315700
vt 0.902100 0.317000
vt 0.902100 0.310200
vt 0.879100 0.306200
vt 0.881000 0.305700
vt 0.885900 0.300800
vt 0.885400 0.299800
vt 0.902700 0.319700
vt 0.900800 0.320200
vt 0.895900 0.325100
vt 0.896400 0.326100
vt 0.275200 0.050900
vt 0.275200 0.041400
vt 0.232100 0.050900
vt 0.232100 0.041400
vt 0.877700 0.316500
vt 0.877700 0.309400
vt 0.894600 0.300800
vt 0.896400 0.299800
vt 0.246500 0.050900
vt 0.246500 0.041400
vt 0.900600 0.306800
vt 0.902600 0.306000
vt 0.885400 0.326100
vt 0.887200 0.325100
vt 0.881200 0.319100
vt 0.879200 0.319900
vt 0.013200 0.065700
vt 0.015900 0.064600
vt 0.904100 0.309400
vt 0.904100 0.316500
vt 0.319900 0.076800
vt 0.322800 0.074600
vt 0.319200 0.068700
vt 0.315900 0.070300
vt 0.028800 0.049800
vt 0.029900 0.047100
vt 0.022800 0.047100
vt 0.023900 0.049800
vt 0.019400 0.071900
vt 0.020500 0.069200
vt 0.327200 0.084700
vt 0.329500 0.080900
vt 0.325300 0.077400
vt 0.322500 0.080100
vt 0.312600 0.039500
vt 0.316600 0.040200
vt 0.318300 0.032800
vt 0.314200 0.031400
vt 0.318900 0.022300
vt 0.322100 0.024300
vt 0.326400 0.019000
vt 0.323700 0.016400
vt 0.312000 0.049400
vt 0.315700 0.049300
vt 0.316000 0.044100
vt 0.312200 0.043700
vt 0.316800 0.060200
vt 0.312900 0.061000
vt 0.315800 0.053300
vt 0.312200 0.053600
vt 0.903400 0.305500
vt 0.905000 0.309100
vt 0.133300 0.451600
vt 0.133100 0.452500
vt 0.137600 0.453700
vt 0.137800 0.452700
vt 0.878400 0.320400
vt 0.876800 0.316800
vt 0.139200 0.431300
vt 0.139200 0.432300
vt 0.143800 0.432300
vt 0.143800 0.431300
vt 0.329500 0.016100
vt 0.326900 0.012700
vt 0.192800 0.050900
vt 0.199900 0.050900
vt 0.199900 0.041400
vt 0.192800 0.041400
vt 0.131300 0.459400
vt 0.135700 0.460600
vt 0.278900 0.041400
vt 0.278900 0.050900
vt 0.701200 0.407600
vt 0.710100 0.408600
vt 0.710700 0.404100
vt 0.701700 0.403000
vt 0.143800 0.441100
vt 0.139200 0.441100
vt 0.721000 0.410000
vt 0.729700 0.411000
vt 0.730200 0.406400
vt 0.721500 0.405400
vt 0.293600 0.497800
vt 0.293600 0.490600
vt 0.289000 0.490600
vt 0.289000 0.497800
vt 0.143800 0.452000
vt 0.139200 0.452000
vt 0.143800 0.461000
vt 0.139200 0.461000
vt 0.731200 0.402600
vt 0.731200 0.406600
vt 0.735800 0.406600
vt 0.735800 0.402600
vt 0.139200 0.462000
vt 0.135500 0.461500
vt 0.134900 0.466100
vt 0.138600 0.466500
vt 0.289000 0.458700
vt 0.289000 0.462700
vt 0.293600 0.462700
vt 0.293600 0.458700
vt 0.289000 0.485900
vt 0.289000 0.489700
vt 0.293600 0.489700
vt 0.293600 0.485900
vt 0.246600 0.051900
vt 0.242900 0.051900
vt 0.236000 0.051900
vt 0.232000 0.051900
vt 0.143800 0.462000
vt 0.131000 0.460300
vt 0.730200 0.402700
vt 0.876800 0.309100
vt 0.878200 0.305700
vt 0.293600 0.498700
vt 0.289000 0.498700
vt 0.905000 0.316800
vt 0.903600 0.320200
vt 0.700200 0.407400
vt 0.700800 0.402900
vt 0.730600 0.411100
vt 0.316800 0.083600
vt 0.312500 0.080800
vt 0.296900 0.054700
vt 0.297200 0.049700
vt 0.314700 0.021000
vt 0.320100 0.013700
vt 0.298900 0.043100
vt 0.301000 0.038600
vt 0.323000 0.009200
vt 0.298100 0.063600
vt 0.306300 0.030300
vt 0.304700 0.074400
vt 0.322800 0.087600
vt 0.875000 0.817300
vt 0.874800 0.829000
vt 0.881700 0.826000
vt 0.882500 0.821000
vt 0.895100 0.836800
vt 0.902000 0.829600
vt 0.894900 0.826600
vt 0.891500 0.829700
vt 0.902000 0.818700
vt 0.895500 0.821200
vt 0.892700 0.809800
vt 0.885300 0.810200
vt 0.887200 0.817000
vt 0.890700 0.817100
vt 0.764100 0.910800
vt 0.768600 0.910800
vt 0.769500 0.895900
vt 0.764900 0.895900
vt 0.762200 0.911200
vt 0.761900 0.909900
vt 0.758700 0.906700
vt 0.758000 0.907000
vt 0.771300 0.895500
vt 0.771600 0.896800
vt 0.774800 0.900000
vt 0.775500 0.899700
vt 0.880800 0.835400
vt 0.884400 0.829400
vt 0.896400 0.811200
vt 0.892500 0.818000
vt 0.769100 0.912100
vt 0.764400 0.912100
vt 0.758700 0.900900
vt 0.758000 0.899700
vt 0.882400 0.811400
vt 0.885500 0.817700
vt 0.762700 0.896900
vt 0.762100 0.895600
vt 0.775500 0.907000
vt 0.774800 0.905800
vt 0.770900 0.909800
vt 0.771400 0.911100
vt 0.764400 0.894600
vt 0.769100 0.894600
vt 0.761800 0.895000
vt 0.764200 0.894000
vt 0.458100 0.481300
vt 0.458100 0.481900
vt 0.461200 0.481900
vt 0.461200 0.481300
vt 0.771700 0.911700
vt 0.769300 0.912700
vt 0.292300 0.451200
vt 0.293000 0.451200
vt 0.293000 0.448100
vt 0.292300 0.448100
vt 0.884000 0.836800
vt 0.891500 0.838100
vt 0.889700 0.830300
vt 0.886200 0.830300
vt 0.458100 0.483800
vt 0.458100 0.488600
vt 0.461200 0.488600
vt 0.461200 0.483800
vt 0.289000 0.500600
vt 0.289000 0.506600
vt 0.292100 0.506600
vt 0.292100 0.500600
vt 0.463800 0.502200
vt 0.457900 0.502200
vt 0.457900 0.505300
vt 0.463800 0.505300
vt 0.289000 0.513900
vt 0.289000 0.519800
vt 0.292100 0.519800
vt 0.292100 0.513900
vt 0.289000 0.456800
vt 0.293800 0.456800
vt 0.293800 0.453700
vt 0.289000 0.453700
vt 0.471000 0.502200
vt 0.471000 0.505300
vt 0.477000 0.502200
vt 0.477000 0.505300
vt 0.461200 0.478600
vt 0.458100 0.478600
vt 0.292200 0.468200
vt 0.292300 0.466600
vt 0.289800 0.465300
vt 0.289000 0.468600
vt 0.289700 0.451200
vt 0.289700 0.448100
vt 0.289800 0.445600
vt 0.292300 0.445600
vt 0.292300 0.442500
vt 0.289800 0.442500
vt 0.289900 0.446200
vt 0.292200 0.446200
vt 0.289800 0.451800
vt 0.292200 0.451800
vt 0.289100 0.469300
vt 0.292900 0.468800
vt 0.292900 0.466300
vt 0.290300 0.464600
vt 0.293000 0.445600
vt 0.293000 0.442500
vt 0.294600 0.517100
vt 0.294000 0.517200
vt 0.294000 0.519700
vt 0.294600 0.519800
vt 0.764200 0.912700
vt 0.761900 0.911800
vt 0.289000 0.448100
vt 0.289000 0.451200
vt 0.769300 0.894000
vt 0.771600 0.894900
vt 0.289200 0.442500
vt 0.289200 0.445600
vt 0.461200 0.478000
vt 0.458100 0.478000
s 0
usemtl 015M
f 1/1/1 2/2/1 3/3/1
f 3/3/1 4/4/1 1/1/1
f 5/5/1 6/6/1 7/7/1
f 7/7/1 8/8/1 5/5/1
f 9/9/2 10/6/2 11/5/2
f 11/5/2 12/10/2 9/9/2
f 13/11/2 14/2/2 15/1/2
f 15/1/2 16/12/2 13/11/2
f 17/13/3 18/8/3 19/7/3
f 19/7/3 20/14/3 17/13/3
f 21/15/3 22/4/3 23/3/3
f 23/3/3 24/16/3 21/15/3
f 25/17/1 26/13/1 27/14/1
f 27/14/1 28/18/1 25/17/1
f 29/19/1 30/15/1 31/16/1
f 31/16/1 32/20/1 29/19/1
f 33/21/4 34/17/4 35/18/4
f 35/18/4 36/22/4 33/21/4
f 37/23/4 38/19/4 39/20/4
f 39/20/4 40/24/4 37/23/4
f 41/25/1 42/21/1 43/22/1
f 43/22/1 44/26/1 41/25/1
f 45/27/1 46/23/1 47/24/1
f 47/24/1 48/28/1 45/27/1
f 49/29/5 50/25/5 51/26/5
f 51/26/5 52/30/5 49/29/5
f 53/31/5 54/27/5 55/28/5
f 55/28/6 56/32/6 53/31/6
f 57/33/7 58/34/7 59/35/7
f 59/35/7 60/36/7 57/33/7
f 61/37/7 62/38/7 63/39/7
f 63/39/7 64/40/7 61/37/7
f 65/41/8 66/33/8 67/36/8
f 67/36/8 68/42/8 65/41/8
f 69/43/8 70/37/8 71/40/8
f 71/40/8 72/44/8 69/43/8
f 73/45/7 74/46/7 75/47/7
f 75/47/7 76/48/7 73/45/7
f 77/49/7 78/50/7 79/51/7
f 79/51/7 80/52/7 77/49/7
f 81/53/9 82/54/9 83/55/9
f 83/55/9 84/56/9 81/53/9
f 85/57/9 86/58/9 87/59/9
f 87/59/9 88/60/9 85/57/9
f 89/61/9 81/53/9 84/56/9
f 84/56/9 90/62/9 89/61/9
f 91/63/9 85/57/9 88/60/9
f 88/60/9 92/64/9 91/63/9
f 93/65/10 94/66/10 95/67/10
f 95/67/10 96/68/10 93/65/10
f 97/69/10 98/70/10 99/71/10
f 99/71/10 100/72/10 97/69/10
f 101/73/1 102/74/1 103/75/1
f 103/75/1 104/76/1 101/73/1
f 105/77/1 106/78/1 107/79/1
f 107/79/1 108/80/1 105/77/1
f 109/81/10 110/82/10 111/83/10
f 111/83/10 112/84/10 109/81/10
f 113/85/10 114/86/10 115/87/10
f 115/87/10 116/88/10 113/85/10
f 117/89/11 118/90/11 119/91/11
f 119/91/11 120/92/11 117/89/11
f 121/93/11 122/94/11 123/95/11
f 123/95/11 124/96/11 121/93/11
f 125/97/1 126/93/1 127/96/1
f 127/96/1 128/98/1 125/97/1
f 129/99/1 130/89/1 131/92/1
f 131/92/1 132/100/1 129/99/1
f 133/101/10 134/102/10 135/103/10
f 135/103/10 136/104/10 133/101/10
f 137/105/10 138/106/10 139/107/10
f 139/107/10 140/108/10 137/105/10
f 141/109/10 142/110/10 143/111/10
f 143/111/10 144/112/10 141/109/10
f 145/113/10 146/114/10 147/115/10
f 147/115/10 148/116/10 145/113/10
f 149/117/10 150/118/10 151/119/10
f 151/119/10 152/120/10 149/117/10
f 153/121/10 154/122/10 155/123/10
f 155/123/10 156/124/10 153/121/10
f 157/125/12 158/126/12 159/127/12
f 159/127/12 160/128/12 157/125/12
f 161/129/12 162/130/12 163/131/12
f 163/131/13 164/132/13 161/129/13
f 165/133/9 166/125/9 167/128/9
f 167/128/9 168/134/9 165/133/9
f 169/135/9 170/129/9 171/132/9
f 171/132/9 172/136/9 169/135/9
f 173/137/14 174/133/14 175/134/14
s 1
f 175/134/14 176/138/14 173/137/14
s 0
f 177/139/14 178/135/14 179/136/14
f 179/136/14 180/140/14 177/139/14
f 181/141/9 182/137/9 183/138/9
f 183/138/9 184/142/9 181/141/9
f 185/143/9 186/139/9 187/140/9
f 187/140/9 188/144/9 185/143/9
f 189/145/15 190/141/15 191/142/15
f 191/142/15 192/146/15 189/145/15
f 193/147/15 194/143/15 195/144/15
f 195/144/15 196/148/15 193/147/15
f 197/149/7 198/150/7 199/151/7
f 199/151/7 200/152/7 197/149/7
f 201/153/7 202/154/7 203/155/7
f 203/155/7 204/156/7 201/153/7
f 205/157/7 206/158/7 207/159/7
f 207/159/7 208/160/7 205/157/7
f 209/161/7 210/162/7 211/163/7
f 211/163/7 212/164/7 209/161/7
f 213/165/16 214/166/16 215/167/16
f 215/167/16 216/168/16 213/165/16
f 217/169/16 218/170/16 219/171/16
f 219/171/16 220/172/16 217/169/16
f 221/173/1 222/165/1 223/168/1
f 223/168/1 224/174/1 221/173/1
f 225/175/1 226/169/1 227/172/1
f 227/172/1 228/176/1 225/175/1
f 229/177/17 230/178/17 231/179/17
f 231/179/17 232/180/17 229/177/17
f 233/181/17 234/182/17 235/183/17
f 235/183/17 236/184/17 233/181/17
f 237/181/18 238/185/18 239/186/18
f 239/186/18 240/182/18 237/181/18
f 241/177/18 242/187/18 243/188/18
f 243/188/18 244/178/18 241/177/18
f 245/183/19 246/189/19 247/190/19
f 247/190/19 248/184/19 245/183/19
f 249/179/19 250/191/19 251/192/19
f 251/192/19 252/180/19 249/179/19
f 253/189/20 254/193/20 255/194/20
f 255/194/20 256/190/20 253/189/20
f 257/191/20 258/195/20 259/196/20
f 259/196/20 260/192/20 257/191/20
f 261/193/21 262/197/21 263/198/21
f 263/198/21 264/194/21 261/193/21
f 265/195/21 266/199/21 267/200/21
f 267/200/21 268/196/21 265/195/21
f 269/197/22 270/201/22 271/202/22
f 271/202/22 272/198/22 269/197/22
f 273/199/22 274/203/22 275/204/22
f 275/204/22 276/200/22 273/199/22
f 277/201/23 278/205/23 279/206/23
f 279/206/23 280/202/23 277/201/23
f 281/203/23 282/207/23 283/208/23
f 283/208/23 284/204/23 281/203/23
f 285/209/24 286/210/24 287/211/24
f 287/211/24 288/212/24 285/209/24
f 289/213/24 290/214/24 291/215/24
f 291/215/24 292/216/24 289/213/24
f 293/210/25 294/217/25 295/218/25
f 295/218/25 296/211/25 293/210/25
f 297/214/25 298/219/25 299/220/25
f 299/220/25 300/215/25 297/214/25
f 301/221/26 302/222/26 303/223/26
f 303/223/26 304/224/26 301/221/26
f 305/225/26 306/226/26 307/227/26
f 307/227/26 308/228/26 305/225/26
f 309/229/27 310/230/27 311/231/27
f 311/231/27 312/232/27 309/229/27
f 313/233/27 314/234/27 315/235/27
f 315/235/27 316/236/27 313/233/27
f 317/230/1 318/237/1 319/238/1
f 319/238/1 320/231/1 317/230/1
f 321/234/1 322/239/1 323/240/1
f 323/240/1 324/235/1 321/234/1
f 325/241/7 326/242/7 327/243/7
f 327/243/7 328/244/7 325/241/7
f 329/245/7 330/246/7 331/247/7
f 331/247/7 332/248/7 329/245/7
f 333/249/28 334/250/28 335/251/28
f 335/251/28 336/252/28 333/249/28
f 337/253/28 338/254/28 339/255/28
f 339/255/28 340/256/28 337/253/28
f 341/257/29 342/258/29 343/259/29
f 343/259/29 344/260/29 341/257/29
f 345/261/29 346/262/29 347/263/29
f 347/263/29 348/264/29 345/261/29
f 349/265/30 350/266/30 351/267/30
f 351/267/30 352/268/30 349/265/30
f 353/269/30 354/270/30 355/271/30
f 355/271/30 356/272/30 353/269/30
f 357/270/31 358/273/31 359/274/31
f 359/274/31 360/271/31 357/270/31
f 361/266/31 362/275/31 363/276/31
f 363/276/31 364/267/31 361/266/31
f 365/277/7 366/278/7 367/279/7
f 367/279/7 368/280/7 365/277/7
f 369/281/7 370/282/7 371/283/7
f 371/283/7 372/284/7 369/281/7
f 373/285/7 374/286/7 375/287/7
f 375/287/7 376/288/7 373/285/7
f 377/289/7 378/290/7 379/291/7
f 379/291/7 380/292/7 377/289/7
f 381/293/32 382/294/32 383/295/32
f 383/295/32 384/296/32 381/293/32
f 385/297/32 386/298/32 387/299/32
f 387/299/32 388/300/32 385/297/32
f 389/301/33 390/302/33 391/303/33
f 391/303/33 392/304/33 389/301/33
s 1
f 393/305/33 394/306/33 395/307/33
s 0
f 395/307/33 396/308/33 393/305/33
f 397/302/34 398/309/34 399/310/34
f 399/310/34 400/303/34 397/302/34
f 401/306/34 402/311/34 403/312/34
f 403/312/34 404/307/34 401/306/34
f 405/309/35 406/313/35 407/314/35
s 1
f 407/314/35 408/310/35 405/309/35
s 0
f 409/311/35 410/315/35 411/316/35
f 411/316/35 412/312/35 409/311/35
f 413/313/36 414/317/36 415/318/36
f 415/318/36 416/314/36 413/313/36
f 417/315/36 418/319/36 419/320/36
f 419/320/36 420/316/36 417/315/36
f 421/317/37 422/321/37 423/322/37
f 423/322/37 424/318/37 421/317/37
f 425/319/37 426/323/37 427/324/37
f 427/324/37 428/320/37 425/319/37
f 429/325/38 430/326/38 431/327/38
f 431/327/38 432/328/38 429/325/38
f 433/329/38 434/330/38 435/331/38
f 435/331/38 436/332/38 433/329/38
f 437/333/10 438/334/10 439/335/10
f 439/335/10 440/336/10 437/333/10
f 441/337/10 442/338/10 443/339/10
f 443/339/10 444/340/10 441/337/10
f 445/341/39 446/342/39 447/343/39
f 447/343/39 448/344/39 445/341/39
f 449/345/39 450/346/39 451/347/39
f 451/347/39 452/348/39 449/345/39
f 453/342/40 454/349/40 455/350/40
f 455/350/40 456/343/40 453/342/40
f 457/346/40 458/351/40 459/352/40
f 459/352/40 460/347/40 457/346/40
f 461/184/41 462/7/41 463/6/41
f 463/6/41 464/181/41 461/184/41
f 465/353/42 466/10/42 467/5/42
f 467/5/42 468/354/42 465/353/42
f 464/181/41 463/6/41 469/9/41
f 469/9/41 470/185/41 464/181/41
f 471/188/42 472/12/42 473/1/42
f 473/1/42 474/178/42 471/188/42
f 475/355/41 476/2/41 477/11/41
f 477/11/41 478/356/41 475/355/41
f 474/178/42 473/1/42 479/4/42
f 479/4/42 480/179/42 474/178/42
f 468/354/42 467/5/42 481/8/42
f 481/8/42 482/357/42 468/354/42
f 483/358/41 484/3/41 476/2/41
f 476/2/41 475/355/41 483/358/41
f 482/357/42 481/8/42 485/13/42
f 485/13/42 486/359/42 482/357/42
f 487/190/41 488/14/41 462/7/41
f 462/7/41 461/184/41 487/190/41
f 480/179/42 479/4/42 489/15/42
f 489/15/42 490/191/42 480/179/42
f 491/360/41 492/16/41 484/3/41
f 484/3/41 483/358/41 491/360/41
f 486/359/42 485/13/42 493/17/42
f 493/17/42 494/361/42 486/359/42
f 495/194/41 496/18/41 488/14/41
f 488/14/41 487/190/41 495/194/41
f 490/191/42 489/15/42 497/19/42
f 497/19/42 498/195/42 490/191/42
f 499/362/41 500/20/41 492/16/41
f 492/16/41 491/360/41 499/362/41
f 494/361/42 493/17/42 501/21/42
f 501/21/42 502/363/42 494/361/42
f 503/198/41 504/22/41 496/18/41
f 496/18/41 495/194/41 503/198/41
f 498/195/42 497/19/42 505/23/42
f 505/23/42 506/199/42 498/195/42
f 507/364/41 508/24/41 500/20/41
f 500/20/41 499/362/41 507/364/41
f 502/363/42 501/21/42 509/25/42
f 509/25/42 510/365/42 502/363/42
f 511/202/41 512/26/41 504/22/41
f 504/22/41 503/198/41 511/202/41
f 506/199/42 505/23/42 513/27/42
f 513/27/42 514/203/42 506/199/42
f 515/366/41 516/28/41 508/24/41
f 508/24/41 507/364/41 515/366/41
f 510/365/42 509/25/42 517/29/42
f 517/29/42 518/367/42 510/365/42
f 519/206/41 520/30/41 512/26/41
f 512/26/41 511/202/41 519/206/41
f 514/203/42 513/27/42 521/31/42
f 521/31/42 522/207/42 514/203/42
f 523/368/41 524/32/41 516/28/41
f 516/28/41 515/366/41 523/368/41
f 525/369/42 526/34/42 527/33/42
f 527/33/42 528/370/42 525/369/42
f 529/211/41 530/36/41 531/35/41
f 531/35/41 532/212/41 529/211/41
f 533/213/42 534/38/42 535/37/42
f 535/37/42 536/214/42 533/213/42
f 537/371/41 538/40/41 539/39/41
f 539/39/41 540/372/41 537/371/41
f 528/370/42 527/33/42 541/41/42
f 541/41/42 542/373/42 528/370/42
f 543/218/41 544/42/41 530/36/41
f 530/36/41 529/211/41 543/218/41
f 536/214/42 535/37/42 545/43/42
f 545/43/42 546/219/42 536/214/42
f 547/374/41 548/44/41 538/40/41
f 538/40/41 537/371/41 547/374/41
f 549/375/42 550/46/42 551/45/42
f 551/45/42 552/376/42 549/375/42
f 553/223/41 554/48/41 555/47/41
f 555/47/41 556/224/41 553/223/41
f 557/225/42 558/50/42 559/49/42
f 559/49/42 560/226/42 557/225/42
f 561/377/41 562/52/41 563/51/41
f 563/51/41 564/378/41 561/377/41
f 565/379/42 566/54/42 567/53/42
f 567/53/42 568/380/42 565/379/42
f 569/231/41 570/56/41 571/55/41
f 571/55/41 572/232/41 569/231/41
f 573/233/42 574/58/42 575/57/42
f 575/57/42 576/234/42 573/233/42
f 577/381/41 578/60/41 579/59/41
f 579/59/41 580/382/41 577/381/41
f 581/383/10 582/384/10 583/385/10
f 583/385/10 584/386/10 581/383/10
f 585/387/10 586/388/10 587/389/10
f 587/389/10 588/390/10 585/387/10
f 568/380/42 567/53/42 589/61/42
f 589/61/42 590/391/42 568/380/42
f 591/238/41 592/62/41 570/56/41
f 570/56/41 569/231/41 591/238/41
f 576/234/42 575/57/42 593/63/42
f 593/63/42 594/239/42 576/234/42
f 595/392/41 596/64/41 578/60/41
f 578/60/41 577/381/41 595/392/41
f 597/393/9 598/71/9 599/70/9
f 599/70/9 600/394/9 597/393/9
f 601/395/9 602/67/9 603/66/9
f 603/66/9 604/396/9 601/395/9
f 605/397/1 606/69/1 607/72/1
f 607/72/1 608/398/1 605/397/1
f 609/399/1 610/65/1 611/68/1
f 611/68/1 612/400/1 609/399/1
f 613/401/42 614/66/42 615/65/42
f 615/65/42 616/402/42 613/401/42
f 617/243/41 618/68/41 619/67/41
f 619/67/41 620/244/41 617/243/41
f 621/245/42 622/70/42 623/69/42
f 623/69/42 624/246/42 621/245/42
f 625/403/41 626/72/41 627/71/41
f 627/71/41 628/404/41 625/403/41
f 629/255/42 630/80/42 631/79/42
f 631/79/42 632/256/42 629/255/42
f 633/257/41 634/82/41 635/81/41
f 635/81/41 636/258/41 633/257/41
f 637/405/41 638/78/41 639/77/41
f 639/77/41 640/406/41 637/405/41
f 641/249/41 642/74/41 643/73/41
f 643/73/41 644/250/41 641/249/41
f 645/407/42 646/76/42 647/75/42
f 647/75/42 648/408/42 645/407/42
f 649/409/41 650/86/41 651/85/41
f 651/85/41 652/410/41 649/409/41
f 653/263/42 654/88/42 655/87/42
f 655/87/42 656/264/42 653/263/42
f 657/411/42 658/84/42 659/83/42
f 659/83/42 660/412/42 657/411/42
f 661/265/41 662/90/41 663/89/41
f 663/89/41 664/266/41 661/265/41
f 665/413/42 666/92/42 667/91/42
f 667/91/42 668/414/42 665/413/42
f 669/415/41 670/94/41 671/93/41
f 671/93/41 672/416/41 669/415/41
f 673/271/42 674/96/42 675/95/42
f 675/95/42 676/272/42 673/271/42
f 672/416/41 671/93/41 677/97/41
f 677/97/41 678/417/41 672/416/41
f 679/274/42 680/98/42 674/96/42
f 674/96/42 673/271/42 679/274/42
f 664/266/41 663/89/41 681/99/41
f 681/99/41 682/275/41 664/266/41
f 683/418/42 684/100/42 666/92/42
f 666/92/42 665/413/42 683/418/42
f 685/284/9 686/419/9 687/420/9
f 687/420/9 688/281/9 685/284/9
f 689/280/9 690/421/9 691/422/9
f 691/422/9 692/277/9 689/280/9
f 693/282/1 694/423/1 695/424/1
f 695/424/1 696/283/1 693/282/1
f 697/278/1 698/425/1 699/426/1
f 699/426/1 700/279/1 697/278/1
f 701/277/42 702/427/42 703/428/42
f 703/428/42 704/278/42 701/277/42
f 705/279/41 706/104/41 707/103/41
f 707/103/41 708/280/41 705/279/41
f 709/281/42 710/106/42 711/105/42
f 711/105/42 712/282/42 709/281/42
f 713/283/41 714/429/41 715/430/41
f 715/430/41 716/284/41 713/283/41
f 717/292/9 718/431/9 719/432/9
f 719/432/9 720/289/9 717/292/9
f 721/288/9 722/433/9 723/434/9
f 723/434/9 724/285/9 721/288/9
f 725/290/1 726/435/1 727/436/1
f 727/436/1 728/291/1 725/290/1
f 729/286/1 730/437/1 731/438/1
f 731/438/1 732/287/1 729/286/1
f 733/285/42 734/439/42 735/440/42
f 735/440/42 736/286/42 733/285/42
f 737/287/41 738/112/41 739/111/41
f 739/111/41 740/288/41 737/287/41
f 741/289/42 742/114/42 743/113/42
f 743/113/42 744/290/42 741/289/42
f 745/291/41 746/441/41 747/442/41
f 747/442/41 748/292/41 745/291/41
f 749/443/9 750/444/9 751/445/9
f 751/445/9 752/446/9 749/443/9
f 753/447/9 754/448/9 755/449/9
f 755/449/9 756/450/9 753/447/9
f 757/451/42 758/118/42 759/117/42
f 759/117/42 760/452/42 757/451/42
f 761/295/41 762/120/41 763/119/41
f 763/119/41 764/296/41 761/295/41
f 765/297/42 766/122/42 767/121/42
f 767/121/42 768/298/42 765/297/42
f 769/453/41 770/124/41 771/123/41
f 771/123/41 772/454/41 769/453/41
f 773/455/42 774/126/42 775/125/42
f 775/125/42 776/456/42 773/455/42
f 777/303/41 778/128/41 779/127/41
f 779/127/41 780/304/41 777/303/41
f 781/305/42 782/130/42 783/129/42
f 783/129/42 784/306/42 781/305/42
f 785/457/41 786/132/41 787/131/41
f 787/131/41 788/458/41 785/457/41
f 776/456/42 775/125/42 789/133/42
f 789/133/42 790/459/42 776/456/42
f 791/310/41 792/134/41 778/128/41
f 778/128/41 777/303/41 791/310/41
f 784/306/42 783/129/42 793/135/42
f 793/135/42 794/311/42 784/306/42
f 795/460/41 796/136/41 786/132/41
f 786/132/41 785/457/41 795/460/41
f 790/459/42 789/133/42 797/137/42
f 797/137/42 798/461/42 790/459/42
f 799/314/41 800/138/41 792/134/41
f 792/134/41 791/310/41 799/314/41
f 794/311/42 793/135/42 801/139/42
f 801/139/42 802/315/42 794/311/42
f 803/462/41 804/140/41 796/136/41
f 796/136/41 795/460/41 803/462/41
f 798/461/42 797/137/42 805/141/42
f 805/141/42 806/463/42 798/461/42
f 807/318/41 808/142/41 800/138/41
f 800/138/41 799/314/41 807/318/41
f 802/315/42 801/139/42 809/143/42
f 809/143/42 810/319/42 802/315/42
f 811/464/41 812/144/41 804/140/41
f 804/140/41 803/462/41 811/464/41
f 806/463/42 805/141/42 813/145/42
f 813/145/42 814/465/42 806/463/42
f 815/322/41 816/146/41 808/142/41
f 808/142/41 807/318/41 815/322/41
f 810/319/42 809/143/42 817/147/42
f 817/147/42 818/323/42 810/319/42
f 819/466/41 820/148/41 812/144/41
f 812/144/41 811/464/41 819/466/41
f 821/467/9 822/468/9 823/469/9
f 823/469/9 824/470/9 821/467/9
f 825/471/9 826/472/9 827/473/9
f 827/473/9 828/474/9 825/471/9
f 829/475/42 830/150/42 831/149/42
f 831/149/42 832/476/42 829/475/42
f 833/327/41 834/152/41 835/151/41
f 835/151/41 836/328/41 833/327/41
f 837/329/42 838/154/42 839/153/42
f 839/153/42 840/330/42 837/329/42
f 841/477/41 842/156/41 843/155/41
f 843/155/41 844/478/41 841/477/41
f 845/340/1 846/479/1 847/480/1
f 847/480/1 848/337/1 845/340/1
f 849/336/1 850/481/1 851/482/1
f 851/482/1 852/333/1 849/336/1
f 853/338/9 854/483/9 855/484/9
f 855/484/9 856/339/9 853/338/9
f 857/334/9 858/485/9 859/486/9
f 859/486/9 860/335/9 857/334/9
f 861/487/42 862/158/42 863/157/42
f 863/157/42 864/488/42 861/487/42
f 865/335/41 866/160/41 867/159/41
f 867/159/41 868/336/41 865/335/41
f 869/337/42 870/162/42 871/161/42
f 871/161/42 872/338/42 869/337/42
f 873/489/41 874/164/41 875/163/41
f 875/163/41 876/490/41 873/489/41
f 877/491/41 878/166/41 879/165/41
f 879/165/41 880/492/41 877/491/41
f 881/343/42 882/168/42 883/167/42
f 883/167/42 884/344/42 881/343/42
f 885/345/41 886/170/41 887/169/41
f 887/169/41 888/346/41 885/345/41
f 889/493/42 890/172/42 891/171/42
f 891/171/42 892/494/42 889/493/42
f 893/495/10 894/496/10 895/497/10
f 895/497/10 896/498/10 893/495/10
f 897/499/10 898/500/10 899/501/10
f 899/501/10 900/502/10 897/499/10
f 880/492/41 879/165/41 901/173/41
f 901/173/41 902/503/41 880/492/41
f 903/350/42 904/174/42 882/168/42
f 882/168/42 881/343/42 903/350/42
f 888/346/41 887/169/41 905/175/41
f 905/175/41 906/351/41 888/346/41
f 907/504/42 908/176/42 890/172/42
f 890/172/42 889/493/42 907/504/42
f 909/505/7 910/506/7 911/507/7
f 911/507/7 912/508/7 909/505/7
f 913/509/7 914/510/7 915/511/7
f 915/511/7 916/512/7 913/509/7
f 917/513/43 918/514/43 919/515/43
f 919/515/43 920/516/43 917/513/43
f 921/517/44 922/518/44 923/519/44
f 923/519/44 924/520/44 921/517/44
f 925/521/9 926/513/9 927/516/9
f 927/516/9 928/522/9 925/521/9
f 929/523/9 930/517/9 931/520/9
f 931/520/9 932/524/9 929/523/9
f 933/525/45 934/526/45 935/527/45
s 1
f 935/527/45 936/528/45 933/525/45
s 0
f 937/529/45 938/530/45 939/531/45
f 939/531/45 940/532/45 937/529/45
f 941/533/9 942/525/9 943/528/9
f 943/528/9 944/534/9 941/533/9
f 945/535/9 946/529/9 947/532/9
f 947/532/9 948/536/9 945/535/9
f 949/537/9 950/538/9 951/539/9
f 951/539/9 952/540/9 949/537/9
f 953/541/9 954/542/9 955/543/9
f 955/543/9 956/544/9 953/541/9
f 957/545/9 949/537/9 952/540/9
f 952/540/9 958/546/9 957/545/9
f 959/547/9 953/541/9 956/544/9
f 956/544/9 960/548/9 959/547/9
f 961/549/46 962/550/46 963/551/46
f 963/551/46 964/552/46 961/549/46
f 965/553/46 966/554/46 967/555/46
f 967/555/46 968/556/46 965/553/46
f 969/557/47 970/558/47 971/559/47
s 1
f 971/559/47 972/560/47 969/557/47
s 0
f 973/561/47 974/562/47 975/563/47
f 975/563/47 976/564/47 973/561/47
f 977/558/48 978/565/48 979/566/48
f 979/566/48 980/559/48 977/558/48
f 981/562/48 982/567/48 983/568/48
f 983/568/48 984/563/48 981/562/48
f 985/569/49 986/570/49 987/571/49
f 987/571/49 988/572/49 985/569/49
f 989/573/49 990/574/49 991/575/49
f 991/575/49 992/576/49 989/573/49
f 993/570/50 994/577/50 995/578/50
f 995/578/50 996/571/50 993/570/50
f 997/574/50 998/579/50 999/580/50
f 999/580/50 1000/575/50 997/574/50
f 1001/581/1 1002/582/1 1003/583/1
f 1003/583/1 1004/584/1 1001/581/1
f 1005/585/1 1006/586/1 1007/587/1
f 1007/587/1 1008/588/1 1005/585/1
f 1009/582/1 1010/589/1 1011/590/1
f 1011/590/1 1012/583/1 1009/582/1
f 1013/586/1 1014/591/1 1015/592/1
f 1015/592/1 1016/587/1 1013/586/1
f 1017/593/1 1018/594/1 1019/595/1
f 1019/595/1 1020/596/1 1017/593/1
f 1021/597/1 1022/598/1 1023/599/1
f 1023/599/1 1024/600/1 1021/597/1
f 1025/549/42 1026/506/42 1027/505/42
f 1027/505/42 1028/550/42 1025/549/42
f 1029/601/41 1030/508/41 1031/507/41
f 1031/507/41 1032/602/41 1029/601/41
f 1033/603/42 1034/510/42 1035/509/42
f 1035/509/42 1036/604/42 1033/603/42
f 1037/555/41 1038/512/41 1039/511/41
f 1039/511/41 1040/556/41 1037/555/41
f 1041/557/42 1042/514/42 1043/513/42
f 1043/513/42 1044/558/42 1041/557/42
f 1045/605/41 1046/516/41 1047/515/41
f 1047/515/41 1048/606/41 1045/605/41
f 1049/607/42 1050/518/42 1051/517/42
f 1051/517/42 1052/608/42 1049/607/42
f 1053/563/41 1054/520/41 1055/519/41
f 1055/519/41 1056/564/41 1053/563/41
f 1044/558/42 1043/513/42 1057/521/42
f 1057/521/42 1058/565/42 1044/558/42
f 1059/609/41 1060/522/41 1046/516/41
f 1046/516/41 1045/605/41 1059/609/41
f 1052/608/42 1051/517/42 1061/523/42
f 1061/523/42 1062/610/42 1052/608/42
f 1063/568/41 1064/524/41 1054/520/41
f 1054/520/41 1053/563/41 1063/568/41
f 1065/569/42 1066/526/42 1067/525/42
f 1067/525/42 1068/570/42 1065/569/42
f 1069/611/41 1070/528/41 1071/527/41
f 1071/527/41 1072/612/41 1069/611/41
f 1073/613/42 1074/530/42 1075/529/42
f 1075/529/42 1076/614/42 1073/613/42
f 1077/575/41 1078/532/41 1079/531/41
f 1079/531/41 1080/576/41 1077/575/41
f 1068/570/42 1067/525/42 1081/533/42
f 1081/533/42 1082/577/42 1068/570/42
f 1083/615/41 1084/534/41 1070/528/41
f 1070/528/41 1069/611/41 1083/615/41
f 1076/614/42 1075/529/42 1085/535/42
f 1085/535/42 1086/616/42 1076/614/42
f 1087/580/41 1088/536/41 1078/532/41
f 1078/532/41 1077/575/41 1087/580/41
f 1089/581/51 1090/538/51 1091/537/51
f 1091/537/51 1092/582/51 1089/581/51
f 1093/617/52 1094/540/52 1095/539/52
f 1095/539/52 1096/618/52 1093/617/52
s 1
f 1097/619/53 1098/542/53 1099/541/53
s 0
f 1099/541/53 1100/620/53 1097/619/53
f 1101/587/54 1102/544/54 1103/543/54
f 1103/543/54 1104/588/54 1101/587/54
f 1105/582/42 1106/537/42 1107/545/42
f 1107/545/42 1108/589/42 1105/582/42
f 1109/621/41 1110/546/41 1111/540/41
f 1111/540/41 1112/617/41 1109/621/41
f 1113/620/42 1114/541/42 1115/547/42
f 1115/547/42 1116/622/42 1113/620/42
f 1117/592/41 1118/548/41 1119/544/41
f 1119/544/41 1120/587/41 1117/592/41
f 1121/623/7 1122/624/7 1123/625/7
f 1123/625/7 1124/626/7 1121/623/7
f 1125/627/7 1126/628/7 1127/629/7
f 1127/629/7 1128/630/7 1125/627/7
f 1129/631/55 1130/632/55 1131/633/55
f 1131/633/55 1132/634/55 1129/631/55
f 1133/635/55 1134/636/55 1135/637/55
f 1135/637/55 1136/638/55 1133/635/55
f 1137/639/1 1138/631/1 1139/634/1
f 1139/634/1 1140/640/1 1137/639/1
f 1141/641/1 1142/635/1 1143/638/1
f 1143/638/1 1144/642/1 1141/641/1
f 1145/643/56 1146/644/56 1147/645/56
f 1147/645/56 1148/646/56 1145/643/56
f 1149/647/56 1150/648/56 1151/649/56
f 1151/649/56 1152/650/56 1149/647/56
f 1153/651/1 1154/643/1 1155/646/1
f 1155/646/1 1156/652/1 1153/651/1
f 1157/653/1 1158/647/1 1159/650/1
f 1159/650/1 1160/654/1 1157/653/1
f 1161/655/1 1162/656/1 1163/657/1
f 1163/657/1 1164/658/1 1161/655/1
f 1165/659/1 1166/660/1 1167/661/1
f 1167/661/1 1168/662/1 1165/659/1
f 1169/663/1 1161/655/1 1164/658/1
f 1164/658/1 1170/664/1 1169/663/1
f 1171/665/1 1165/659/1 1168/662/1
f 1168/662/1 1172/666/1 1171/665/1
f 1173/667/57 1174/668/57 1175/669/57
f 1175/669/57 1176/670/57 1173/667/57
f 1177/671/57 1178/672/57 1179/673/57
f 1179/673/57 1180/674/57 1177/671/57
f 1181/675/58 1182/676/58 1183/677/58
f 1183/677/58 1184/678/58 1181/675/58
f 1185/679/58 1186/680/58 1187/681/58
f 1187/681/58 1188/682/58 1185/679/58
f 1189/676/59 1190/683/59 1191/684/59
f 1191/684/59 1192/677/59 1189/676/59
f 1193/680/59 1194/685/59 1195/686/59
f 1195/686/59 1196/681/59 1193/680/59
f 1197/687/60 1198/688/60 1199/689/60
f 1199/689/60 1200/690/60 1197/687/60
f 1201/691/60 1202/692/60 1203/693/60
f 1203/693/60 1204/694/60 1201/691/60
f 1205/688/61 1206/695/61 1207/696/61
f 1207/696/62 1208/689/62 1205/688/62
f 1209/692/62 1210/697/62 1211/698/62
f 1211/698/62 1212/693/62 1209/692/62
f 1213/699/63 1214/700/63 1215/701/63
f 1215/701/64 1216/702/64 1213/699/64
f 1217/703/65 1218/704/65 1219/705/65
s 1
f 1219/705/9 1220/706/9 1217/703/9
s 0
f 1221/700/9 1222/707/9 1223/708/9
f 1223/708/66 1224/701/66 1221/700/66
f 1225/704/9 1226/709/9 1227/710/9
f 1227/710/67 1228/705/67 1225/704/67
f 1229/711/9 1230/712/9 1231/713/9
f 1231/713/9 1232/714/9 1229/711/9
f 1233/715/9 1234/716/9 1235/717/9
f 1235/717/9 1236/718/9 1233/715/9
f 1237/667/41 1238/624/41 1239/623/41
f 1239/623/41 1240/668/41 1237/667/41
f 1241/719/42 1242/626/42 1243/625/42
f 1243/625/42 1244/720/42 1241/719/42
f 1245/721/41 1246/628/41 1247/627/41
f 1247/627/41 1248/722/41 1245/721/41
f 1249/673/42 1250/630/42 1251/629/42
f 1251/629/42 1252/674/42 1249/673/42
f 1253/675/41 1254/632/41 1255/631/41
f 1255/631/41 1256/676/41 1253/675/41
f 1257/723/42 1258/634/42 1259/633/42
f 1259/633/42 1260/724/42 1257/723/42
f 1261/725/41 1262/636/41 1263/635/41
f 1263/635/41 1264/726/41 1261/725/41
f 1265/681/42 1266/638/42 1267/637/42
f 1267/637/42 1268/682/42 1265/681/42
f 1256/676/41 1255/631/41 1269/639/41
f 1269/639/41 1270/683/41 1256/676/41
f 1271/727/42 1272/640/42 1258/634/42
f 1258/634/42 1257/723/42 1271/727/42
f 1264/726/41 1263/635/41 1273/641/41
f 1273/641/41 1274/728/41 1264/726/41
f 1275/686/42 1276/642/42 1266/638/42
f 1266/638/42 1265/681/42 1275/686/42
f 1277/687/41 1278/644/41 1279/643/41
f 1279/643/41 1280/688/41 1277/687/41
f 1281/729/42 1282/646/42 1283/645/42
f 1283/645/42 1284/730/42 1281/729/42
f 1285/731/41 1286/648/41 1287/647/41
f 1287/647/41 1288/732/41 1285/731/41
f 1289/693/42 1290/650/42 1291/649/42
f 1291/649/42 1292/694/42 1289/693/42
f 1280/688/41 1279/643/41 1293/651/41
f 1293/651/41 1294/695/41 1280/688/41
f 1295/733/42 1296/652/42 1282/646/42
f 1282/646/42 1281/729/42 1295/733/42
f 1288/732/41 1287/647/41 1297/653/41
f 1297/653/41 1298/734/41 1288/732/41
f 1299/698/42 1300/654/42 1290/650/42
f 1290/650/42 1289/693/42 1299/698/42
f 1301/699/54 1302/656/54 1303/655/54
f 1303/655/68 1304/700/68 1301/699/68
f 1305/735/53 1306/658/53 1307/657/53
f 1307/657/53 1308/736/53 1305/735/53
f 1309/737/52 1310/660/52 1311/659/52
f 1311/659/52 1312/738/52 1309/737/52
f 1313/705/51 1314/662/51 1315/661/51
f 1315/661/51 1316/706/51 1313/705/51
f 1317/700/41 1318/655/41 1319/663/41
f 1319/663/41 1320/707/41 1317/700/41
f 1321/739/42 1322/664/42 1323/658/42
f 1323/658/42 1324/735/42 1321/739/42
f 1325/738/41 1326/659/41 1327/665/41
f 1327/665/41 1328/740/41 1325/738/41
f 1329/710/42 1330/666/42 1331/662/42
f 1331/662/42 1332/705/42 1329/710/42
f 1333/741/42 1334/742/42 1335/743/42
f 1335/743/42 1336/744/42 1333/741/42
f 1337/745/9 1338/746/9 1339/747/9
f 1339/747/9 1340/748/9 1337/745/9
f 1341/749/9 1342/750/9 1343/751/9
f 1343/751/9 1344/752/9 1341/749/9
f 1345/753/69 1346/754/69 1347/755/69
f 1347/755/69 1348/756/69 1345/753/69
f 1349/757/9 1337/745/9 1340/748/9
f 1340/748/9 1350/758/9 1349/757/9
f 1351/759/70 1352/760/70 1353/761/70
f 1353/761/70 1354/762/70 1351/759/70
f 1355/763/71 1356/764/71 1357/765/71
f 1357/765/71 1358/766/71 1355/763/71
f 1359/767/7 1360/768/7 1361/769/7
f 1361/769/7 1362/770/7 1359/767/7
f 1363/771/1 1364/772/1 1365/773/1
f 1365/773/1 1366/774/1 1363/771/1
f 1367/775/1 1368/776/1 1369/777/1
f 1369/777/1 1370/778/1 1367/775/1
f 1371/779/1 1372/780/1 1373/781/1
f 1373/781/1 1374/782/1 1371/779/1
f 1338/746/9 1375/783/9 1376/784/9
f 1376/784/9 1339/747/9 1338/746/9
f 1377/785/7 1378/786/7 1379/787/7
f 1379/787/7 1380/788/7 1377/785/7
f 1381/789/1 1382/790/1 1383/791/1
f 1383/791/1 1384/792/1 1381/789/1
f 1368/776/1 1371/779/1 1374/782/1
f 1374/782/1 1369/777/1 1368/776/1
f 1385/793/9 1386/794/9 1387/795/9
f 1387/795/9 1388/796/9 1385/793/9
f 1389/756/7 1390/755/7 1391/797/7
f 1391/797/7 1392/798/7 1389/756/7
f 1393/793/72 1394/796/72 1395/799/72
f 1395/799/72 1396/800/72 1393/793/72
f 1397/791/73 1398/790/73 1399/801/73
f 1399/801/73 1400/802/73 1397/791/73
f 1401/771/74 1402/774/74 1403/803/74
f 1403/803/74 1404/804/74 1401/771/74
f 1405/751/75 1406/750/75 1407/805/75
f 1407/805/75 1408/806/75 1405/751/75
f 1409/807/41 1410/808/41 1411/809/41
f 1411/809/41 1412/810/41 1409/807/41
f 1413/811/76 1414/812/76 1415/798/76
f 1415/798/76 1416/797/76 1413/811/76
f 1417/765/42 1418/764/42 1419/756/42
f 1419/756/42 1420/798/42 1417/765/42
f 1421/759/41 1422/762/41 1423/797/41
f 1423/797/41 1424/755/41 1421/759/41
f 1425/813/42 1426/814/42 1427/815/42
f 1427/815/42 1428/816/42 1425/813/42
f 1429/817/9 1430/818/9 1431/819/9
f 1431/819/9 1432/820/9 1429/817/9
f 1433/821/9 1434/822/9 1435/823/9
f 1435/823/9 1436/824/9 1433/821/9
f 1437/825/69 1438/826/69 1439/827/69
f 1439/827/69 1440/828/69 1437/825/69
f 1441/829/9 1429/817/9 1432/820/9
f 1432/820/9 1442/830/9 1441/829/9
f 1443/831/70 1444/832/70 1445/833/70
f 1445/833/70 1446/834/70 1443/831/70
f 1447/835/71 1448/836/71 1449/837/71
f 1449/837/71 1450/838/71 1447/835/71
f 1451/839/7 1452/840/7 1453/841/7
f 1453/841/7 1454/842/7 1451/839/7
f 1455/843/1 1456/844/1 1457/845/1
f 1457/845/1 1458/846/1 1455/843/1
f 1459/847/1 1460/848/1 1461/849/1
f 1461/849/1 1462/850/1 1459/847/1
f 1463/851/1 1464/852/1 1465/853/1
f 1465/853/1 1466/854/1 1463/851/1
f 1430/818/9 1467/855/9 1468/856/9
f 1468/856/9 1431/819/9 1430/818/9
f 1469/857/7 1470/858/7 1471/859/7
f 1471/859/7 1472/860/7 1469/857/7
f 1473/861/1 1474/862/1 1475/863/1
f 1475/863/1 1476/864/1 1473/861/1
f 1460/848/1 1463/851/1 1466/854/1
f 1466/854/1 1461/849/1 1460/848/1
f 1477/865/9 1478/866/9 1479/867/9
f 1479/867/9 1480/868/9 1477/865/9
f 1481/828/7 1482/827/7 1483/869/7
f 1483/869/7 1484/870/7 1481/828/7
f 1485/865/72 1486/868/72 1487/871/72
f 1487/871/72 1488/872/72 1485/865/72
f 1489/863/73 1490/862/73 1491/873/73
f 1491/873/73 1492/874/73 1489/863/73
f 1493/843/74 1494/846/74 1495/875/74
f 1495/875/74 1496/876/74 1493/843/74
f 1497/823/75 1498/822/75 1499/877/75
f 1499/877/75 1500/878/75 1497/823/75
f 1501/879/41 1502/880/41 1503/881/41
f 1503/881/41 1504/882/41 1501/879/41
f 1505/883/76 1506/884/76 1507/870/76
f 1507/870/76 1508/869/76 1505/883/76
f 1509/837/42 1510/836/42 1511/828/42
f 1511/828/42 1512/870/42 1509/837/42
f 1513/831/41 1514/834/41 1515/869/41
f 1515/869/41 1516/827/41 1513/831/41
f 1517/885/7 1359/767/7 1362/770/7
f 1362/770/7 1518/886/7 1517/885/7
f 1519/887/7 1377/785/7 1380/788/7
f 1380/788/7 1520/888/7 1519/887/7
f 1521/889/7 1451/839/7 1454/842/7
f 1454/842/7 1522/890/7 1521/889/7
f 1523/891/7 1469/857/7 1472/860/7
f 1472/860/7 1524/892/7 1523/891/7
f 1525/893/9 1526/894/9 1527/895/9
f 1527/895/9 1528/896/9 1525/893/9
f 1529/897/7 1530/898/7 1531/899/7
f 1529/897/7 1531/899/7 1532/900/7
f 1529/897/7 1532/900/7 1533/901/7
f 1529/897/7 1533/901/7 1534/902/7
f 1529/897/7 1534/902/7 1535/903/7
f 1535/903/7 1536/904/7 1529/897/7
f 1537/905/1 1538/906/1 1539/907/1
f 1539/907/1 1540/908/1 1537/905/1
f 1541/909/41 1542/910/41 1543/911/41
f 1543/911/41 1544/912/41 1541/909/41
f 1545/913/42 1546/914/42 1547/915/42
f 1547/915/42 1548/916/42 1545/913/42
f 1549/914/74 1550/908/74 1551/907/74
f 1551/907/74 1552/915/74 1549/914/74
f 1553/916/75 1554/896/75 1555/895/75
f 1555/895/75 1556/913/75 1553/916/75
f 1557/910/73 1558/906/73 1559/905/73
f 1559/905/73 1560/911/73 1557/910/73
f 1561/912/72 1562/917/72 1563/918/72
f 1563/918/72 1564/909/72 1561/912/72
f 1565/919/9 1566/920/9 1567/921/9
f 1567/921/9 1568/922/9 1565/919/9
f 1569/923/7 1570/924/7 1571/925/7
f 1569/923/7 1571/925/7 1572/926/7
f 1569/923/7 1572/926/7 1573/927/7
f 1569/923/7 1573/927/7 1574/928/7
f 1569/923/7 1574/928/7 1575/929/7
f 1575/929/7 1576/930/7 1569/923/7
f 1577/931/1 1578/932/1 1579/933/1
f 1579/933/1 1580/934/1 1577/931/1
f 1581/935/41 1582/936/41 1583/937/41
f 1583/937/41 1584/938/41 1581/935/41
f 1585/939/42 1586/940/42 1587/941/42
f 1587/941/42 1588/942/42 1585/939/42
f 1589/940/77 1590/934/77 1591/933/77
f 1591/933/77 1592/941/77 1589/940/77
f 1593/942/75 1594/922/75 1595/921/75
f 1595/921/75 1596/939/75 1593/942/75
f 1597/936/78 1598/932/78 1599/931/78
f 1599/931/78 1600/937/78 1597/936/78
f 1601/938/72 1602/943/72 1603/944/72
f 1603/944/72 1604/935/72 1601/938/72
f 1605/945/9 1606/946/9 1607/947/9
f 1607/947/9 1608/948/9 1605/945/9
f 1609/949/7 1610/950/7 1611/951/7
f 1609/949/7 1611/951/7 1612/952/7
f 1609/949/7 1612/952/7 1613/953/7
f 1609/949/7 1613/953/7 1614/954/7
f 1609/949/7 1614/954/7 1615/955/7
f 1615/955/7 1616/956/7 1609/949/7
f 1617/957/1 1618/958/1 1619/959/1
f 1619/959/1 1620/960/1 1617/957/1
f 1621/961/41 1622/962/41 1623/963/41
f 1623/963/41 1624/964/41 1621/961/41
f 1625/965/42 1626/966/42 1627/967/42
f 1627/967/42 1628/968/42 1625/965/42
f 1629/966/77 1630/960/77 1631/959/77
f 1631/959/79 1632/967/79 1629/966/79
f 1633/968/75 1634/948/75 1635/947/75
f 1635/947/75 1636/965/75 1633/968/75
f 1637/962/80 1638/958/80 1639/957/80
f 1639/957/78 1640/963/78 1637/962/78
f 1641/964/72 1642/969/72 1643/970/72
f 1643/970/72 1644/961/72 1641/964/72
f 1645/971/9 1646/972/9 1647/973/9
f 1647/973/9 1648/974/9 1645/971/9
f 1649/975/7 1650/976/7 1651/977/7
f 1649/975/7 1651/977/7 1652/978/7
f 1649/975/7 1652/978/7 1653/979/7
f 1649/975/7 1653/979/7 1654/980/7
f 1649/975/7 1654/980/7 1655/981/7
f 1655/981/7 1656/982/7 1649/975/7
f 1657/983/1 1658/984/1 1659/985/1
f 1659/985/1 1660/986/1 1657/983/1
f 1661/987/41 1662/988/41 1663/989/41
f 1663/989/41 1664/990/41 1661/987/41
f 1665/991/42 1666/992/42 1667/993/42
f 1667/993/42 1668/994/42 1665/991/42
f 1669/992/74 1670/986/74 1671/985/74
f 1671/985/74 1672/993/74 1669/992/74
f 1673/994/75 1674/974/75 1675/973/75
f 1675/973/75 1676/991/75 1673/994/75
f 1677/988/73 1678/984/73 1679/983/73
f 1679/983/73 1680/989/73 1677/988/73
f 1681/990/72 1682/995/72 1683/996/72
f 1683/996/72 1684/987/72 1681/990/72
f 1685/997/9 1686/998/9 1687/999/9
f 1687/999/9 1688/1000/9 1685/997/9
f 1689/1001/7 1690/1002/7 1691/1003/7
f 1689/1001/7 1691/1003/7 1692/1004/7
f 1689/1001/7 1692/1004/7 1693/1005/7
f 1689/1001/7 1693/1005/7 1694/1006/7
f 1689/1001/7 1694/1006/7 1695/1007/7
f 1695/1007/7 1696/1008/7 1689/1001/7
f 1697/1009/1 1698/1010/1 1699/1011/1
f 1699/1011/1 1700/1012/1 1697/1009/1
f 1701/1013/41 1702/1014/41 1703/1015/41
f 1703/1015/41 1704/1016/41 1701/1013/41
f 1705/1017/42 1706/1018/42 1707/1019/42
f 1707/1019/42 1708/1020/42 1705/1017/42
f 1709/1018/74 1710/1012/74 1711/1011/74
f 1711/1011/74 1712/1019/74 1709/1018/74
f 1713/1020/75 1714/1000/75 1715/999/75
f 1715/999/75 1716/1017/75 1713/1020/75
f 1717/1014/73 1718/1010/73 1719/1009/73
f 1719/1009/73 1720/1015/73 1717/1014/73
f 1721/1016/72 1722/1021/72 1723/1022/72
f 1723/1022/72 1724/1013/72 1721/1016/72
f 1725/1023/9 1726/1024/9 1727/1025/9
f 1727/1025/9 1728/1026/9 1725/1023/9
f 1729/1027/7 1730/1028/7 1731/1029/7
f 1729/1027/7 1731/1029/7 1732/1030/7
f 1729/1027/7 1732/1030/7 1733/1031/7
f 1729/1027/7 1733/1031/7 1734/1032/7
f 1729/1027/7 1734/1032/7 1735/1033/7
f 1735/1033/7 1736/1034/7 1729/1027/7
f 1737/1035/1 1738/1036/1 1739/1037/1
f 1739/1037/1 1740/1038/1 1737/1035/1
f 1741/1039/41 1742/1040/41 1743/1041/41
f 1743/1041/41 1744/1042/41 1741/1039/41
f 1745/1043/42 1746/1044/42 1747/1045/42
f 1747/1045/42 1748/1046/42 1745/1043/42
f 1749/1044/77 1750/1038/77 1751/1037/77
f 1751/1037/77 1752/1045/77 1749/1044/77
f 1753/1046/75 1754/1026/75 1755/1025/75
f 1755/1025/75 1756/1043/75 1753/1046/75
f 1757/1040/78 1758/1036/78 1759/1035/78
f 1759/1035/78 1760/1041/78 1757/1040/78
f 1761/1042/72 1762/1047/72 1763/1048/72
f 1763/1048/72 1764/1039/72 1761/1042/72
f 1765/1049/9 1766/1050/9 1767/1051/9
f 1767/1051/9 1768/1052/9 1765/1049/9
f 1769/1053/7 1770/1054/7 1771/1055/7
f 1769/1053/7 1771/1055/7 1772/1056/7
f 1769/1053/7 1772/1056/7 1773/1057/7
f 1769/1053/7 1773/1057/7 1774/1058/7
f 1769/1053/7 1774/1058/7 1775/1059/7
f 1775/1059/7 1776/1060/7 1769/1053/7
f 1777/1061/1 1778/1062/1 1779/1063/1
f 1779/1063/1 1780/1064/1 1777/1061/1
f 1781/1065/41 1782/1066/41 1783/1067/41
f 1783/1067/41 1784/1068/41 1781/1065/41
f 1785/1069/42 1786/1070/42 1787/1071/42
f 1787/1071/42 1788/1072/42 1785/1069/42
f 1789/1070/77 1790/1064/77 1791/1063/77
f 1791/1063/77 1792/1071/77 1789/1070/77
f 1793/1072/75 1794/1052/75 1795/1051/75
f 1795/1051/75 1796/1069/75 1793/1072/75
f 1797/1066/78 1798/1062/78 1799/1061/78
f 1799/1061/78 1800/1067/78 1797/1066/78
f 1801/1068/72 1802/1073/72 1803/1074/72
f 1803/1074/72 1804/1065/72 1801/1068/72
f 1805/1075/9 1806/1076/9 1807/1077/9
f 1807/1077/9 1808/1078/9 1805/1075/9
f 1809/1079/7 1810/1080/7 1811/1081/7
f 1809/1079/7 1811/1081/7 1812/1082/7
f 1809/1079/7 1812/1082/7 1813/1083/7
f 1809/1079/7 1813/1083/7 1814/1084/7
f 1809/1079/7 1814/1084/7 1815/1085/7
f 1815/1085/7 1816/1086/7 1809/1079/7
f 1817/1087/1 1818/1088/1 1819/1089/1
f 1819/1089/1 1820/1090/1 1817/1087/1
f 1821/1091/41 1822/1092/41 1823/1093/41
f 1823/1093/41 1824/1094/41 1821/1091/41
f 1825/1095/42 1826/1096/42 1827/1097/42
f 1827/1097/42 1828/1098/42 1825/1095/42
f 1829/1096/74 1830/1090/74 1831/1089/74
f 1831/1089/74 1832/1097/74 1829/1096/74
f 1833/1098/75 1834/1078/75 1835/1077/75
f 1835/1077/75 1836/1095/75 1833/1098/75
f 1837/1092/73 1838/1088/73 1839/1087/73
f 1839/1087/73 1840/1093/73 1837/1092/73
f 1841/1094/72 1842/1099/72 1843/1100/72
f 1843/1100/72 1844/1091/72 1841/1094/72
f 1845/1101/9 1846/1102/9 1847/1103/9
f 1847/1103/9 1848/1104/9 1845/1101/9
f 1849/1105/9 1850/1106/9 1851/1107/9
f 1851/1107/9 1852/1108/9 1849/1105/9
f 1853/1109/81 1854/1110/81 1855/1111/81
f 1855/1111/81 1856/1112/81 1853/1109/81
f 1857/1113/81 1858/1114/81 1859/1115/81
f 1859/1115/81 1860/1116/81 1857/1113/81
f 1861/1117/9 1862/1118/9 1863/1119/9
f 1863/1119/9 1864/1120/9 1861/1117/9
f 1865/1121/9 1866/1122/9 1867/1123/9
f 1867/1123/9 1868/1124/9 1865/1121/9
f 1869/1125/82 1870/1117/82 1871/1120/82
f 1871/1120/82 1872/1126/82 1869/1125/82
f 1873/1127/82 1874/1121/82 1875/1124/82
f 1875/1124/82 1876/1128/82 1873/1127/82
f 1877/1129/10 1878/1130/10 1879/1131/10
f 1879/1131/10 1880/1132/10 1877/1129/10
f 1881/1133/10 1882/1134/10 1883/1135/10
f 1883/1135/10 1884/1136/10 1881/1133/10
f 1885/1137/1 1886/1138/1 1887/1139/1
f 1887/1139/1 1888/1140/1 1885/1137/1
f 1889/1141/1 1890/1142/1 1891/1143/1
f 1891/1143/1 1892/1144/1 1889/1141/1
f 1893/1145/83 1894/1146/83 1895/1147/83
f 1895/1147/83 1896/1148/83 1893/1145/83
f 1897/1149/83 1898/1150/83 1899/1151/83
f 1899/1151/83 1900/1152/83 1897/1149/83
f 1901/1153/1 1902/1154/1 1903/1155/1
f 1903/1155/1 1904/1156/1 1901/1153/1
f 1905/1157/1 1906/1158/1 1907/1159/1
f 1907/1159/1 1908/1160/1 1905/1157/1
f 1878/1130/10 1909/1161/10 1910/1162/10
f 1910/1162/10 1879/1131/10 1878/1130/10
f 1882/1134/10 1911/1163/10 1912/1164/10
f 1912/1164/10 1883/1135/10 1882/1134/10
f 1913/1165/1 1914/1166/1 1915/1167/1
f 1915/1167/1 1916/1168/1 1913/1165/1
f 1917/1169/1 1913/1165/1 1916/1168/1
f 1916/1168/1 1918/1170/1 1917/1169/1
f 1886/1138/1 1917/1169/1 1918/1170/1
f 1918/1170/1 1887/1139/1 1886/1138/1
f 1919/1171/1 1920/1172/1 1921/1173/1
f 1921/1173/1 1922/1174/1 1919/1171/1
f 1923/1175/1 1919/1171/1 1922/1174/1
f 1922/1174/1 1924/1176/1 1923/1175/1
f 1890/1142/1 1923/1175/1 1924/1176/1
f 1924/1176/1 1891/1143/1 1890/1142/1
f 1925/1177/84 1926/1178/84 1927/1179/84
f 1927/1179/84 1928/1180/84 1925/1177/84
f 1929/1181/84 1930/1182/84 1931/1183/84
f 1931/1183/84 1932/1184/84 1929/1181/84
f 1933/1185/85 1934/1186/85 1935/1187/85
f 1935/1187/85 1936/1188/85 1933/1185/85
f 1937/1189/85 1938/1190/85 1939/1191/85
f 1939/1191/85 1940/1192/85 1937/1189/85
f 1941/1193/86 1942/1194/86 1943/1195/86
f 1943/1195/86 1944/1196/86 1941/1193/86
f 1945/1197/86 1946/1198/86 1947/1199/86
f 1947/1199/86 1948/1200/86 1945/1197/86
s 1
f 1949/1194/87 1950/1201/87 1951/1202/87
s 0
f 1951/1202/87 1952/1195/87 1949/1194/87
f 1953/1198/88 1954/1203/88 1955/1204/88
s 1
f 1955/1204/87 1956/1199/87 1953/1198/87
s 0
f 1957/1205/89 1958/1206/89 1959/1207/89
f 1959/1207/89 1960/1208/89 1957/1205/89
f 1961/1209/89 1962/1210/89 1963/1211/89
f 1963/1211/89 1964/1212/89 1961/1209/89
s 1
f 1965/1213/90 1966/1214/90 1967/1215/90
f 1967/1215/90 1968/1216/90 1965/1213/90
f 1969/1217/91 1970/1218/91 1971/1219/91
f 1971/1219/91 1972/1220/91 1969/1217/91
f 1973/1221/92 1974/1222/92 1975/1223/92
f 1975/1223/92 1976/1224/92 1973/1221/92
f 1977/1225/93 1978/1226/93 1979/1227/93
f 1979/1227/93 1980/1228/93 1977/1225/93
s 0
f 1981/1229/28 1982/1230/28 1983/1231/28
f 1983/1231/28 1984/1232/28 1981/1229/28
f 1985/1233/28 1986/1234/28 1987/1235/28
f 1987/1235/28 1988/1236/28 1985/1233/28
f 1989/1237/94 1990/1205/94 1991/1208/94
f 1991/1208/94 1992/1238/94 1989/1237/94
f 1993/1239/94 1994/1209/94 1995/1212/94
f 1995/1212/94 1996/1240/94 1993/1239/94
f 1997/1241/95 1998/1242/95 1999/1243/95
f 1999/1243/95 2000/1244/95 1997/1241/95
f 2001/1242/9 2002/1245/9 2003/1246/9
f 2003/1246/9 2004/1243/9 2001/1242/9
f 2002/1245/9 2005/1213/9 2006/1216/9
f 2006/1216/9 2003/1246/9 2002/1245/9
f 2007/1247/95 2008/1248/95 2009/1249/95
f 2009/1249/95 2010/1250/95 2007/1247/95
f 2011/1248/9 2012/1251/9 2013/1252/9
f 2013/1252/9 2014/1249/9 2011/1248/9
f 2012/1251/9 2015/1217/9 2016/1220/9
f 2016/1220/9 2013/1252/9 2012/1251/9
f 2017/1177/41 2018/1102/41 2019/1101/41
f 2019/1101/41 2020/1178/41 2017/1177/41
f 2021/1179/42 2022/1253/42 2023/1254/42
f 2023/1254/42 2024/1180/42 2021/1179/42
f 2025/1181/41 2026/1255/41 2027/1256/41
f 2027/1256/41 2028/1182/41 2025/1181/41
f 2029/1183/42 2030/1108/42 2031/1107/42
f 2031/1107/42 2032/1184/42 2029/1183/42
f 2033/1185/41 2034/1110/41 2035/1109/41
f 2035/1109/41 2036/1186/41 2033/1185/41
f 2037/1187/42 2038/1257/42 2039/1258/42
f 2039/1258/42 2040/1188/42 2037/1187/42
f 2041/1189/41 2042/1259/41 2043/1260/41
f 2043/1260/41 2044/1190/41 2041/1189/41
f 2045/1191/42 2046/1116/42 2047/1115/42
f 2047/1115/42 2048/1192/42 2045/1191/42
f 2049/1193/41 2050/1118/41 2051/1117/41
f 2051/1117/41 2052/1194/41 2049/1193/41
f 2053/1195/42 2054/1261/42 2055/1262/42
f 2055/1262/42 2056/1196/42 2053/1195/42
f 2057/1197/41 2058/1263/41 2059/1264/41
f 2059/1264/41 2060/1198/41 2057/1197/41
f 2061/1199/42 2062/1124/42 2063/1123/42
f 2063/1123/42 2064/1200/42 2061/1199/42
f 2052/1194/41 2051/1117/41 2065/1125/41
f 2065/1125/41 2066/1201/41 2052/1194/41
f 2067/1202/42 2068/1265/42 2054/1261/42
f 2054/1261/42 2053/1195/42 2067/1202/42
f 2060/1198/41 2059/1264/41 2069/1266/41
f 2069/1266/41 2070/1203/41 2060/1198/41
f 2071/1204/42 2072/1128/42 2062/1124/42
f 2062/1124/42 2061/1199/42 2071/1204/42
f 2073/1237/41 2074/1161/41 2075/1130/41
f 2075/1130/41 2076/1205/41 2073/1237/41
f 2077/1207/42 2078/1267/42 2079/1268/42
f 2079/1268/42 2080/1208/42 2077/1207/42
f 2081/1239/41 2082/1269/41 2083/1270/41
f 2083/1270/41 2084/1209/41 2081/1239/41
f 2085/1211/42 2086/1136/42 2087/1135/42
f 2087/1135/42 2088/1212/42 2085/1211/42
f 2089/1241/41 2090/1166/41 2091/1165/41
f 2091/1165/41 2092/1242/41 2089/1241/41
s 1
f 2093/1215/96 2094/1271/96 2095/1272/96
f 2095/1272/96 2096/1216/96 2093/1215/96
s 0
f 2097/1247/41 2098/1273/41 2099/1274/41
f 2099/1274/41 2100/1248/41 2097/1247/41
s 1
f 2101/1219/97 2102/1144/97 2103/1143/97
f 2103/1143/97 2104/1220/97 2101/1219/97
s 0
f 2105/1221/41 2106/1146/41 2107/1145/41
f 2107/1145/41 2108/1222/41 2105/1221/41
f 2109/1223/42 2110/1275/42 2111/1276/42
f 2111/1276/42 2112/1224/42 2109/1223/42
f 2113/1225/41 2114/1277/41 2115/1278/41
f 2115/1278/41 2116/1226/41 2113/1225/41
f 2117/1227/42 2118/1152/42 2119/1151/42
f 2119/1151/42 2120/1228/42 2117/1227/42
f 2121/1229/41 2122/1154/41 2123/1153/41
f 2123/1153/41 2124/1230/41 2121/1229/41
f 2125/1231/42 2126/1279/42 2127/1280/42
f 2127/1280/42 2128/1232/42 2125/1231/42
f 2129/1233/41 2130/1281/41 2131/1282/41
f 2131/1282/41 2132/1234/41 2129/1233/41
f 2133/1235/42 2134/1160/42 2135/1159/42
f 2135/1159/42 2136/1236/42 2133/1235/42
f 2076/1205/41 2075/1130/41 2137/1129/41
f 2137/1129/41 2138/1206/41 2076/1205/41
f 2080/1208/42 2079/1268/42 2139/1283/42
f 2139/1283/42 2140/1238/42 2080/1208/42
f 2084/1209/41 2083/1270/41 2141/1284/41
f 2141/1284/41 2142/1210/41 2084/1209/41
f 2088/1212/42 2087/1135/42 2143/1164/42
f 2143/1164/42 2144/1240/42 2088/1212/42
s 1
f 2145/1213/98 2146/1138/98 2147/1137/98
f 2147/1137/98 2148/1214/98 2145/1213/98
s 0
f 2149/1245/99 2150/1169/99 2151/1138/99
f 2151/1138/99 2152/1213/99 2149/1245/99
f 2153/1242/100 2154/1165/100 2155/1169/100
f 2155/1169/100 2156/1245/100 2153/1242/100
f 2157/1243/42 2158/1285/42 2159/1286/42
f 2159/1286/42 2160/1244/42 2157/1243/42
f 2161/1246/101 2162/1287/101 2163/1285/101
f 2163/1285/101 2164/1243/101 2161/1246/101
f 2165/1216/102 2166/1272/102 2167/1287/102
f 2167/1287/102 2168/1246/102 2165/1216/102
s 1
f 2169/1217/103 2170/1288/103 2171/1289/103
f 2171/1289/103 2172/1218/103 2169/1217/103
s 0
f 2173/1251/104 2174/1290/104 2175/1288/104
f 2175/1288/104 2176/1217/104 2173/1251/104
f 2177/1248/105 2178/1274/105 2179/1290/105
f 2179/1290/105 2180/1251/105 2177/1248/105
f 2181/1249/42 2182/1174/42 2183/1173/42
f 2183/1173/42 2184/1250/42 2181/1249/42
f 2185/1252/106 2186/1176/106 2187/1174/106
f 2187/1174/106 2188/1249/106 2185/1252/106
f 2189/1220/107 2190/1143/107 2191/1176/107
f 2191/1176/107 2192/1252/107 2189/1220/107
s 1
f 2193/1291/108 2194/1292/108 2195/1293/109
f 2195/1293/109 2196/1294/109 2193/1291/108
f 2197/1295/109 2198/1296/109 2199/1297/108
f 2199/1297/108 2200/1298/108 2197/1295/109
s 0
f 2201/1299/42 2202/1300/42 2203/1295/42
f 2201/1299/42 2203/1295/42 2204/1298/42
f 2201/1299/42 2204/1298/42 2205/1301/42
f 2201/1299/42 2205/1301/42 2206/1302/42
f 2201/1299/42 2206/1302/42 2207/1303/42
f 2207/1303/42 2208/1304/42 2201/1299/42
f 2209/1305/42 2210/1306/42 2211/1307/42
f 2211/1307/42 2212/1308/42 2209/1305/42
s 1
f 2213/1301/110 2214/1309/110 2215/1310/111
f 2215/1310/111 2216/1302/111 2213/1301/110
f 2217/1311/111 2218/1312/111 2219/1313/110
f 2219/1313/110 2220/1314/110 2217/1311/111
s 0
f 2221/1315/41 2222/1316/41 2223/1317/41
f 2223/1317/41 2224/1318/41 2221/1315/41
f 2225/1319/42 2226/1320/42 2227/1321/42
f 2227/1321/42 2228/1322/42 2225/1319/42
f 2229/1323/41 2230/1324/41 2231/1325/41
f 2231/1325/41 2232/1326/41 2229/1323/41
f 2233/1327/42 2234/1328/42 2235/1329/42
f 2235/1329/42 2236/1330/42 2233/1327/42
f 2237/1331/42 2238/1332/42 2239/1333/42
f 2239/1333/42 2240/1334/42 2237/1331/42
f 2241/1311/41 2242/1314/41 2243/1291/41
f 2241/1311/41 2243/1291/41 2244/1294/41
f 2241/1311/41 2244/1294/41 2245/1335/41
f 2241/1311/41 2245/1335/41 2246/1336/41
f 2241/1311/41 2246/1336/41 2247/1337/41
f 2247/1337/41 2248/1338/41 2241/1311/41
s 1
f 2249/1299/112 2250/1339/112 2251/1340/113
f 2251/1340/113 2252/1300/113 2249/1299/112
f 2253/1335/113 2254/1341/113 2255/1342/112
f 2255/1342/112 2256/1336/112 2253/1335/113
f 2257/1343/109 2258/1344/108 2259/1327/108
f 2259/1327/108 2260/1330/109 2257/1343/109
f 2261/1305/111 2262/1308/110 2263/1323/110
f 2263/1323/110 2264/1326/111 2261/1305/111
f 2265/1315/114 2266/1318/115 2267/1319/115
f 2267/1319/115 2268/1322/114 2265/1315/114
f 2269/1303/114 2270/1345/114 2271/1346/115
f 2271/1346/115 2272/1304/115 2269/1303/114
f 2273/1347/112 2274/1348/113 2275/1331/113
f 2275/1331/113 2276/1334/112 2273/1347/112
f 2277/1337/115 2278/1349/115 2279/1350/114
f 2279/1350/114 2280/1338/114 2277/1337/115
s 0
f 2281/1343/41 2282/1351/41 2283/1352/41
f 2283/1352/41 2284/1344/41 2281/1343/41
f 2209/1305/42 2285/1353/42 2286/1354/42
f 2286/1354/42 2210/1306/42 2209/1305/42
f 2287/1355/42 2234/1328/42 2233/1327/42
f 2233/1327/42 2288/1356/42 2287/1355/42
f 2289/1357/41 2284/1344/41 2283/1352/41
f 2283/1352/41 2290/1358/41 2289/1357/41
f 2231/1325/41 2291/1359/41 2292/1360/41
f 2292/1360/41 2232/1326/41 2231/1325/41
s 1
f 2253/1335/113 2196/1294/109 2195/1293/109
f 2195/1293/109 2254/1341/113 2253/1335/113
f 2255/1342/112 2278/1349/115 2277/1337/115
f 2277/1337/115 2256/1336/112 2255/1342/112
f 2249/1299/112 2272/1304/115 2271/1346/115
f 2271/1346/115 2250/1339/112 2249/1299/112
f 2251/1340/113 2198/1296/109 2197/1295/109
f 2197/1295/109 2252/1300/113 2251/1340/113
f 2199/1297/108 2214/1309/110 2213/1301/110
f 2213/1301/110 2200/1298/108 2199/1297/108
f 2215/1310/111 2270/1345/114 2269/1303/114
f 2269/1303/114 2216/1302/111 2215/1310/111
f 2217/1311/111 2280/1338/114 2279/1350/114
f 2279/1350/114 2218/1312/111 2217/1311/111
f 2219/1313/110 2194/1292/108 2193/1291/108
f 2193/1291/108 2220/1314/110 2219/1313/110
f 2293/1361/113 2257/1343/109 2260/1330/109
f 2260/1330/109 2294/1362/113 2293/1361/113
f 2276/1334/112 2295/1363/115 2296/1364/115
f 2296/1364/115 2273/1347/112 2276/1334/112
f 2297/1356/110 2259/1327/108 2258/1344/108
f 2258/1344/108 2298/1357/110 2297/1356/110
f 2264/1326/111 2299/1360/114 2300/1353/114
f 2300/1353/114 2261/1305/111 2264/1326/111
s 0
f 2239/1333/42 2301/1365/42 2302/1363/42
f 2302/1363/42 2240/1334/42 2239/1333/42
f 2303/1362/42 2236/1330/42 2235/1329/42
f 2235/1329/42 2304/1366/42 2303/1362/42
f 2281/1343/41 2305/1361/41 2306/1367/41
f 2306/1367/41 2282/1351/41 2281/1343/41
f 2307/1347/41 2308/1364/41 2309/1368/41
f 2309/1368/41 2310/1369/41 2307/1347/41
f 2307/1347/41 2310/1369/41 2311/1370/41
f 2311/1370/41 2312/1348/41 2307/1347/41
s 1
f 2313/1371/108 2314/1372/108 2315/1373/116
f 2315/1373/116 2316/1374/109 2313/1371/108
f 2317/1375/116 2318/1376/109 2319/1377/108
f 2319/1377/108 2320/1378/108 2317/1375/116
s 0
f 2321/1379/42 2322/1380/42 2323/1375/42
f 2321/1379/42 2323/1375/42 2324/1378/42
f 2321/1379/42 2324/1378/42 2325/1381/42
f 2321/1379/42 2325/1381/42 2326/1382/42
f 2321/1379/42 2326/1382/42 2327/1383/42
f 2321/1379/42 2327/1383/42 2328/1384/42
f 2321/1379/42 2328/1384/42 2329/1385/42
f 2330/1386/42 2331/1387/42 2332/1388/42
f 2332/1388/42 2333/1389/42 2330/1386/42
s 1
f 2334/1381/110 2335/1390/110 2336/1391/117
f 2336/1391/117 2337/1382/111 2334/1381/110
f 2338/1392/117 2339/1393/111 2340/1394/110
f 2340/1394/110 2341/1395/110 2338/1392/117
s 0
f 2342/1396/41 2343/1397/41 2344/1398/41
f 2344/1398/41 2345/1399/41 2342/1396/41
f 2346/1400/42 2347/1401/42 2348/1402/42
f 2348/1402/42 2349/1403/42 2346/1400/42
f 2350/1404/41 2351/1405/41 2352/1406/41
f 2352/1406/41 2353/1407/41 2350/1404/41
f 2354/1408/42 2355/1409/42 2356/1410/42
f 2356/1410/42 2357/1411/42 2354/1408/42
f 2358/1412/42 2359/1413/42 2360/1414/42
f 2360/1414/42 2361/1415/42 2358/1412/42
f 2362/1392/41 2363/1395/41 2364/1371/41
f 2362/1392/41 2364/1371/41 2365/1374/41
f 2362/1392/41 2365/1374/41 2366/1416/41
f 2362/1392/41 2366/1416/41 2367/1417/41
f 2362/1392/41 2367/1417/41 2368/1418/41
f 2362/1392/41 2368/1418/41 2369/1419/41
f 2362/1392/41 2369/1419/41 2370/1420/41
f 2370/1420/41 2371/1421/41 2362/1392/41
s 1
f 2372/1379/10 2373/1422/10 2374/1423/113
f 2374/1423/113 2375/1380/113 2372/1379/10
f 2376/1418/10 2377/1424/10 2378/1425/112
f 2378/1425/112 2379/1419/112 2376/1418/10
f 2380/1426/109 2381/1427/108 2382/1408/108
f 2382/1408/108 2383/1411/109 2380/1426/109
f 2384/1386/111 2385/1389/110 2386/1404/110
f 2386/1404/110 2387/1407/111 2384/1386/111
f 2388/1396/114 2389/1399/118 2390/1400/118
f 2390/1400/118 2391/1403/114 2388/1396/114
f 2392/1383/114 2393/1428/114 2394/1429/115
f 2394/1429/115 2395/1384/115 2392/1383/114
f 2396/1430/10 2397/1431/119 2398/1412/119
f 2398/1412/119 2399/1415/10 2396/1430/10
f 2400/1420/115 2401/1432/115 2402/1433/114
f 2402/1433/114 2403/1421/114 2400/1420/115
s 0
f 2404/1426/41 2405/1434/41 2406/1435/41
f 2406/1435/41 2407/1427/41 2404/1426/41
f 2408/1436/42 2349/1403/42 2348/1402/42
f 2348/1402/42 2409/1437/42 2408/1436/42
f 2410/1438/42 2355/1409/42 2354/1408/42
f 2354/1408/42 2411/1439/42 2410/1438/42
f 2412/1440/41 2407/1427/41 2406/1435/41
f 2406/1435/41 2413/1441/41 2412/1440/41
f 2414/1442/41 2343/1397/41 2342/1396/41
f 2342/1396/41 2415/1443/41 2414/1442/41
s 1
f 2416/1416/113 2316/1374/109 2315/1373/116
f 2315/1373/116 2417/1444/113 2416/1416/113
f 2378/1425/112 2401/1432/115 2400/1420/115
f 2400/1420/115 2379/1419/112 2378/1425/112
f 2418/1385/112 2395/1384/115 2394/1429/115
f 2394/1429/115 2419/1445/112 2418/1385/112
f 2374/1423/113 2318/1376/109 2317/1375/116
f 2317/1375/116 2375/1380/113 2374/1423/113
f 2319/1377/108 2335/1390/110 2334/1381/110
f 2334/1381/110 2320/1378/108 2319/1377/108
f 2336/1391/117 2393/1428/114 2392/1383/114
f 2392/1383/114 2337/1382/111 2336/1391/117
f 2338/1392/117 2403/1421/114 2402/1433/114
f 2402/1433/114 2339/1393/111 2338/1392/117
f 2340/1394/110 2314/1372/108 2313/1371/108
f 2313/1371/108 2341/1395/110 2340/1394/110
f 2420/1446/113 2380/1426/109 2383/1411/109
f 2383/1411/109 2421/1447/113 2420/1446/113
f 2422/1415/120 2423/1448/121 2424/1449/121
f 2424/1449/121 2425/1430/120 2422/1415/120
f 2426/1439/110 2382/1408/108 2381/1427/108
f 2381/1427/108 2427/1440/110 2426/1439/110
f 2428/1443/111 2388/1396/114 2391/1403/114
f 2391/1403/114 2429/1436/111 2428/1443/111
s 0
f 2360/1414/42 2430/1450/42 2431/1448/42
f 2431/1448/42 2361/1415/42 2360/1414/42
f 2432/1447/42 2357/1411/42 2356/1410/42
f 2356/1410/42 2433/1451/42 2432/1447/42
f 2404/1426/41 2434/1446/41 2435/1452/41
f 2435/1452/41 2405/1434/41 2404/1426/41
f 2436/1430/41 2437/1449/41 2438/1453/41
f 2438/1453/41 2439/1454/41 2436/1430/41
f 2440/1455/41 2441/1456/41 2442/1457/41
f 2442/1457/41 2443/1458/41 2440/1455/41
s 1
f 2444/1459/108 2445/1460/108 2446/1461/109
f 2446/1461/109 2447/1462/109 2444/1459/108
f 2448/1463/109 2449/1464/109 2450/1465/108
f 2450/1465/108 2451/1466/108 2448/1463/109
s 0
f 2452/1467/42 2453/1468/42 2454/1463/42
f 2452/1467/42 2454/1463/42 2455/1466/42
f 2452/1467/42 2455/1466/42 2456/1469/42
f 2452/1467/42 2456/1469/42 2457/1470/42
f 2452/1467/42 2457/1470/42 2458/1471/42
f 2458/1471/42 2459/1472/42 2452/1467/42
f 2460/1473/42 2461/1474/42 2462/1475/42
f 2462/1475/42 2463/1476/42 2460/1473/42
s 1
f 2464/1469/110 2465/1477/110 2466/1478/111
f 2466/1478/111 2467/1470/111 2464/1469/110
f 2468/1479/111 2469/1480/111 2470/1481/110
f 2470/1481/110 2471/1482/110 2468/1479/111
s 0
f 2472/1483/41 2473/1484/41 2474/1485/41
f 2474/1485/41 2475/1486/41 2472/1483/41
f 2476/1487/42 2477/1488/42 2478/1489/42
f 2478/1489/42 2479/1490/42 2476/1487/42
f 2480/1491/41 2481/1481/41 2482/1480/41
f 2482/1480/41 2483/1492/41 2480/1491/41
f 2484/1493/42 2485/1494/42 2486/1495/42
f 2486/1495/42 2487/1496/42 2484/1493/42
f 2488/1497/42 2489/1498/42 2490/1499/42
f 2490/1499/42 2491/1500/42 2488/1497/42
f 2492/1479/41 2493/1482/41 2494/1459/41
f 2492/1479/41 2494/1459/41 2495/1462/41
f 2492/1479/41 2495/1462/41 2496/1501/41
f 2492/1479/41 2496/1501/41 2497/1502/41
f 2492/1479/41 2497/1502/41 2498/1503/41
f 2498/1503/41 2499/1504/41 2492/1479/41
s 1
f 2500/1467/112 2501/1505/112 2502/1506/122
f 2502/1506/122 2503/1468/113 2500/1467/112
f 2504/1501/122 2505/1507/113 2506/1508/112
f 2506/1508/112 2507/1502/112 2504/1501/122
f 2508/1509/109 2509/1510/108 2510/1493/108
f 2510/1493/108 2511/1496/109 2508/1509/109
f 2512/1473/111 2513/1476/110 2514/1491/110
f 2514/1491/110 2515/1492/111 2512/1473/111
f 2516/1483/114 2517/1486/115 2518/1487/115
f 2518/1487/115 2519/1490/114 2516/1483/114
f 2520/1471/123 2521/1511/114 2522/1512/115
f 2522/1512/115 2523/1472/115 2520/1471/123
f 2524/1513/112 2525/1514/113 2526/1497/113
f 2526/1497/113 2527/1500/112 2524/1513/112
f 2528/1503/115 2529/1485/115 2530/1484/123
f 2530/1484/123 2531/1504/114 2528/1503/115
s 0
f 2532/1509/41 2533/1461/41 2534/1460/41
f 2534/1460/41 2535/1510/41 2532/1509/41
f 2536/1515/42 2479/1490/42 2478/1489/42
f 2478/1489/42 2537/1516/42 2536/1515/42
f 2538/1517/42 2485/1494/42 2484/1493/42
f 2484/1493/42 2539/1518/42 2538/1517/42
f 2540/1519/41 2535/1510/41 2534/1460/41
f 2534/1460/41 2541/1481/41 2540/1519/41
f 2542/1480/41 2473/1484/41 2472/1483/41
f 2472/1483/41 2543/1520/41 2542/1480/41
s 1
f 2504/1501/122 2447/1462/109 2446/1461/109
f 2446/1461/109 2505/1507/113 2504/1501/122
f 2506/1508/112 2529/1485/115 2528/1503/115
f 2528/1503/115 2507/1502/112 2506/1508/112
f 2500/1467/112 2523/1472/115 2522/1512/115
f 2522/1512/115 2501/1505/112 2500/1467/112
f 2502/1506/122 2449/1464/109 2448/1463/109
f 2448/1463/109 2503/1468/113 2502/1506/122
f 2450/1465/108 2465/1477/110 2464/1469/110
f 2464/1469/110 2451/1466/108 2450/1465/108
f 2466/1478/111 2521/1511/114 2520/1471/123
f 2520/1471/123 2467/1470/111 2466/1478/111
f 2468/1479/111 2531/1504/114 2530/1484/123
f 2530/1484/123 2469/1480/111 2468/1479/111
f 2470/1481/110 2445/1460/108 2444/1459/108
f 2444/1459/108 2471/1482/110 2470/1481/110
f 2525/1514/113 2508/1509/109 2511/1496/109
f 2511/1496/109 2526/1497/113 2525/1514/113
f 2544/1521/112 2518/1487/115 2517/1486/115
f 2517/1486/115 2545/1522/112 2544/1521/112
f 2546/1518/110 2510/1493/108 2509/1510/108
f 2509/1510/108 2547/1519/110 2546/1518/110
f 2548/1520/111 2516/1483/114 2519/1490/114
f 2519/1490/114 2549/1515/111 2548/1520/111
s 0
f 2550/1523/42 2477/1488/42 2476/1487/42
f 2476/1487/42 2551/1521/42 2550/1523/42
f 2488/1497/42 2487/1496/42 2486/1495/42
f 2486/1495/42 2489/1498/42 2488/1497/42
f 2532/1509/41 2552/1514/41 2553/1507/41
f 2553/1507/41 2533/1461/41 2532/1509/41
f 2554/1522/41 2475/1486/41 2474/1485/41
f 2474/1485/41 2555/1508/41 2554/1522/41
f 2556/1513/41 2557/1508/41 2553/1507/41
f 2553/1507/41 2552/1514/41 2556/1513/41
s 1
f 2558/1524/124 2559/1525/108 2560/1526/109
f 2560/1526/109 2561/1527/109 2558/1524/124
f 2562/1528/109 2563/1529/109 2564/1530/124
f 2564/1530/124 2565/1531/108 2562/1528/109
s 0
f 2566/1532/42 2567/1533/42 2568/1528/42
f 2566/1532/42 2568/1528/42 2569/1531/42
f 2566/1532/42 2569/1531/42 2570/1534/42
f 2566/1532/42 2570/1534/42 2571/1535/42
f 2566/1532/42 2571/1535/42 2572/1536/42
f 2572/1536/42 2573/1537/42 2566/1532/42
f 2574/1538/42 2575/1539/42 2576/1540/42
f 2576/1540/42 2577/1541/42 2574/1538/42
s 1
f 2578/1534/110 2579/1542/110 2580/1543/111
f 2580/1543/111 2581/1535/111 2578/1534/110
f 2582/1544/111 2583/1545/111 2584/1546/110
f 2584/1546/110 2585/1547/110 2582/1544/111
s 0
f 2586/1548/41 2587/1549/41 2588/1550/41
f 2588/1550/41 2589/1551/41 2586/1548/41
f 2590/1552/42 2591/1553/42 2592/1554/42
f 2592/1554/42 2593/1555/42 2590/1552/42
f 2594/1556/41 2595/1557/41 2596/1558/41
f 2596/1558/41 2597/1559/41 2594/1556/41
f 2598/1560/42 2599/1561/42 2600/1562/42
f 2600/1562/42 2601/1563/42 2598/1560/42
f 2602/1564/42 2603/1565/42 2604/1566/42
f 2604/1566/42 2605/1567/42 2602/1564/42
f 2606/1544/41 2607/1547/41 2608/1524/41
f 2606/1544/41 2608/1524/41 2609/1527/41
f 2606/1544/41 2609/1527/41 2610/1568/41
f 2606/1544/41 2610/1568/41 2611/1569/41
f 2606/1544/41 2611/1569/41 2612/1570/41
f 2612/1570/41 2613/1571/41 2606/1544/41
s 1
f 2614/1532/125 2615/1572/112 2616/1573/113
f 2616/1573/113 2617/1533/113 2614/1532/125
f 2618/1568/113 2619/1574/113 2620/1575/125
f 2620/1575/125 2621/1569/112 2618/1568/113
f 2622/1576/109 2623/1577/108 2624/1560/108
f 2624/1560/108 2625/1563/109 2622/1576/109
f 2626/1538/111 2627/1541/110 2628/1556/110
f 2628/1556/110 2629/1559/111 2626/1538/111
f 2630/1548/114 2631/1551/115 2632/1552/115
f 2632/1552/115 2633/1555/114 2630/1548/114
f 2634/1536/114 2635/1578/114 2636/1579/115
f 2636/1579/115 2637/1537/115 2634/1536/114
f 2638/1580/112 2639/1581/113 2640/1564/113
f 2640/1564/113 2641/1567/112 2638/1580/112
f 2642/1570/115 2643/1582/115 2644/1583/114
f 2644/1583/114 2645/1571/114 2642/1570/115
s 0
f 2646/1576/41 2647/1584/41 2648/1585/41
f 2648/1585/41 2649/1577/41 2646/1576/41
f 2650/1586/42 2593/1555/42 2592/1554/42
f 2592/1554/42 2651/1587/42 2650/1586/42
f 2652/1588/42 2599/1561/42 2598/1560/42
f 2598/1560/42 2653/1589/42 2652/1588/42
f 2654/1590/41 2649/1577/41 2648/1585/41
f 2648/1585/41 2655/1591/41 2654/1590/41
f 2656/1592/41 2587/1549/41 2586/1548/41
f 2586/1548/41 2657/1593/41 2656/1592/41
s 1
f 2618/1568/113 2561/1527/109 2560/1526/109
f 2560/1526/109 2619/1574/113 2618/1568/113
f 2620/1575/125 2643/1582/115 2642/1570/115
f 2642/1570/115 2621/1569/112 2620/1575/125
f 2614/1532/125 2637/1537/115 2636/1579/115
f 2636/1579/115 2615/1572/112 2614/1532/125
f 2616/1573/113 2563/1529/109 2562/1528/109
f 2562/1528/109 2617/1533/113 2616/1573/113
f 2564/1530/124 2579/1542/110 2578/1534/110
f 2578/1534/110 2565/1531/108 2564/1530/124
f 2580/1543/111 2635/1578/114 2634/1536/114
f 2634/1536/114 2581/1535/111 2580/1543/111
f 2582/1544/111 2645/1571/114 2644/1583/114
f 2644/1583/114 2583/1545/111 2582/1544/111
f 2584/1546/110 2559/1525/108 2558/1524/124
f 2558/1524/124 2585/1547/110 2584/1546/110
f 2658/1594/113 2622/1576/109 2625/1563/109
f 2625/1563/109 2659/1595/113 2658/1594/113
f 2660/1596/112 2632/1552/115 2631/1551/115
f 2631/1551/115 2661/1597/112 2660/1596/112
f 2662/1589/110 2624/1560/108 2623/1577/108
f 2623/1577/108 2663/1590/110 2662/1589/110
f 2664/1593/111 2630/1548/114 2633/1555/114
f 2633/1555/114 2665/1586/111 2664/1593/111
s 0
f 2666/1598/42 2591/1553/42 2590/1552/42
f 2590/1552/42 2667/1596/42 2666/1598/42
f 2668/1595/42 2601/1563/42 2600/1562/42
f 2600/1562/42 2669/1599/42 2668/1595/42
f 2646/1576/41 2670/1594/41 2671/1600/41
f 2671/1600/41 2647/1584/41 2646/1576/41
f 2672/1597/41 2589/1551/41 2588/1550/41
f 2588/1550/41 2673/1601/41 2672/1597/41
f 2674/1580/41 2675/1602/41 2676/1603/41
f 2676/1603/41 2677/1581/41 2674/1580/41
f 2678/1604/41 2679/1605/41 2680/1606/41
f 2680/1606/41 2681/1607/41 2678/1604/41
s 1
f 2682/1455/119 2683/1458/113 2684/1608/113
f 2684/1608/113 2685/1609/119 2682/1455/119
f 2416/1416/113 2417/1444/113 2686/1610/10
f 2686/1610/10 2687/1417/10 2416/1416/113
s 0
f 2688/1611/10 2689/1612/10 2373/1422/10
f 2373/1422/10 2372/1379/10 2688/1611/10
f 2690/1608/42 2691/1613/42 2692/1614/42
f 2692/1614/42 2693/1609/42 2690/1608/42
s 1
f 2418/1385/112 2419/1445/112 2689/1612/10
f 2689/1612/10 2688/1611/10 2418/1385/112
s 0
f 2436/1430/41 2439/1454/41 2694/1615/41
f 2694/1615/41 2695/1431/41 2436/1430/41
s 1
f 2696/1604/126 2697/1607/126 2698/1616/126
f 2698/1616/126 2699/1617/126 2696/1604/126
s 0
f 2687/1417/10 2686/1610/10 2377/1424/10
f 2377/1424/10 2376/1418/10 2687/1417/10
f 2700/1616/42 2701/1618/42 2702/1619/42
f 2702/1619/42 2703/1617/42 2700/1616/42
f 2704/1620/41 2705/1621/41 2706/1622/41
f 2707/1623/42 2708/1624/42 2709/1625/42
f 2710/1626/41 2711/1627/41 2712/1628/41
f 2713/1629/42 2714/1630/42 2715/1631/42
f 2716/1632/42 2717/1633/42 2718/1634/42
f 2719/1635/41 2720/1636/41 2721/1637/41
f 2722/1638/41 2723/1639/41 2724/1640/41
f 2725/1641/42 2726/1642/42 2727/1643/42
f 2728/1644/42 2729/1645/42 2730/1646/42
f 2731/1647/42 2732/1648/42 2733/1649/42
f 2734/1650/41 2735/1651/41 2736/1652/41
f 2737/1653/41 2738/1654/41 2739/1655/41
s 1
f 2740/1656/113 2741/1653/113 2742/1657/109
f 2742/1657/109 2743/1658/109 2740/1656/113
s 0
f 2744/1659/7 2745/1655/7 2746/1660/7
f 2746/1660/7 2747/1661/7 2744/1659/7
f 2714/1630/42 2748/1662/42 2749/1663/42
f 2749/1663/42 2715/1631/42 2714/1630/42
f 2713/1629/42 2750/1664/42 2751/1665/42
f 2751/1665/42 2752/1666/42 2713/1629/42
s 1
f 2753/1667/111 2754/1643/111 2755/1642/127
f 2755/1642/127 2756/1627/127 2753/1667/111
s 0
f 2704/1620/41 2757/1668/41 2705/1621/41
f 2707/1623/42 2758/1669/42 2708/1624/42
f 2710/1626/41 2759/1667/41 2711/1627/41
f 2713/1629/42 2752/1666/42 2714/1630/42
f 2716/1632/42 2760/1670/42 2717/1633/42
f 2712/1628/41 2711/1627/41 2761/1671/41
f 2761/1671/41 2762/1672/41 2712/1628/41
s 1
f 2763/1654/112 2741/1653/113 2740/1656/113
f 2740/1656/113 2764/1673/112 2763/1654/112
f 2765/1666/128 2766/1637/128 2767/1636/129
f 2767/1636/129 2768/1630/129 2765/1666/128
f 2769/1674/112 2770/1675/112 2771/1624/115
f 2771/1624/115 2772/1668/115 2769/1674/112
f 2773/1676/130 2744/1659/7 2747/1661/7
f 2747/1661/7 2774/1677/130 2773/1676/130
f 2775/1678/115 2776/1679/114 2777/1680/114
f 2777/1680/114 2778/1681/115 2775/1678/115
f 2779/1670/112 2780/1639/112 2781/1682/113
f 2781/1682/113 2782/1633/113 2779/1670/112
f 2783/1683/114 2784/1684/115 2785/1685/115
f 2785/1685/115 2786/1686/114 2783/1683/114
f 2787/1687/111 2788/1688/111 2789/1621/114
f 2789/1621/114 2790/1669/114 2787/1687/111
s 0
f 2719/1635/41 2791/1689/41 2720/1636/41
s 1
f 2792/1690/131 2793/1691/131 2794/1692/130
f 2794/1692/130 2795/1693/130 2792/1690/131
s 0
f 2796/1694/41 2797/1695/41 2720/1636/41
f 2720/1636/41 2791/1689/41 2796/1694/41
f 2731/1647/42 2798/1696/42 2799/1697/42
f 2799/1697/42 2800/1698/42 2731/1647/42
f 2707/1623/42 2801/1699/42 2802/1687/42
f 2802/1687/42 2758/1669/42 2707/1623/42
s 1
f 2756/1627/127 2755/1642/127 2803/1696/127
f 2803/1696/127 2804/1671/127 2756/1627/127
f 2805/1700/111 2806/1701/111 2783/1683/114
f 2783/1683/114 2786/1686/114 2805/1700/111
f 2745/1655/7 2806/1701/111 2805/1700/111
f 2805/1700/111 2746/1660/7 2745/1655/7
f 2807/1644/7 2795/1693/130 2794/1692/130
f 2794/1692/130 2808/1702/7 2807/1644/7
f 2809/1703/132 2810/1704/109 2811/1705/109
f 2811/1705/109 2812/1706/132 2809/1703/132
f 2804/1671/127 2803/1696/127 2813/1647/133
f 2813/1647/133 2814/1650/133 2804/1671/127
f 2815/1695/134 2816/1662/134 2768/1630/129
f 2768/1630/129 2767/1636/129 2815/1695/134
f 2817/1649/134 2818/1707/134 2814/1650/133
f 2814/1650/133 2813/1647/133 2817/1649/134
f 2819/1646/113 2820/1708/112 2821/1709/112
f 2821/1709/112 2822/1710/113 2819/1646/113
f 2790/1669/114 2789/1621/114 2772/1668/115
f 2772/1668/115 2771/1624/115 2790/1669/114
f 2823/1711/111 2824/1645/7 2825/1712/7
f 2825/1712/7 2826/1713/111 2823/1711/111
f 2823/1711/111 2826/1713/111 2777/1680/114
f 2777/1680/114 2776/1679/114 2823/1711/111
f 2809/1703/132 2812/1706/132 2793/1691/131
f 2793/1691/131 2792/1690/131 2809/1703/132
s 0
f 2719/1635/41 2721/1637/41 2827/1714/41
f 2827/1714/41 2828/1715/41 2719/1635/41
s 1
f 2829/1716/131 2830/1717/131 2831/1718/132
f 2831/1718/132 2832/1719/132 2829/1716/131
s 0
f 2833/1688/41 2834/1720/41 2706/1622/41
f 2706/1622/41 2705/1621/41 2833/1688/41
f 2722/1638/41 2835/1682/41 2723/1639/41
s 1
f 2763/1654/112 2764/1673/112 2785/1685/115
f 2785/1685/115 2784/1684/115 2763/1654/112
s 0
f 2798/1696/42 2726/1642/42 2836/1721/42
f 2836/1721/42 2799/1697/42 2798/1696/42
s 1
f 2837/1665/113 2838/1714/113 2766/1637/128
f 2766/1637/128 2765/1666/128 2837/1665/113
f 2821/1709/112 2820/1708/112 2775/1678/115
f 2775/1678/115 2778/1681/115 2821/1709/112
s 0
f 2725/1641/42 2836/1721/42 2726/1642/42
f 2839/1708/42 2730/1646/42 2729/1645/42
f 2840/1704/42 2841/1703/42 2842/1693/42
f 2843/1690/42 2842/1693/42 2841/1703/42
f 2728/1644/42 2730/1646/42 2842/1693/42
f 2844/1711/42 2845/1679/42 2846/1678/42
f 2846/1678/42 2839/1708/42 2844/1711/42
f 2840/1704/42 2842/1693/42 2730/1646/42
f 2729/1645/42 2844/1711/42 2839/1708/42
s 1
f 2774/1677/130 2830/1717/131 2829/1716/131
f 2829/1716/131 2773/1676/130 2774/1677/130
s 0
f 2824/1645/7 2807/1644/7 2808/1702/7
f 2808/1702/7 2825/1712/7 2824/1645/7
f 2762/1672/41 2761/1671/41 2734/1650/41
f 2734/1650/41 2736/1652/41 2762/1672/41
f 2731/1647/42 2800/1698/42 2732/1648/42
f 2734/1650/41 2847/1707/41 2735/1651/41
f 2848/1675/42 2849/1722/42 2709/1625/42
f 2709/1625/42 2708/1624/42 2848/1675/42
f 2704/1620/41 2850/1723/41 2851/1674/41
f 2851/1674/41 2757/1668/41 2704/1620/41
s 1
f 2742/1657/109 2832/1719/132 2831/1718/132
f 2831/1718/132 2743/1658/109 2742/1657/109
s 0
f 2852/1659/41 2853/1676/41 2737/1653/41
f 2854/1716/41 2855/1719/41 2853/1676/41
f 2856/1657/41 2737/1653/41 2853/1676/41
f 2738/1654/41 2857/1684/41 2858/1683/41
f 2858/1683/41 2859/1701/41 2738/1654/41
f 2739/1655/41 2852/1659/41 2737/1653/41
f 2855/1719/41 2856/1657/41 2853/1676/41
f 2738/1654/41 2859/1701/41 2739/1655/41
s 1
f 2819/1646/113 2822/1710/113 2811/1705/109
f 2811/1705/109 2810/1704/109 2819/1646/113
f 2860/1724/135 2861/1725/136 2862/1726/137
f 2862/1726/137 2863/1727/138 2860/1724/135
f 2864/1728/139 2865/1729/140 2861/1725/136
f 2861/1725/136 2860/1724/135 2864/1728/139
f 2866/1730/141 2867/1731/142 2868/1732/143
f 2868/1732/143 2869/1733/144 2866/1730/141
f 2870/1734/145 2871/1735/146 2867/1731/142
f 2867/1731/142 2866/1730/141 2870/1734/145
f 2872/1736/147 2873/1737/148 2871/1735/146
f 2871/1735/146 2870/1734/145 2872/1736/147
f 2874/1738/149 2875/1739/150 2873/1737/148
f 2873/1737/148 2872/1736/147 2874/1738/149
f 2876/1740/151 2877/1741/152 2875/1739/150
f 2875/1739/150 2874/1738/149 2876/1740/151
f 2878/1742/153 2879/1743/154 2877/1741/152
f 2877/1741/152 2876/1740/151 2878/1742/153
f 2880/1744/155 2881/1745/156 2879/1743/154
f 2879/1743/154 2878/1742/153 2880/1744/155
f 2882/1746/157 2883/1747/158 2881/1745/156
f 2881/1745/156 2880/1744/155 2882/1746/157
f 2884/1748/159 2885/1749/160 2883/1747/158
f 2883/1747/158 2882/1746/157 2884/1748/159
f 2886/1750/161 2887/1751/162 2885/1749/160
f 2885/1749/160 2884/1748/159 2886/1750/161
f 2888/1752/163 2863/1727/138 2887/1751/162
f 2887/1751/162 2886/1750/161 2888/1752/163
f 2889/1753/164 2860/1724/135 2863/1727/138
f 2863/1727/138 2888/1752/163 2889/1753/164
f 2890/1754/165 2864/1728/139 2860/1724/135
f 2860/1724/135 2889/1753/164 2890/1754/165
f 2891/1755/166 2866/1730/141 2869/1733/144
f 2869/1733/144 2892/1756/167 2891/1755/166
f 2893/1757/168 2870/1734/145 2866/1730/141
f 2866/1730/141 2891/1755/166 2893/1757/168
f 2894/1758/169 2872/1736/147 2870/1734/145
f 2870/1734/145 2893/1757/168 2894/1758/169
f 2895/1759/170 2874/1738/149 2872/1736/147
f 2872/1736/147 2894/1758/169 2895/1759/170
f 2896/1760/171 2876/1740/151 2874/1738/149
f 2874/1738/149 2895/1759/170 2896/1760/171
f 2897/1761/172 2878/1742/153 2876/1740/151
f 2876/1740/151 2896/1760/171 2897/1761/172
f 2898/1762/173 2880/1744/155 2878/1742/153
f 2878/1742/153 2897/1761/172 2898/1762/173
f 2899/1763/174 2882/1746/157 2880/1744/155
f 2880/1744/155 2898/1762/173 2899/1763/174
f 2900/1764/175 2884/1748/159 2882/1746/157
f 2882/1746/157 2899/1763/174 2900/1764/175
f 2901/1765/176 2886/1750/161 2884/1748/159
f 2884/1748/159 2900/1764/175 2901/1765/176
f 2902/1766/177 2888/1752/163 2886/1750/161
f 2886/1750/161 2901/1765/176 2902/1766/177
f 2903/1767/178 2889/1753/164 2888/1752/163
f 2888/1752/163 2902/1766/177 2903/1767/178
f 2904/1768/179 2890/1754/165 2889/1753/164
f 2889/1753/164 2903/1767/178 2904/1768/179
f 2863/1727/138 2862/1726/137 2905/1769/180
f 2905/1769/180 2887/1751/162 2863/1727/138
f 2887/1751/162 2905/1769/180 2906/1770/181
f 2906/1770/181 2885/1749/160 2887/1751/162
f 2885/1749/160 2906/1770/181 2907/1771/182
f 2907/1771/182 2883/1747/158 2885/1749/160
f 2883/1747/158 2907/1771/182 2908/1772/183
f 2908/1772/183 2881/1745/156 2883/1747/158
f 2881/1745/156 2908/1772/183 2909/1773/184
f 2909/1773/184 2879/1743/154 2881/1745/156
f 2879/1743/154 2909/1773/184 2910/1774/185
f 2910/1774/185 2877/1741/152 2879/1743/154
f 2877/1741/152 2910/1774/185 2911/1775/186
f 2911/1775/186 2875/1739/150 2877/1741/152
f 2875/1739/150 2911/1775/186 2912/1776/187
f 2912/1776/187 2873/1737/148 2875/1739/150
f 2873/1737/148 2912/1776/187 2913/1777/188
f 2913/1777/188 2871/1735/146 2873/1737/148
f 2871/1735/146 2913/1777/188 2914/1778/189
f 2914/1778/189 2867/1731/142 2871/1735/146
f 2867/1731/142 2914/1778/189 2915/1779/190
f 2915/1779/190 2868/1732/143 2867/1731/142
f 2865/1729/140 2916/1780/191 2917/1781/192
f 2917/1781/192 2861/1725/136 2865/1729/140
f 2861/1725/136 2917/1781/192 2918/1782/193
f 2918/1782/193 2862/1726/137 2861/1725/136
f 2862/1726/137 2918/1782/193 2919/1783/194
f 2919/1783/194 2905/1769/180 2862/1726/137
f 2905/1769/180 2919/1783/194 2920/1784/195
f 2920/1784/195 2906/1770/181 2905/1769/180
f 2906/1770/181 2920/1784/195 2921/1785/196
f 2921/1785/196 2907/1771/182 2906/1770/181
f 2907/1771/182 2921/1785/196 2922/1786/197
f 2922/1786/197 2908/1772/183 2907/1771/182
f 2908/1772/183 2922/1786/197 2923/1787/198
f 2923/1787/198 2909/1773/184 2908/1772/183
f 2909/1773/184 2923/1787/198 2924/1788/199
f 2924/1788/199 2910/1774/185 2909/1773/184
f 2910/1774/185 2924/1788/199 2925/1789/200
f 2925/1789/200 2911/1775/186 2910/1774/185
f 2911/1775/186 2925/1789/200 2926/1790/201
f 2926/1790/201 2912/1776/187 2911/1775/186
f 2912/1776/187 2926/1790/201 2927/1791/202
f 2927/1791/202 2913/1777/188 2912/1776/187
f 2913/1777/188 2927/1791/202 2928/1792/203
f 2928/1792/203 2914/1778/189 2913/1777/188
f 2914/1778/189 2928/1792/203 2929/1793/204
f 2929/1793/204 2915/1779/190 2914/1778/189
f 2916/1780/191 2930/1794/205 2931/1795/206
f 2931/1795/206 2917/1781/192 2916/1780/191
f 2917/1781/192 2931/1795/206 2932/1796/207
f 2932/1796/207 2918/1782/193 2917/1781/192
f 2918/1782/193 2932/1796/207 2933/1797/208
f 2933/1797/208 2919/1783/194 2918/1782/193
f 2919/1783/194 2933/1797/208 2934/1798/209
f 2934/1798/209 2920/1784/195 2919/1783/194
f 2920/1784/195 2934/1798/209 2935/1799/210
f 2935/1799/210 2921/1785/196 2920/1784/195
f 2921/1785/196 2935/1799/210 2936/1800/211
f 2936/1800/211 2922/1786/197 2921/1785/196
f 2922/1786/197 2936/1800/211 2937/1801/212
f 2937/1801/212 2923/1787/198 2922/1786/197
f 2923/1787/198 2937/1801/212 2938/1802/213
f 2938/1802/213 2924/1788/199 2923/1787/198
f 2924/1788/199 2938/1802/213 2939/1803/214
f 2939/1803/214 2925/1789/200 2924/1788/199
f 2925/1789/200 2939/1803/214 2940/1804/215
f 2940/1804/215 2926/1790/201 2925/1789/200
f 2926/1790/201 2940/1804/215 2941/1805/216
f 2941/1805/216 2927/1791/202 2926/1790/201
f 2927/1791/202 2941/1805/216 2942/1806/217
f 2942/1806/217 2928/1792/203 2927/1791/202
f 2928/1792/203 2942/1806/217 2943/1807/218
f 2943/1807/218 2929/1793/204 2928/1792/203
f 2930/1794/205 2944/1808/219 2945/1809/220
f 2945/1809/220 2931/1795/206 2930/1794/205
f 2931/1795/206 2945/1809/220 2946/1810/221
f 2946/1810/221 2932/1796/207 2931/1795/206
f 2932/1796/207 2946/1810/221 2947/1811/222
f 2947/1811/222 2933/1797/208 2932/1796/207
f 2933/1797/208 2947/1811/222 2948/1812/223
f 2948/1812/223 2934/1798/209 2933/1797/208
f 2934/1798/209 2948/1812/223 2949/1813/224
f 2949/1813/224 2935/1799/210 2934/1798/209
f 2935/1799/210 2949/1813/224 2950/1814/225
f 2950/1814/225 2936/1800/211 2935/1799/210
f 2936/1800/211 2950/1814/225 2951/1815/226
f 2951/1815/226 2937/1801/212 2936/1800/211
f 2937/1801/212 2951/1815/226 2952/1816/227
f 2952/1816/227 2938/1802/213 2937/1801/212
f 2938/1802/213 2952/1816/227 2953/1817/228
f 2953/1817/228 2939/1803/214 2938/1802/213
f 2939/1803/214 2953/1817/228 2954/1818/229
f 2954/1818/229 2940/1804/215 2939/1803/214
f 2940/1804/215 2954/1818/229 2955/1819/230
f 2955/1819/230 2941/1805/216 2940/1804/215
f 2941/1805/216 2955/1819/230 2956/1820/231
f 2956/1820/231 2942/1806/217 2941/1805/216
f 2942/1806/217 2956/1820/231 2957/1821/232
f 2957/1821/232 2943/1807/218 2942/1806/217
f 2944/1808/219 2958/1822/233 2959/1823/234
f 2959/1823/234 2945/1809/220 2944/1808/219
f 2945/1809/220 2959/1823/234 2960/1824/235
f 2960/1824/235 2946/1810/221 2945/1809/220
f 2946/1810/221 2960/1824/235 2961/1825/236
f 2961/1825/236 2947/1811/222 2946/1810/221
f 2947/1811/222 2961/1825/236 2962/1826/237
f 2962/1826/237 2948/1812/223 2947/1811/222
f 2948/1812/223 2962/1826/237 2963/1827/238
f 2963/1827/238 2949/1813/224 2948/1812/223
f 2949/1813/224 2963/1827/238 2964/1828/239
f 2964/1828/239 2950/1814/225 2949/1813/224
f 2950/1814/225 2964/1828/239 2965/1829/240
f 2965/1829/240 2951/1815/226 2950/1814/225
f 2951/1815/226 2965/1829/240 2966/1830/241
f 2966/1830/241 2952/1816/227 2951/1815/226
f 2952/1816/227 2966/1830/241 2967/1831/242
f 2967/1831/242 2953/1817/228 2952/1816/227
f 2953/1817/228 2967/1831/242 2968/1832/243
f 2968/1832/243 2954/1818/229 2953/1817/228
f 2954/1818/229 2968/1832/243 2969/1833/244
f 2969/1833/244 2955/1819/230 2954/1818/229
f 2955/1819/230 2969/1833/244 2970/1834/245
f 2970/1834/245 2956/1820/231 2955/1819/230
f 2956/1820/231 2970/1834/245 2971/1835/246
f 2971/1835/246 2957/1821/232 2956/1820/231
f 2958/1822/233 2972/1836/247 2973/1837/178
f 2973/1837/178 2959/1823/234 2958/1822/233
f 2959/1823/234 2973/1837/178 2974/1838/248
f 2974/1838/248 2960/1824/235 2959/1823/234
f 2960/1824/235 2974/1838/248 2975/1839/176
f 2975/1839/176 2961/1825/236 2960/1824/235
f 2961/1825/236 2975/1839/176 2976/1840/175
f 2976/1840/175 2962/1826/237 2961/1825/236
f 2962/1826/237 2976/1840/175 2977/1841/249
f 2977/1841/249 2963/1827/238 2962/1826/237
f 2963/1827/238 2977/1841/249 2978/1842/173
f 2978/1842/173 2964/1828/239 2963/1827/238
f 2964/1828/239 2978/1842/173 2979/1843/172
f 2979/1843/172 2965/1829/240 2964/1828/239
f 2965/1829/240 2979/1843/172 2980/1844/171
f 2980/1844/171 2966/1830/241 2965/1829/240
f 2966/1830/241 2980/1844/171 2981/1845/170
f 2981/1845/170 2967/1831/242 2966/1830/241
f 2967/1831/242 2981/1845/170 2982/1846/169
f 2982/1846/169 2968/1832/243 2967/1831/242
f 2968/1832/243 2982/1846/169 2983/1847/168
f 2983/1847/168 2969/1833/244 2968/1832/243
f 2969/1833/244 2983/1847/168 2984/1848/250
f 2984/1848/250 2970/1834/245 2969/1833/244
f 2970/1834/245 2984/1848/250 2985/1849/167
f 2985/1849/167 2971/1835/246 2970/1834/245
f 2986/1850/251 2987/1851/252 2988/1852/253
f 2988/1852/253 2989/1853/254 2986/1850/251
f 2989/1853/254 2988/1852/253 2990/1854/255
f 2990/1854/255 2991/1855/256 2989/1853/254
f 2991/1855/256 2990/1854/255 2992/1856/257
f 2992/1856/257 2993/1857/258 2991/1855/256
f 2993/1857/258 2992/1856/257 2994/1858/259
f 2994/1858/259 2995/1859/260 2993/1857/258
f 2995/1859/260 2994/1858/259 2996/1860/261
f 2996/1860/261 2997/1861/262 2995/1859/260
f 2997/1861/262 2996/1860/261 2998/1862/263
f 2998/1862/263 2999/1863/264 2997/1861/262
f 2999/1863/264 2998/1862/263 3000/1864/265
f 3000/1864/265 3001/1865/266 2999/1863/264
f 3001/1865/266 3000/1864/265 3002/1866/267
f 3002/1866/267 3003/1867/268 3001/1865/266
f 3003/1867/268 3002/1866/267 3004/1868/269
f 3004/1868/269 3005/1869/270 3003/1867/268
f 3005/1869/270 3004/1868/269 3006/1870/271
f 3006/1870/271 3007/1871/272 3005/1869/270
f 3007/1871/272 3006/1870/271 3008/1872/273
f 3008/1872/273 3009/1873/274 3007/1871/272
f 2987/1851/252 3010/1874/275 3011/1875/276
f 3011/1875/276 2988/1852/253 2987/1851/252
f 2988/1852/253 3011/1875/276 3012/1876/277
f 3012/1876/277 2990/1854/255 2988/1852/253
f 2990/1854/255 3012/1876/277 3013/1877/278
f 3013/1877/278 2992/1856/257 2990/1854/255
f 2992/1856/257 3013/1877/278 3014/1878/279
f 3014/1878/279 2994/1858/259 2992/1856/257
f 2994/1858/259 3014/1878/279 3015/1879/280
f 3015/1879/280 2996/1860/261 2994/1858/259
f 2996/1860/261 3015/1879/280 3016/1880/281
f 3016/1880/281 2998/1862/263 2996/1860/261
f 2998/1862/263 3016/1880/281 3017/1881/282
f 3017/1881/282 3000/1864/265 2998/1862/263
f 3000/1864/265 3017/1881/282 3018/1882/283
f 3018/1882/283 3002/1866/267 3000/1864/265
f 3002/1866/267 3018/1882/283 3019/1883/284
f 3019/1883/284 3004/1868/269 3002/1866/267
f 3004/1868/269 3019/1883/284 3020/1884/285
f 3020/1884/285 3006/1870/271 3004/1868/269
f 3006/1870/271 3020/1884/285 3021/1885/286
f 3021/1885/286 3008/1872/273 3006/1870/271
f 3010/1874/275 3022/1886/287 3023/1887/288
f 3023/1887/288 3011/1875/276 3010/1874/275
f 3011/1875/276 3023/1887/288 3024/1888/289
f 3024/1888/289 3012/1876/277 3011/1875/276
f 3012/1876/277 3024/1888/289 3025/1889/290
f 3025/1889/290 3013/1877/278 3012/1876/277
f 3013/1877/278 3025/1889/290 3026/1890/291
f 3026/1890/291 3014/1878/279 3013/1877/278
f 3014/1878/279 3026/1890/291 3027/1891/292
f 3027/1891/292 3015/1879/280 3014/1878/279
f 3015/1879/280 3027/1891/292 3028/1892/293
f 3028/1892/293 3016/1880/281 3015/1879/280
f 3016/1880/281 3028/1892/293 3029/1893/294
f 3029/1893/294 3017/1881/282 3016/1880/281
f 3017/1881/282 3029/1893/294 3030/1894/295
f 3030/1894/295 3018/1882/283 3017/1881/282
f 3018/1882/283 3030/1894/295 3031/1895/296
f 3031/1895/296 3019/1883/284 3018/1882/283
f 3019/1883/284 3031/1895/296 3032/1896/297
f 3032/1896/297 3020/1884/285 3019/1883/284
f 3020/1884/285 3032/1896/297 3033/1897/298
f 3033/1897/298 3021/1885/286 3020/1884/285
f 3022/1886/287 3034/1898/299 3035/1899/300
f 3035/1899/300 3023/1887/288 3022/1886/287
f 3023/1887/288 3035/1899/300 3036/1900/301
f 3036/1900/301 3024/1888/289 3023/1887/288
f 3024/1888/289 3036/1900/301 3037/1901/302
f 3037/1901/302 3025/1889/290 3024/1888/289
f 3025/1889/290 3037/1901/302 3038/1902/303
f 3038/1902/303 3026/1890/291 3025/1889/290
f 3026/1890/291 3038/1902/303 3039/1903/304
f 3039/1903/304 3027/1891/292 3026/1890/291
f 3027/1891/292 3039/1903/304 3040/1904/305
f 3040/1904/305 3028/1892/293 3027/1891/292
f 3028/1892/293 3040/1904/305 3041/1905/306
f 3041/1905/306 3029/1893/294 3028/1892/293
f 3029/1893/294 3041/1905/306 3042/1906/307
f 3042/1906/307 3030/1894/295 3029/1893/294
f 3030/1894/295 3042/1906/307 3043/1907/308
f 3043/1907/308 3031/1895/296 3030/1894/295
f 3031/1895/296 3043/1907/308 3044/1908/309
f 3044/1908/309 3032/1896/297 3031/1895/296
f 3032/1896/297 3044/1908/309 3045/1909/310
f 3045/1909/310 3033/1897/298 3032/1896/297
f 3034/1898/299 3046/1910/311 3047/1911/312
f 3047/1911/312 3035/1899/300 3034/1898/299
f 3035/1899/300 3047/1911/312 3048/1912/313
f 3048/1912/313 3036/1900/301 3035/1899/300
f 3036/1900/301 3048/1912/313 3049/1913/314
f 3049/1913/314 3037/1901/302 3036/1900/301
f 3037/1901/302 3049/1913/314 3050/1914/315
f 3050/1914/315 3038/1902/303 3037/1901/302
f 3038/1902/303 3050/1914/315 3051/1915/316
f 3051/1915/316 3039/1903/304 3038/1902/303
f 3039/1903/304 3051/1915/316 3052/1916/317
f 3052/1916/317 3040/1904/305 3039/1903/304
f 3040/1904/305 3052/1916/317 3053/1917/318
f 3053/1917/318 3041/1905/306 3040/1904/305
f 3041/1905/306 3053/1917/318 3054/1918/319
f 3054/1918/319 3042/1906/307 3041/1905/306
f 3042/1906/307 3054/1918/319 3055/1919/320
f 3055/1919/320 3043/1907/308 3042/1906/307
f 3043/1907/308 3055/1919/320 3056/1920/321
f 3056/1920/321 3044/1908/309 3043/1907/308
f 3044/1908/309 3056/1920/321 3057/1921/322
f 3057/1921/322 3045/1909/310 3044/1908/309
f 3046/1910/311 3058/1922/323 3059/1923/324
f 3059/1923/324 3047/1911/312 3046/1910/311
f 3047/1911/312 3059/1923/324 3060/1924/325
f 3060/1924/325 3048/1912/313 3047/1911/312
f 3048/1912/313 3060/1924/325 3061/1925/326
f 3061/1925/326 3049/1913/314 3048/1912/313
f 3049/1913/314 3061/1925/326 3062/1926/327
f 3062/1926/327 3050/1914/315 3049/1913/314
f 3050/1914/315 3062/1926/327 3063/1927/328
f 3063/1927/328 3051/1915/316 3050/1914/315
f 3051/1915/316 3063/1927/328 3064/1928/329
f 3064/1928/329 3052/1916/317 3051/1915/316
f 3052/1916/317 3064/1928/329 3065/1929/330
f 3065/1929/330 3053/1917/318 3052/1916/317
f 3053/1917/318 3065/1929/330 3066/1930/331
f 3066/1930/331 3054/1918/319 3053/1917/318
f 3054/1918/319 3066/1930/331 3067/1931/332
f 3067/1931/332 3055/1919/320 3054/1918/319
f 3055/1919/320 3067/1931/332 3068/1932/333
f 3068/1932/333 3056/1920/321 3055/1919/320
f 3056/1920/321 3068/1932/333 3069/1933/334
f 3069/1933/334 3057/1921/322 3056/1920/321
f 3058/1922/323 3070/1934/335 3071/1935/336
f 3071/1935/336 3059/1923/324 3058/1922/323
f 3059/1923/324 3071/1935/336 3072/1936/337
f 3072/1936/337 3060/1924/325 3059/1923/324
f 3060/1924/325 3072/1936/337 3073/1937/338
f 3073/1937/338 3061/1925/326 3060/1924/325
f 3061/1925/326 3073/1937/338 3074/1938/339
f 3074/1938/339 3062/1926/327 3061/1925/326
f 3062/1926/327 3074/1938/339 3075/1939/340
f 3075/1939/340 3063/1927/328 3062/1926/327
f 3063/1927/328 3075/1939/340 3076/1940/341
f 3076/1940/341 3064/1928/329 3063/1927/328
f 3064/1928/329 3076/1940/341 3077/1941/342
f 3077/1941/342 3065/1929/330 3064/1928/329
f 3065/1929/330 3077/1941/342 3078/1942/343
f 3078/1942/343 3066/1930/331 3065/1929/330
f 3066/1930/331 3078/1942/343 3079/1943/344
f 3079/1943/344 3067/1931/332 3066/1930/331
f 3067/1931/332 3079/1943/344 3080/1944/345
f 3080/1944/345 3068/1932/333 3067/1931/332
f 3068/1932/333 3080/1944/345 3081/1945/346
f 3081/1945/346 3069/1933/334 3068/1932/333
f 3070/1934/335 3082/1946/347 3083/1947/254
f 3083/1947/254 3071/1935/336 3070/1934/335
f 3071/1935/336 3083/1947/254 3084/1948/348
f 3084/1948/348 3072/1936/337 3071/1935/336
f 3072/1936/337 3084/1948/348 3085/1949/258
f 3085/1949/258 3073/1937/338 3072/1936/337
f 3073/1937/338 3085/1949/258 3086/1950/260
f 3086/1950/260 3074/1938/339 3073/1937/338
f 3074/1938/339 3086/1950/260 3087/1951/349
f 3087/1951/349 3075/1939/340 3074/1938/339
f 3075/1939/340 3087/1951/349 3088/1952/264
f 3088/1952/264 3076/1940/341 3075/1939/340
f 3076/1940/341 3088/1952/264 3089/1953/350
f 3089/1953/350 3077/1941/342 3076/1940/341
f 3077/1941/342 3089/1953/350 3090/1954/268
f 3090/1954/268 3078/1942/343 3077/1941/342
f 3078/1942/343 3090/1954/268 3091/1955/351
f 3091/1955/351 3079/1943/344 3078/1942/343
f 3079/1943/344 3091/1955/351 3092/1956/272
f 3092/1956/272 3080/1944/345 3079/1943/344
f 3080/1944/345 3092/1956/272 3093/1957/274
f 3093/1957/274 3081/1945/346 3080/1944/345
s 0
f 3094/1958/42 3095/1959/42 3096/1960/42
f 3097/1961/41 3098/1962/41 3099/1963/41
f 3100/1964/42 3101/1965/42 3102/1966/42
f 3103/1967/41 3104/1968/41 3105/1969/41
f 3106/1970/42 3107/1971/42 3108/1972/42
f 3109/1973/42 3110/1974/42 3111/1975/42
f 3112/1976/41 3113/1977/41 3114/1978/41
f 3115/1979/41 3116/1980/41 3117/1981/41
f 3118/1982/41 3119/1983/41 3120/1984/41
f 3121/1985/42 3122/1986/42 3123/1987/42
s 1
f 3124/1988/108 3125/1989/109 3126/1990/109
f 3126/1990/109 3127/1991/108 3124/1988/108
f 3128/1992/352 3129/1993/352 3130/1994/352
f 3130/1994/352 3131/1995/352 3128/1992/352
s 0
f 3132/1996/42 3133/1997/42 3134/1989/42
f 3134/1989/42 3135/1988/42 3132/1996/42
f 3136/1998/42 3137/1999/42 3138/2000/42
f 3117/1981/41 3116/1980/41 3139/2001/41
f 3139/2001/41 3140/2002/41 3117/1981/41
f 3141/2003/42 3132/1996/42 3135/1988/42
f 3142/2004/42 3143/2005/42 3141/2003/42
f 3135/1988/42 3136/1998/42 3138/2000/42
f 3094/1958/42 3144/2006/42 3095/1959/42
s 1
f 3145/1988/108 3146/2007/108 3147/2008/110
f 3147/2008/110 3148/1998/110 3145/1988/108
f 3149/1986/353 3150/1980/353 3151/2009/113
f 3151/2009/113 3152/1987/113 3149/1986/353
s 0
f 3097/1961/41 3153/2010/41 3098/1962/41
f 3100/1964/42 3154/2011/42 3101/1965/42
f 3103/1967/41 3155/2012/41 3104/1968/41
f 3106/1970/42 3156/2013/42 3107/1971/42
f 3109/1973/42 3157/2014/42 3110/1974/42
f 3158/2015/41 3159/2016/41 3160/2017/41
f 3160/2017/41 3161/2018/41 3162/1993/41
f 3162/1993/41 3163/1992/41 3160/2017/41
f 3161/2018/41 3164/2019/41 3162/1993/41
f 3165/2020/41 3158/2015/41 3160/2017/41
f 3166/2021/41 3167/2022/41 3163/1992/41
f 3141/2003/42 3135/1988/42 3138/2000/42
f 3138/2000/42 3142/2004/42 3141/2003/42
s 1
f 3168/2021/112 3169/1992/352 3170/2023/352
f 3170/2023/352 3171/2024/112 3168/2021/112
f 3172/2013/109 3173/1977/109 3174/2025/108
f 3174/2025/108 3175/1971/108 3172/2013/109
f 3176/2012/111 3177/1960/111 3178/1959/110
f 3178/1959/110 3179/1968/110 3176/2012/111
f 3180/2011/114 3181/1962/114 3182/2010/115
f 3182/2010/115 3183/1965/115 3180/2011/114
f 3184/2004/115 3185/2000/114 3186/2026/114
f 3186/2026/114 3187/2027/115 3184/2004/115
f 3188/2014/112 3189/1984/112 3190/1983/353
f 3190/1983/353 3191/1974/353 3188/2014/112
f 3192/2020/114 3193/2022/115 3194/2028/115
f 3194/2028/115 3195/2029/114 3192/2020/114
f 3179/1968/110 3178/1959/110 3196/2030/108
f 3196/2030/108 3197/2031/108 3179/1968/110
s 0
f 3112/1976/41 3198/2025/41 3113/1977/41
f 3199/2032/42 3200/2033/42 3102/1966/42
f 3102/1966/42 3101/1965/42 3199/2032/42
f 3201/2034/41 3105/1969/41 3104/1968/41
f 3104/1968/41 3202/2031/41 3201/2034/41
f 3106/1970/42 3203/2035/42 3204/2036/42
f 3204/2036/42 3156/2013/42 3106/1970/42
f 3205/2037/42 3094/1958/42 3096/1960/42
f 3096/1960/42 3206/2038/42 3205/2037/42
s 1
f 3207/1996/352 3208/2003/352 3209/2039/352
f 3209/2039/352 3210/2040/352 3207/1996/352
f 3211/2041/114 3212/2042/111 3213/2015/111
f 3213/2015/111 3214/2020/114 3211/2041/114
f 3215/1997/113 3216/2035/113 3217/1970/109
f 3217/1970/109 3218/1989/109 3215/1997/113
f 3219/2021/112 3220/2043/112 3221/2044/115
f 3221/2044/115 3222/2022/115 3219/2021/112
s 0
f 3095/1959/42 3144/2006/42 3223/2045/42
f 3223/2045/42 3224/2030/42 3095/1959/42
s 1
f 3225/2046/112 3226/2005/112 3227/2004/115
f 3227/2004/115 3228/2047/115 3225/2046/112
f 3229/1999/111 3230/1998/110 3231/2048/110
f 3231/2048/110 3232/2049/111 3229/1999/111
f 3233/2003/352 3234/2005/112 3235/2050/112
f 3235/2050/112 3236/2051/352 3233/2003/352
f 3237/2016/110 3238/2052/110 3239/2053/108
f 3239/2053/108 3240/2017/108 3237/2016/110
f 3241/2036/113 3242/2054/113 3173/1977/109
f 3173/1977/109 3172/2013/109 3241/2036/113
f 3243/2055/112 3244/2032/112 3183/1965/115
f 3183/1965/115 3182/2010/115 3243/2055/112
f 3245/1997/113 3246/1996/352 3247/2056/352
f 3247/2056/352 3248/2057/113 3245/1997/113
s 0
f 3249/2058/41 3250/1977/41 3251/2054/41
f 3251/2054/41 3252/2059/41 3249/2058/41
f 3097/1961/41 3253/2060/41 3254/2055/41
f 3254/2055/41 3153/2010/41 3097/1961/41
f 3160/2017/41 3163/1992/41 3167/2022/41
f 3167/2022/41 3165/2020/41 3160/2017/41
f 3155/2012/41 3103/1967/41 3255/2061/41
f 3255/2061/41 3256/2062/41 3155/2012/41
f 3115/1979/41 3257/2009/41 3116/1980/41
f 3118/1982/41 3258/2063/41 3119/1983/41
f 3259/2064/42 3260/2065/42 3122/1986/42
f 3122/1986/42 3261/2066/42 3259/2064/42
s 1
f 3177/1960/111 3176/2012/111 3262/2062/114
f 3262/2062/114 3263/2038/114 3177/1960/111
f 3264/2016/110 3265/2015/111 3266/2067/111
f 3266/2067/111 3267/2068/110 3264/2016/110
f 3268/2065/353 3269/2001/353 3150/1980/353
f 3150/1980/353 3149/1986/353 3268/2065/353
f 3129/1993/352 3270/2019/113 3271/2069/113
f 3271/2069/113 3130/1994/352 3129/1993/352
f 3272/1999/111 3273/2070/111 3274/2071/114
f 3274/2071/114 3275/2000/114 3272/1999/111
f 3276/2018/109 3277/2017/108 3278/2072/108
f 3278/2072/108 3279/2073/109 3276/2018/109
s 0
f 3121/1985/42 3261/2066/42 3122/1986/42
s 1
f 3280/2074/113 3281/2019/113 3282/2018/109
f 3282/2018/109 3283/2075/109 3280/2074/113
f 3284/2076/42 3285/2077/354 3286/2078/355
f 3286/2078/355 3287/2079/42 3284/2076/42
f 3285/2077/354 3288/2080/10 3289/2081/10
f 3289/2081/10 3286/2078/355 3285/2077/354
f 3288/2080/10 3290/2082/356 3291/2083/357
f 3291/2083/357 3289/2081/10 3288/2080/10
f 3290/2082/356 3292/2084/41 3293/2085/41
f 3293/2085/41 3291/2083/357 3290/2082/356
f 3292/2084/41 3294/2086/358 3295/2087/358
f 3295/2087/358 3293/2085/41 3292/2084/41
f 3294/2086/358 3296/2088/7 3297/2089/359
f 3297/2089/359 3295/2087/358 3294/2086/358
f 3298/2090/7 3299/2091/360 3300/2092/360
f 3300/2092/360 3301/2093/7 3298/2090/7
f 3299/2091/360 3284/2076/42 3287/2079/42
f 3287/2079/42 3300/2092/360 3299/2091/360
s 0
f 3302/2094/9 3303/2095/9 3304/2096/9
f 3304/2096/9 3305/2097/9 3302/2094/9
f 3303/2095/9 3306/2098/9 3307/2099/9
f 3307/2099/9 3304/2096/9 3303/2095/9
f 3306/2098/9 3308/2100/9 3309/2101/9
f 3309/2101/9 3307/2099/9 3306/2098/9
f 3310/2102/361 3308/2100/361 3306/2098/361
f 3306/2098/9 3311/2103/9 3310/2102/9
f 3311/2103/9 3306/2098/9 3303/2095/9
f 3303/2095/9 3312/2104/9 3311/2103/9
f 3312/2104/31 3303/2095/31 3302/2094/31
f 3302/2094/361 3313/2105/361 3312/2104/361
f 3313/2105/9 3302/2094/9 3305/2097/9
f 3305/2097/9 3314/2106/9 3313/2105/9
f 3314/2106/9 3305/2097/9 3304/2096/9
f 3304/2096/9 3315/2107/9 3314/2106/9
f 3315/2107/9 3304/2096/9 3307/2099/9
f 3307/2099/31 3316/2108/31 3315/2107/31
f 3316/2108/9 3307/2099/9 3309/2101/9
f 3309/2101/361 3317/2109/361 3316/2108/361
f 3317/2109/9 3309/2101/9 3308/2100/9
f 3308/2100/31 3310/2102/31 3317/2109/31
f 3318/2110/1 3319/2111/1 3320/2112/1
f 3320/2112/1 3321/2113/1 3318/2110/1
f 3322/2114/1 3323/2115/1 3324/2116/1
f 3324/2116/1 3325/2117/1 3322/2114/1
f 3326/2118/1 3327/2119/1 3328/2120/1
f 3328/2120/1 3329/2121/1 3326/2118/1
f 3321/2113/1 3320/2112/1 3330/2122/1
f 3330/2122/1 3331/2123/1 3321/2113/1
f 3332/2124/1 3333/2125/1 3327/2119/1
f 3327/2119/1 3326/2118/1 3332/2124/1
f 3334/2126/1 3335/2127/1 3319/2111/1
f 3319/2111/1 3318/2110/1 3334/2126/1
f 3336/2128/1 3337/2129/1 3323/2115/1
f 3323/2115/362 3322/2114/362 3336/2128/362
f 3325/2117/1 3324/2116/1 3333/2125/1
f 3333/2125/1 3332/2124/1 3325/2117/1
s 1
f 3338/2130/42 3339/2131/363 3340/2132/363
f 3340/2132/363 3341/2133/42 3338/2130/42
f 3339/2131/363 3342/2134/10 3343/2135/10
f 3343/2135/10 3340/2132/363 3339/2131/363
f 3342/2134/10 3344/2136/356 3345/2137/356
f 3345/2137/356 3343/2135/10 3342/2134/10
f 3344/2136/356 3346/2138/41 3347/2139/41
f 3347/2139/41 3345/2137/356 3344/2136/356
f 3346/2138/41 3348/2140/364 3349/2141/364
f 3349/2141/364 3347/2139/41 3346/2138/41
f 3348/2140/364 3350/2142/7 3351/2143/7
f 3351/2143/7 3349/2141/364 3348/2140/364
f 3352/2144/7 3353/2145/365 3354/2146/365
f 3354/2146/365 3355/2147/7 3352/2144/7
f 3353/2145/365 3338/2130/42 3341/2133/42
f 3341/2133/42 3354/2146/365 3353/2145/365
s 0
f 3356/2148/9 3357/2149/9 3358/2150/9
f 3358/2150/31 3359/2151/31 3356/2148/31
f 3357/2149/9 3360/2152/9 3361/2153/9
f 3361/2153/9 3358/2150/9 3357/2149/9
f 3360/2152/9 3362/2154/9 3363/2155/9
f 3363/2155/9 3361/2153/9 3360/2152/9
f 3364/2156/9 3362/2154/9 3360/2152/9
f 3360/2152/9 3365/2157/9 3364/2156/9
f 3365/2157/9 3360/2152/9 3357/2149/9
f 3357/2149/9 3366/2158/9 3365/2157/9
f 3366/2158/9 3357/2149/9 3356/2148/9
f 3356/2148/31 3367/2159/31 3366/2158/31
f 3367/2159/9 3356/2148/9 3359/2151/9
f 3359/2151/9 3368/2160/9 3367/2159/9
f 3368/2160/9 3359/2151/9 3358/2150/9
f 3358/2150/9 3369/2161/9 3368/2160/9
f 3369/2161/9 3358/2150/9 3361/2153/9
f 3361/2153/9 3370/2162/9 3369/2161/9
f 3370/2162/9 3361/2153/9 3363/2155/9
f 3363/2155/9 3371/2163/9 3370/2162/9
f 3371/2163/366 3363/2155/366 3362/2154/366
f 3362/2154/366 3364/2156/366 3371/2163/366
f 3372/2164/362 3373/2165/362 3374/2166/362
f 3374/2166/1 3375/2167/1 3372/2164/1
f 3376/2168/1 3377/2169/1 3378/2170/1
f 3378/2170/1 3379/2171/1 3376/2168/1
f 3380/2172/1 3381/2173/1 3382/2174/1
f 3382/2174/367 3383/2175/367 3380/2172/367
f 3375/2167/1 3374/2166/1 3384/2176/1
f 3384/2176/1 3385/2177/1 3375/2167/1
f 3386/2178/1 3387/2179/1 3381/2173/1
f 3381/2173/1 3380/2172/1 3386/2178/1
f 3388/2180/367 3389/2181/367 3373/2165/367
f 3373/2165/362 3372/2164/362 3388/2180/362
f 3390/2182/1 3391/2183/1 3377/2169/1
f 3377/2169/1 3376/2168/1 3390/2182/1
f 3379/2171/1 3378/2170/1 3387/2179/1
f 3387/2179/1 3386/2178/1 3379/2171/1
s 1
f 3392/2184/354 3393/2185/354 3394/2186/10
f 3394/2186/10 3395/2187/10 3392/2184/354
f 3396/2188/7 3397/2189/7 3398/2190/368
f 3398/2190/368 3399/2191/368 3396/2188/7
f 3400/2192/41 3401/2193/41 3402/2194/369
f 3402/2194/369 3403/2195/369 3400/2192/41
f 3395/2187/10 3394/2186/10 3404/2196/370
f 3404/2196/370 3405/2197/370 3395/2187/10
f 3406/2198/42 3407/2199/42 3393/2185/354
f 3393/2185/354 3392/2184/354 3406/2198/42
f 3399/2191/368 3398/2190/368 3407/2199/42
f 3407/2199/42 3406/2198/42 3399/2191/368
f 3403/2195/369 3402/2194/369 3408/2200/7
f 3408/2200/7 3409/2201/7 3403/2195/369
f 3410/2202/370 3411/2203/370 3401/2193/41
f 3401/2193/41 3400/2192/41 3410/2202/370
f 3412/2204/370 3413/2205/370 3414/2206/41
f 3414/2206/41 3415/2207/41 3412/2204/370
f 3416/2208/358 3417/2209/358 3418/2210/7
f 3418/2210/7 3419/2211/7 3416/2208/358
f 3420/2212/360 3421/2213/360 3422/2214/42
f 3422/2214/42 3423/2215/42 3420/2212/360
f 3423/2215/42 3422/2214/42 3424/2216/354
f 3424/2216/354 3425/2217/354 3423/2215/42
f 3426/2218/10 3427/2219/10 3413/2205/370
f 3413/2205/370 3412/2204/370 3426/2218/10
f 3415/2207/41 3414/2206/41 3417/2209/358
f 3417/2209/358 3416/2208/358 3415/2207/41
f 3428/2220/7 3429/2221/7 3421/2213/360
f 3421/2213/360 3420/2212/360 3428/2220/7
f 3425/2217/354 3424/2216/354 3427/2219/10
f 3427/2219/10 3426/2218/10 3425/2217/354
f 3430/2222/9 3431/2223/371 3432/2224/371
f 3432/2224/371 3433/2225/9 3430/2222/9
s 0
f 3434/2226/372 3435/2227/372 3436/2228/372
f 3436/2228/373 3437/2229/373 3434/2226/373
s 1
f 3438/2230/374 3439/2231/1 3440/2232/1
f 3440/2232/1 3441/2233/375 3438/2230/374
s 0
f 3442/2234/372 3443/2235/372 3444/2236/372
f 3444/2236/372 3445/2237/372 3442/2234/372
s 1
f 3439/2231/1 3446/2238/376 3447/2239/376
f 3447/2239/376 3440/2232/1 3439/2231/1
f 3448/2240/377 3449/2241/378 3450/2242/379
f 3450/2242/379 3451/2243/380 3448/2240/377
s 0
f 3452/2244/381 3453/2245/381 3454/2246/381
f 3454/2246/382 3455/2247/382 3452/2244/382
f 3456/2248/383 3457/2249/383 3458/2250/383
f 3458/2250/372 3459/2251/372 3456/2248/372
f 3460/2252/384 3461/2253/384 3462/2254/384
f 3462/2254/385 3463/2255/385 3460/2252/385
f 3464/2256/386 3465/2257/386 3466/2258/386
f 3466/2258/384 3467/2259/384 3464/2256/384
f 3468/2260/387 3469/2261/387 3470/2262/387
f 3470/2262/388 3471/2263/388 3468/2260/388
s 1
f 3431/2223/371 3472/2264/389 3473/2265/390
f 3473/2265/390 3432/2224/371 3431/2223/371
f 3446/2238/376 3474/2266/391 3475/2267/392
f 3475/2267/392 3447/2239/376 3446/2238/376
s 0
f 3476/2268/384 3461/2253/384 3460/2252/384
f 3460/2252/393 3477/2269/393 3476/2268/393
f 3467/2259/384 3466/2258/384 3478/2270/384
f 3478/2270/384 3479/2271/384 3467/2259/384
s 1
f 3480/2272/394 3430/2222/9 3433/2225/9
f 3433/2225/9 3481/2273/395 3480/2272/394
s 0
f 3479/2271/385 3478/2270/385 3482/2274/385
f 3482/2274/396 3483/2275/396 3479/2271/396
f 3484/2276/396 3485/2277/396 3486/2278/396
f 3486/2278/396 3487/2279/396 3484/2276/396
f 3471/2263/384 3470/2262/384 3485/2277/384
f 3485/2277/397 3484/2276/397 3471/2263/397
f 3445/2237/372 3444/2236/372 3488/2280/372
f 3488/2280/398 3489/2281/398 3445/2237/398
f 3486/2278/384 3485/2277/384 3470/2262/384
f 3470/2262/384 3469/2261/384 3486/2278/384
f 3466/2258/384 3465/2257/384 3482/2274/384
f 3482/2274/385 3478/2270/385 3466/2258/385
f 3490/2282/385 3463/2255/385 3462/2254/385
f 3462/2254/399 3491/2283/399 3490/2282/399
s 1
f 3492/2284/400 3493/2285/401 3494/2286/402
f 3494/2286/402 3495/2287/403 3492/2284/400
s 0
f 3496/2288/404 3497/2289/404 3498/2290/404
f 3498/2290/381 3499/2291/381 3496/2288/381
f 3489/2281/372 3488/2280/372 3500/2292/372
f 3500/2292/405 3501/2293/405 3489/2281/405
f 3459/2251/372 3458/2250/372 3435/2227/372
f 3435/2227/398 3434/2226/398 3459/2251/398
s 1
f 3502/2294/406 3503/2295/407 3504/2296/408
f 3504/2296/408 3505/2297/409 3502/2294/406
f 3506/2298/410 3507/2299/411 3508/2300/412
f 3508/2300/412 3509/2301/413 3506/2298/410
f 3510/2302/414 3511/2303/415 3512/2304/416
f 3512/2304/416 3513/2305/417 3510/2302/414
f 3509/2301/413 3508/2300/412 3511/2303/415
f 3511/2303/415 3510/2302/414 3509/2301/413
f 3514/2306/418 3515/2307/419 3516/2308/420
f 3516/2308/420 3517/2309/421 3514/2306/418
f 3495/2287/403 3494/2286/402 3518/2310/422
f 3518/2310/422 3519/2311/423 3495/2287/403
f 3519/2311/423 3518/2310/422 3520/2312/424
f 3520/2312/424 3521/2313/425 3519/2311/423
s 0
f 3522/2314/384 3483/2275/384 3490/2282/384
f 3490/2282/426 3523/2315/426 3522/2314/426
f 3524/2316/427 3525/2317/427 3526/2318/427
f 3526/2318/428 3527/2319/428 3524/2316/428
f 3528/2320/429 3487/2279/429 3476/2268/429
f 3476/2268/430 3529/2321/430 3528/2320/430
f 3530/2322/431 3531/2323/431 3532/2324/431
f 3532/2324/432 3533/2325/432 3530/2322/432
f 3465/2257/385 3460/2252/385 3463/2255/385
f 3463/2255/433 3482/2274/433 3465/2257/433
f 3461/2253/385 3486/2278/385 3469/2261/385
f 3469/2261/433 3462/2254/433 3461/2253/433
f 3486/2278/385 3461/2253/385 3476/2268/385
f 3476/2268/396 3487/2279/396 3486/2278/396
f 3460/2252/434 3465/2257/434 3464/2256/434
f 3464/2256/434 3477/2269/434 3460/2252/434
f 3482/2274/435 3463/2255/435 3490/2282/435
f 3490/2282/397 3483/2275/397 3482/2274/397
f 3462/2254/396 3469/2261/396 3468/2260/396
f 3468/2260/434 3491/2283/434 3462/2254/434
f 3456/2248/436 3455/2247/436 3454/2246/436
f 3454/2246/383 3457/2249/383 3456/2248/383
f 3496/2288/437 3437/2229/437 3436/2228/437
f 3436/2228/437 3497/2289/437 3496/2288/437
f 3498/2290/382 3443/2235/382 3442/2234/382
f 3442/2234/382 3499/2291/382 3498/2290/382
f 3500/2292/405 3453/2245/405 3452/2244/405
f 3452/2244/405 3501/2293/405 3500/2292/405
s 1
f 3514/2306/418 3521/2313/425 3520/2312/424
f 3520/2312/424 3515/2307/419 3514/2306/418
f 3512/2304/416 3534/2326/407 3535/2327/406
f 3535/2327/406 3513/2305/417 3512/2304/416
f 3516/2308/420 3507/2299/411 3506/2298/410
f 3506/2298/410 3517/2309/421 3516/2308/420
f 3504/2296/408 3493/2285/401 3492/2284/400
f 3492/2284/400 3505/2297/409 3504/2296/408
f 3536/2328/438 3537/2329/439 3538/2330/440
f 3538/2330/440 3539/2331/441 3536/2328/438
f 3540/2317/442 3541/2332/443 3542/2333/439
f 3542/2333/439 3543/2318/444 3540/2317/442
f 3481/2273/395 3450/2242/379 3449/2241/378
f 3449/2241/378 3480/2272/394 3481/2273/395
f 3451/2243/380 3475/2267/392 3474/2266/391
f 3474/2266/391 3448/2240/377 3451/2243/380
f 3441/2233/375 3538/2330/440 3537/2329/439
f 3537/2329/439 3438/2230/374 3441/2233/375
f 3544/2334/441 3473/2265/390 3472/2264/389
f 3472/2264/389 3545/2335/444 3544/2334/441
f 3546/2336/445 3547/2337/9 3548/2338/9
f 3548/2338/9 3549/2339/394 3546/2336/445
f 3550/2340/376 3551/2324/446 3552/2323/391
f 3552/2323/391 3553/2341/376 3550/2340/376
f 3554/2342/447 3555/2343/448 3556/2344/389
f 3556/2344/389 3557/2345/447 3554/2342/447
f 3558/2346/449 3559/2347/449 3560/2348/378
f 3560/2348/378 3561/2349/377 3558/2346/449
f 3562/2350/1 3550/2340/376 3553/2341/376
f 3553/2341/376 3563/2351/1 3562/2350/1
f 3564/2352/450 3562/2350/1 3563/2351/1
f 3563/2351/1 3565/2353/374 3564/2352/450
f 3547/2337/9 3554/2342/447 3557/2345/447
f 3557/2345/447 3548/2338/9 3547/2337/9
s 0
f 3566/2354/451 3567/2355/451 3568/2356/451
f 3568/2356/452 3569/2357/452 3566/2354/452
f 3570/2358/453 3571/2359/453 3572/2360/453
f 3572/2360/454 3573/2361/454 3570/2358/454
f 3574/2362/455 3575/2363/455 3576/2364/455
f 3576/2364/456 3577/2365/456 3574/2362/456
f 3578/2366/457 3579/2367/457 3580/2368/457
f 3580/2368/457 3581/2369/457 3578/2366/457
s 1
f 3582/2370/458 3583/2272/458 3584/2241/458
s 0
f 3584/2241/459 3585/2371/459 3582/2370/459
f 3586/2372/398 3587/2240/398 3588/2266/398
f 3588/2266/460 3589/2373/460 3586/2372/460
f 3590/2374/461 3591/2352/461 3592/2353/461
f 3592/2353/462 3593/2358/462 3590/2374/462
f 3594/2358/463 3595/2353/463 3596/2333/463
f 3596/2333/464 3597/2359/464 3594/2358/464
s 1
f 3598/2359/465 3599/2333/465 3600/2332/465
s 0
f 3600/2332/466 3601/2375/466 3598/2359/466
f 3602/2367/467 3603/2348/467 3604/2347/467
f 3604/2347/468 3605/2368/468 3602/2367/468
f 3606/2354/398 3607/2376/398 3608/2344/398
f 3608/2344/460 3609/2355/460 3606/2354/460
f 3610/2377/387 3477/2269/387 3464/2256/387
f 3464/2256/384 3611/2378/384 3610/2377/384
f 3612/2379/469 3613/2346/469 3614/2349/469
f 3614/2349/470 3615/2380/470 3612/2379/470
f 3616/2381/387 3491/2283/387 3468/2260/387
f 3468/2260/471 3617/2382/471 3616/2381/471
f 3618/2383/472 3619/2336/472 3620/2339/472
f 3620/2339/472 3621/2384/472 3618/2383/472
f 3622/2355/473 3623/2344/473 3624/2343/473
f 3624/2343/473 3625/2385/473 3622/2355/473
s 1
f 3626/2386/474 3505/2297/409 3492/2284/400
f 3492/2284/400 3627/2387/475 3626/2386/474
f 3628/2388/476 3521/2313/425 3514/2306/418
f 3514/2306/418 3629/2389/477 3628/2388/476
f 3630/2390/478 3510/2302/414 3631/2305/479
f 3631/2305/479 3632/2391/480 3630/2390/478
f 3633/2392/481 3517/2309/421 3506/2298/410
f 3506/2298/410 3634/2393/482 3633/2392/481
f 3629/2389/477 3514/2306/418 3517/2309/421
f 3517/2309/421 3633/2392/481 3629/2389/477
f 3632/2391/480 3631/2305/479 3635/2327/483
f 3635/2327/483 3636/2394/484 3632/2391/480
f 3637/2395/485 3519/2311/423 3521/2313/425
f 3521/2313/425 3628/2388/476 3637/2395/485
f 3638/2396/486 3509/2301/413 3510/2302/414
f 3510/2302/414 3630/2390/478 3638/2396/486
f 3627/2387/475 3492/2284/400 3495/2287/403
f 3495/2287/403 3639/2397/487 3627/2387/475
f 3634/2393/482 3506/2298/410 3509/2301/413
f 3509/2301/413 3638/2396/486 3634/2393/482
f 3639/2397/487 3495/2287/403 3519/2311/423
f 3519/2311/423 3637/2395/485 3639/2397/487
f 3640/2398/484 3641/2294/483 3505/2297/409
f 3505/2297/409 3626/2386/474 3640/2398/484
f 3642/2399/488 3643/2400/489 3644/2401/489
f 3644/2401/489 3645/2402/488 3642/2399/488
f 3646/2403/490 3647/2404/491 3648/2405/492
f 3648/2405/492 3649/2406/493 3646/2403/490
f 3647/2404/491 3650/2407/494 3651/2408/494
f 3651/2408/494 3648/2405/492 3647/2404/491
f 3652/2409/495 3653/2410/496 3654/2411/497
f 3654/2411/497 3655/2412/498 3652/2409/495
s 0
f 3656/2413/499 3657/2414/499 3658/2415/499
f 3658/2415/499 3659/2416/499 3656/2413/499
f 3660/2417/500 3661/2418/500 3662/2419/500
f 3662/2419/501 3663/2420/501 3660/2417/501
f 3664/2421/500 3665/2422/500 3666/2423/500
f 3666/2423/502 3667/2424/502 3664/2421/502
s 1
f 3643/2400/489 3668/2425/503 3669/2426/504
f 3669/2426/504 3644/2401/489 3643/2400/489
f 3650/2407/494 3670/2427/505 3671/2428/506
f 3671/2428/506 3651/2408/494 3650/2407/494
s 0
f 3672/2429/507 3657/2414/507 3656/2413/507
f 3656/2413/507 3673/2430/507 3672/2429/507
f 3663/2420/508 3662/2419/508 3674/2431/508
s 1
f 3674/2431/499 3675/2432/499 3663/2420/509
f 3676/2433/510 3642/2399/488 3645/2402/488
f 3645/2402/488 3677/2434/511 3676/2433/510
s 0
f 3675/2432/512 3674/2431/512 3678/2435/512
f 3678/2435/507 3679/2436/507 3675/2432/507
s 1
f 3680/2437/513 3681/2438/514 3682/2439/507
f 3682/2439/507 3683/2440/515 3680/2437/513
f 3667/2424/516 3666/2423/516 3681/2438/516
s 0
f 3681/2438/517 3680/2437/517 3667/2424/517
f 3682/2439/518 3681/2438/518 3666/2423/518
f 3666/2423/516 3665/2422/516 3682/2439/516
f 3662/2419/516 3661/2418/516 3678/2435/516
f 3678/2435/519 3674/2431/519 3662/2419/519
f 3684/2441/520 3659/2416/520 3658/2415/520
f 3658/2415/514 3685/2442/514 3684/2441/514
s 1
f 3686/2443/516 3679/2436/521 3684/2441/520
s 0
f 3684/2441/519 3687/2444/519 3686/2443/519
f 3688/2445/522 3689/2446/522 3690/2447/522
f 3690/2447/522 3691/2448/522 3688/2445/522
f 3692/2449/514 3683/2440/514 3672/2429/514
f 3672/2429/519 3693/2450/519 3692/2449/519
s 1
f 3694/2451/523 3695/2452/523 3696/2453/523
s 0
f 3696/2453/524 3697/2454/524 3694/2451/524
f 3661/2418/516 3656/2413/516 3659/2416/516
f 3659/2416/516 3678/2435/516 3661/2418/516
f 3657/2414/519 3682/2439/519 3665/2422/519
f 3665/2422/499 3658/2415/499 3657/2414/499
f 3682/2439/514 3657/2414/514 3672/2429/514
f 3672/2429/514 3683/2440/514 3682/2439/514
f 3656/2413/514 3661/2418/514 3660/2417/514
f 3660/2417/514 3673/2430/514 3656/2413/514
f 3678/2435/525 3659/2416/525 3684/2441/525
s 1
f 3684/2441/520 3679/2436/521 3678/2435/526
s 0
f 3658/2415/514 3665/2422/514 3664/2421/514
f 3664/2421/514 3685/2442/514 3658/2415/514
s 1
f 3698/2455/527 3699/2456/528 3700/2457/529
f 3700/2457/529 3701/2458/530 3698/2455/527
f 3702/2459/531 3703/2460/532 3704/2461/528
f 3704/2461/528 3705/2462/527 3702/2459/531
f 3677/2434/511 3654/2411/497 3653/2410/496
f 3653/2410/496 3676/2433/510 3677/2434/511
f 3655/2412/498 3671/2428/506 3670/2427/505
f 3670/2427/505 3652/2409/495 3655/2412/498
f 3649/2406/493 3700/2457/529 3699/2456/528
f 3699/2456/528 3646/2403/490 3649/2406/493
f 3701/2458/530 3669/2426/504 3668/2425/503
f 3668/2425/503 3698/2455/527 3701/2458/530
f 3706/2463/533 3707/2464/534 3708/2465/535
f 3708/2465/535 3709/2466/510 3706/2463/533
f 3710/2467/536 3711/2468/537 3712/2469/505
f 3712/2469/505 3713/2470/536 3710/2467/536
f 3714/2471/489 3715/2472/538 3716/2473/503
f 3716/2473/503 3717/2474/489 3714/2471/489
f 3718/2475/539 3719/2476/539 3720/2477/540
f 3720/2477/540 3721/2478/495 3718/2475/539
f 3722/2479/491 3710/2467/536 3713/2470/536
f 3713/2470/536 3723/2480/491 3722/2479/491
f 3724/2481/541 3722/2479/491 3723/2480/491
f 3723/2480/491 3725/2482/542 3724/2481/541
f 3707/2464/534 3714/2471/489 3717/2474/489
f 3717/2474/489 3708/2465/535 3707/2464/534
s 0
f 3726/2448/543 3727/2483/543 3728/2484/543
f 3728/2484/544 3729/2445/544 3726/2448/544
f 3730/2485/545 3731/2486/545 3732/2487/545
f 3732/2487/546 3733/2488/546 3730/2485/546
f 3734/2489/547 3735/2451/547 3736/2454/547
f 3736/2454/548 3737/2490/548 3734/2489/548
f 3738/2491/549 3739/2492/549 3740/2493/549
f 3740/2493/550 3741/2494/550 3738/2491/550
s 1
f 3742/2491/551 3743/2495/551 3744/2496/551
s 0
f 3744/2496/552 3745/2492/552 3742/2491/552
f 3746/2489/553 3747/2497/553 3748/2498/553
f 3748/2498/554 3749/2451/554 3746/2489/554
s 1
f 3750/2488/555 3751/2499/556 3752/2500/556
f 3752/2500/556 3753/2485/557 3750/2488/555
s 0
f 3754/2485/558 3755/2500/558 3756/2501/558
f 3756/2501/559 3757/2486/559 3754/2485/559
f 3758/2486/560 3759/2501/560 3760/2502/560
f 3760/2502/561 3761/2487/561 3758/2486/561
f 3762/2492/562 3763/2503/562 3764/2504/562
f 3764/2504/562 3765/2493/562 3762/2492/562
f 3766/2505/563 3767/2506/563 3768/2507/563
f 3768/2507/554 3769/2508/554 3766/2505/554
s 1
f 3770/2509/514 3673/2430/514 3660/2417/514
s 0
f 3660/2417/513 3771/2510/513 3770/2509/513
f 3772/2490/564 3773/2511/564 3774/2512/564
s 1
f 3774/2512/565 3775/2489/565 3772/2490/565
f 3776/2513/519 3685/2442/519 3664/2421/519
s 0
f 3664/2421/519 3777/2514/519 3776/2513/519
s 1
f 3778/2494/566 3779/2515/566 3780/2516/566
s 0
f 3780/2516/566 3781/2491/566 3778/2494/566
f 3782/2483/567 3783/2517/567 3784/2518/567
f 3784/2518/568 3785/2484/568 3782/2483/568
s 1
f 3786/2519/9 3787/2520/371 3788/2521/371
f 3788/2521/371 3789/2522/361 3786/2519/9
s 0
f 3790/2523/569 3791/2524/569 3792/2525/569
f 3792/2525/398 3793/2526/398 3790/2523/398
s 1
f 3794/2527/570 3795/2528/1 3796/2529/1
f 3796/2529/1 3797/2530/571 3794/2527/570
s 0
f 3798/2531/572 3799/2532/572 3800/2533/572
f 3800/2533/460 3801/2534/460 3798/2531/460
s 1
f 3795/2528/1 3802/2535/376 3803/2536/376
f 3803/2536/376 3796/2529/1 3795/2528/1
f 3804/2537/573 3805/2538/378 3806/2539/379
f 3806/2539/379 3807/2540/574 3804/2537/573
s 0
f 3808/2541/398 3809/2542/398 3810/2543/398
f 3810/2543/405 3811/2544/405 3808/2541/405
f 3812/2545/372 3813/2546/372 3814/2547/372
f 3814/2547/381 3815/2548/381 3812/2545/381
f 3816/2549/384 3817/2550/384 3818/2551/384
f 3818/2551/388 3819/2552/388 3816/2549/388
f 3820/2553/575 3821/2554/575 3822/2555/575
f 3822/2555/576 3823/2556/576 3820/2553/576
s 1
f 3824/2557/384 3825/2558/384 3826/2559/384
s 0
f 3826/2559/384 3827/2560/384 3824/2557/384
s 1
f 3787/2520/371 3828/2561/389 3829/2562/390
f 3829/2562/390 3788/2521/371 3787/2520/371
f 3802/2535/376 3830/2563/391 3831/2564/392
f 3831/2564/392 3803/2536/376 3802/2535/376
s 0
f 3832/2565/399 3817/2550/399 3816/2549/399
f 3816/2549/384 3833/2566/384 3832/2565/384
f 3823/2556/384 3822/2555/384 3834/2567/384
f 3834/2567/577 3835/2568/577 3823/2556/577
s 1
f 3836/2569/394 3786/2519/9 3789/2522/361
f 3789/2522/361 3837/2570/395 3836/2569/394
s 0
f 3835/2568/578 3834/2567/578 3838/2571/578
f 3838/2571/579 3839/2572/579 3835/2568/579
f 3840/2573/579 3841/2574/579 3842/2575/579
f 3842/2575/579 3843/2576/579 3840/2573/579
f 3827/2560/384 3826/2559/384 3841/2574/384
f 3841/2574/580 3840/2573/580 3827/2560/580
f 3801/2534/372 3800/2533/372 3844/2577/372
f 3844/2577/581 3845/2578/581 3801/2534/581
f 3842/2575/384 3841/2574/384 3826/2559/384
f 3826/2559/385 3825/2558/385 3842/2575/385
f 3822/2555/435 3821/2554/435 3838/2571/435
f 3838/2571/435 3834/2567/435 3822/2555/435
f 3846/2579/399 3819/2552/399 3818/2551/399
f 3818/2551/384 3847/2580/384 3846/2579/384
s 1
f 3848/2581/400 3849/2582/582 3850/2583/402
f 3850/2583/402 3851/2584/403 3848/2581/400
s 0
f 3852/2585/398 3853/2586/398 3854/2587/398
f 3854/2587/459 3855/2588/459 3852/2585/459
f 3845/2578/463 3844/2577/463 3856/2589/463
f 3856/2589/398 3857/2590/398 3845/2578/398
f 3815/2548/460 3814/2547/460 3791/2524/460
f 3791/2524/463 3790/2523/463 3815/2548/463
s 1
f 3858/2591/406 3859/2592/583 3860/2593/408
f 3860/2593/408 3861/2594/409 3858/2591/406
f 3862/2595/410 3863/2596/584 3864/2597/585
f 3864/2597/585 3865/2598/413 3862/2595/410
f 3866/2599/414 3867/2600/586 3868/2601/587
f 3868/2601/587 3869/2602/588 3866/2599/414
f 3865/2598/413 3864/2597/585 3867/2600/586
f 3867/2600/586 3866/2599/414 3865/2598/413
f 3870/2603/418 3871/2604/589 3872/2605/590
f 3872/2605/590 3873/2606/421 3870/2603/418
f 3851/2584/403 3850/2583/402 3874/2607/591
f 3874/2607/591 3875/2608/592 3851/2584/403
f 3875/2608/592 3874/2607/591 3876/2609/593
f 3876/2609/593 3877/2610/594 3875/2608/592
s 0
f 3878/2611/595 3839/2572/595 3846/2579/595
s 1
f 3846/2579/396 3879/2612/396 3878/2611/396
s 0
f 3880/2613/596 3881/2614/596 3882/2615/596
f 3882/2615/596 3883/2616/596 3880/2613/596
f 3884/2617/595 3843/2576/595 3832/2565/595
f 3832/2565/597 3885/2618/597 3884/2617/597
s 1
f 3886/2619/598 3887/2620/598 3888/2621/599
f 3888/2621/599 3889/2622/600 3886/2619/598
s 0
f 3821/2554/384 3816/2549/384 3819/2552/384
f 3819/2552/577 3838/2571/577 3821/2554/577
f 3817/2550/577 3842/2575/577 3825/2558/577
f 3825/2558/384 3818/2551/384 3817/2550/384
f 3842/2575/601 3817/2550/601 3832/2565/601
f 3832/2565/579 3843/2576/579 3842/2575/579
f 3816/2549/602 3821/2554/602 3820/2553/602
f 3820/2553/603 3833/2566/603 3816/2549/603
s 1
f 3838/2571/433 3819/2552/433 3846/2579/433
s 0
f 3846/2579/579 3839/2572/579 3838/2571/579
f 3818/2551/602 3825/2558/602 3824/2557/602
f 3824/2557/603 3847/2580/603 3818/2551/603
f 3812/2545/372 3811/2544/372 3810/2543/372
f 3810/2543/372 3813/2546/372 3812/2545/372
f 3852/2585/382 3793/2526/382 3792/2525/382
f 3792/2525/382 3853/2586/382 3852/2585/382
f 3854/2587/604 3799/2532/604 3798/2531/604
f 3798/2531/605 3855/2588/605 3854/2587/605
f 3856/2589/382 3809/2542/382 3808/2541/382
f 3808/2541/382 3857/2590/382 3856/2589/382
s 1
f 3870/2603/418 3877/2610/594 3876/2609/593
f 3876/2609/593 3871/2604/589 3870/2603/418
f 3868/2601/587 3890/2623/583 3891/2624/406
f 3891/2624/406 3869/2602/588 3868/2601/587
f 3872/2605/590 3863/2596/584 3862/2595/410
f 3862/2595/410 3873/2606/421 3872/2605/590
f 3860/2593/408 3849/2582/582 3848/2581/400
f 3848/2581/400 3861/2594/409 3860/2593/408
f 3892/2625/606 3893/2626/439 3894/2627/440
f 3894/2627/440 3895/2628/441 3892/2625/606
f 3896/2614/442 3897/2629/442 3898/2630/439
f 3898/2630/439 3899/2615/444 3896/2614/442
f 3837/2570/395 3806/2539/379 3805/2538/378
f 3805/2538/378 3836/2569/394 3837/2570/395
f 3807/2540/574 3831/2564/392 3830/2563/391
f 3830/2563/391 3804/2537/573 3807/2540/574
f 3797/2530/571 3894/2627/440 3893/2626/439
f 3893/2626/439 3794/2527/570 3797/2530/571
f 3900/2631/607 3829/2562/390 3828/2561/389
f 3828/2561/389 3901/2632/608 3900/2631/607
f 3902/2633/609 3903/2634/9 3904/2635/9
f 3904/2635/9 3905/2636/394 3902/2633/609
f 3906/2637/610 3907/2621/611 3908/2620/391
f 3908/2620/391 3909/2638/610 3906/2637/610
f 3910/2639/371 3911/2640/612 3912/2641/389
f 3912/2641/389 3913/2642/371 3910/2639/371
f 3914/2643/613 3915/2644/613 3916/2645/378
f 3916/2645/378 3917/2646/377 3914/2643/613
f 3918/2647/1 3906/2637/610 3909/2638/610
f 3909/2638/610 3919/2648/1 3918/2647/1
f 3920/2649/450 3918/2647/1 3919/2648/1
f 3919/2648/1 3921/2650/374 3920/2649/450
f 3903/2634/9 3910/2639/371 3913/2642/371
f 3913/2642/371 3904/2635/9 3903/2634/9
s 0
f 3922/2651/614 3923/2652/614 3924/2653/614
f 3924/2653/451 3925/2654/451 3922/2651/451
f 3926/2655/615 3927/2656/615 3928/2657/615
f 3928/2657/453 3929/2658/453 3926/2655/453
f 3930/2659/616 3931/2660/616 3932/2661/616
f 3932/2661/617 3933/2662/617 3930/2659/617
f 3934/2663/618 3935/2664/618 3936/2665/618
f 3936/2665/619 3937/2666/619 3934/2663/619
f 3938/2667/620 3939/2569/620 3940/2538/620
f 3940/2538/460 3941/2668/460 3938/2667/460
s 1
f 3942/2669/460 3943/2537/460 3944/2563/460
s 0
f 3944/2563/436 3945/2670/436 3942/2669/436
f 3946/2671/621 3947/2649/621 3948/2650/621
f 3948/2650/622 3949/2655/622 3946/2671/622
s 1
f 3950/2655/623 3951/2650/623 3952/2630/623
s 0
f 3952/2630/382 3953/2656/382 3950/2655/382
f 3954/2656/624 3955/2630/624 3956/2629/624
f 3956/2629/625 3957/2672/625 3954/2656/625
f 3958/2664/626 3959/2645/626 3960/2644/626
f 3960/2644/627 3961/2665/627 3958/2664/627
f 3962/2651/628 3963/2673/628 3964/2641/628
f 3964/2641/404 3965/2652/404 3962/2651/404
f 3966/2674/385 3833/2566/385 3820/2553/385
f 3820/2553/434 3967/2675/434 3966/2674/434
f 3968/2676/629 3969/2643/629 3970/2646/629
f 3970/2646/630 3971/2677/630 3968/2676/630
s 1
f 3972/2678/631 3847/2580/631 3824/2557/631
s 0
f 3824/2557/632 3973/2679/632 3972/2678/632
f 3974/2680/633 3975/2633/633 3976/2636/633
f 3976/2636/472 3977/2681/472 3974/2680/472
f 3978/2652/634 3979/2641/634 3980/2640/634
f 3980/2640/635 3981/2682/635 3978/2652/635
s 1
f 3982/2683/474 3861/2594/409 3848/2581/400
f 3848/2581/400 3983/2684/475 3982/2683/474
f 3984/2685/476 3877/2610/594 3870/2603/418
f 3870/2603/418 3985/2686/477 3984/2685/476
f 3986/2687/636 3866/2599/414 3987/2602/479
f 3987/2602/479 3988/2688/480 3986/2687/636
f 3989/2689/481 3873/2606/421 3862/2595/410
f 3862/2595/410 3990/2690/482 3989/2689/481
f 3985/2686/477 3870/2603/418 3873/2606/421
f 3873/2606/421 3989/2689/481 3985/2686/477
f 3988/2688/480 3987/2602/479 3991/2624/637
f 3991/2624/637 3992/2691/484 3988/2688/480
f 3993/2692/485 3875/2608/592 3877/2610/594
f 3877/2610/594 3984/2685/476 3993/2692/485
f 3994/2693/486 3865/2598/413 3866/2599/414
f 3866/2599/414 3986/2687/636 3994/2693/486
f 3983/2684/475 3848/2581/400 3851/2584/403
f 3851/2584/403 3995/2694/487 3983/2684/475
f 3990/2690/482 3862/2595/410 3865/2598/413
f 3865/2598/413 3994/2693/486 3990/2690/482
f 3995/2694/487 3851/2584/403 3875/2608/592
f 3875/2608/592 3993/2692/485 3995/2694/487
f 3996/2695/638 3997/2591/639 3861/2594/409
f 3861/2594/409 3982/2683/474 3996/2695/638
f 3998/2696/640 3999/2697/641 4000/2698/641
f 4000/2698/641 4001/2699/640 3998/2696/640
f 4002/2700/642 4003/2701/643 4004/2702/643
f 4004/2702/643 4005/2703/644 4002/2700/642
f 4003/2701/643 4006/2704/645 4007/2705/646
f 4007/2705/646 4004/2702/643 4003/2701/643
f 4008/2706/647 4009/2707/648 4010/2708/649
f 4010/2708/649 4011/2709/650 4008/2706/647
f 4012/2710/651 4013/2711/651 4014/2712/652
s 0
f 4014/2712/653 4015/2713/653 4012/2710/653
f 4016/2714/654 4017/2715/654 4018/2716/654
f 4018/2716/655 4019/2717/655 4016/2714/655
f 4020/2718/656 4021/2719/656 4022/2720/657
s 1
f 4022/2720/657 4023/2721/658 4020/2718/659
f 3999/2697/641 4024/2722/660 4025/2723/661
f 4025/2723/661 4000/2698/641 3999/2697/641
f 4006/2704/645 4026/2724/662 4027/2725/663
f 4027/2725/663 4007/2705/646 4006/2704/645
s 0
f 4028/2726/658 4013/2711/658 4012/2710/658
f 4012/2710/664 4029/2727/664 4028/2726/664
s 1
f 4019/2717/653 4018/2716/658 4030/2728/659
f 4030/2728/659 4031/2729/659 4019/2717/653
f 4032/2730/665 3998/2696/640 4001/2699/640
f 4001/2699/640 4033/2731/666 4032/2730/665
f 4031/2729/659 4030/2728/659 4034/2732/667
s 0
f 4034/2732/654 4035/2733/654 4031/2729/654
s 1
f 4036/2734/654 4037/2735/668 4038/2736/659
f 4038/2736/659 4039/2737/669 4036/2734/654
f 4023/2721/658 4022/2720/657 4037/2735/667
s 0
f 4037/2735/670 4036/2734/659 4023/2721/670
f 4038/2736/653 4037/2735/667 4022/2720/667
f 4022/2720/659 4021/2719/659 4038/2736/659
f 4018/2716/659 4017/2715/659 4034/2732/659
f 4034/2732/652 4030/2728/652 4018/2716/652
s 1
f 4040/2738/653 4015/2713/653 4014/2712/653
s 0
f 4014/2712/667 4041/2739/667 4040/2738/667
s 1
f 4042/2740/667 4035/2733/671 4040/2738/656
f 4040/2738/656 4043/2741/653 4042/2740/667
f 4044/2742/672 4045/2743/672 4046/2744/672
s 0
f 4046/2744/672 4047/2745/672 4044/2742/672
s 1
f 4048/2746/667 4039/2737/669 4028/2726/673
f 4028/2726/673 4049/2747/667 4048/2746/667
f 4050/2748/674 4051/2749/675 4052/2750/675
f 4052/2750/675 4053/2751/675 4050/2748/674
s 0
f 4017/2715/669 4012/2710/669 4015/2713/669
f 4015/2713/659 4034/2732/659 4017/2715/659
f 4013/2711/658 4038/2736/658 4021/2719/658
f 4021/2719/659 4014/2712/659 4013/2711/659
s 1
f 4038/2736/659 4013/2711/669 4028/2726/673
f 4028/2726/673 4039/2737/669 4038/2736/659
s 0
f 4012/2710/657 4017/2715/657 4016/2714/657
f 4016/2714/657 4029/2727/657 4012/2710/657
f 4034/2732/667 4015/2713/667 4040/2738/667
f 4040/2738/667 4035/2733/667 4034/2732/667
f 4014/2712/657 4021/2719/657 4020/2718/657
f 4020/2718/657 4041/2739/657 4014/2712/657
s 1
f 4054/2752/676 4055/2753/677 4056/2754/678
f 4056/2754/678 4057/2755/679 4054/2752/676
f 4058/2756/680 4059/2757/681 4060/2758/682
f 4060/2758/682 4061/2759/676 4058/2756/680
f 4033/2731/666 4010/2708/649 4009/2707/648
f 4009/2707/648 4032/2730/665 4033/2731/666
f 4011/2709/650 4027/2725/663 4026/2724/662
f 4026/2724/662 4008/2706/647 4011/2709/650
f 4005/2703/644 4056/2754/678 4055/2753/677
f 4055/2753/677 4002/2700/642 4005/2703/644
f 4057/2755/679 4025/2723/661 4024/2722/660
f 4024/2722/660 4054/2752/676 4057/2755/679
f 4062/2760/683 4063/2761/684 4064/2762/685
f 4064/2762/685 4065/2763/686 4062/2760/683
f 4066/2764/687 4067/2765/688 4068/2766/662
f 4068/2766/662 4069/2767/689 4066/2764/687
f 4070/2768/690 4071/2769/691 4072/2770/660
f 4072/2770/660 4073/2771/641 4070/2768/690
f 4074/2772/692 4075/2773/693 4076/2774/694
f 4076/2774/694 4077/2775/647 4074/2772/692
f 4078/2776/695 4066/2764/687 4069/2767/689
f 4069/2767/689 4079/2777/696 4078/2776/695
f 4080/2778/697 4078/2776/695 4079/2777/696
f 4079/2777/696 4081/2779/698 4080/2778/697
f 4063/2761/684 4070/2768/690 4073/2771/641
f 4073/2771/641 4064/2762/685 4063/2761/684
s 0
f 4082/2745/699 4083/2780/699 4084/2781/699
f 4084/2781/700 4085/2742/700 4082/2745/700
f 4086/2782/701 4087/2783/701 4088/2784/701
s 1
f 4088/2784/702 4089/2785/702 4086/2782/702
s 0
f 4090/2786/703 4091/2748/703 4092/2751/703
f 4092/2751/704 4093/2787/704 4090/2786/704
f 4094/2788/705 4095/2789/705 4096/2790/705
f 4096/2790/706 4097/2791/706 4094/2788/706
f 4098/2788/707 4099/2792/707 4100/2793/707
s 1
f 4100/2793/708 4101/2789/708 4098/2788/708
f 4102/2786/709 4103/2794/709 4104/2795/709
s 0
f 4104/2795/707 4105/2748/707 4102/2786/707
f 4106/2785/710 4107/2796/710 4108/2797/710
s 1
f 4108/2797/711 4109/2782/711 4106/2785/711
s 0
f 4110/2782/712 4111/2797/712 4112/2798/712
s 1
f 4112/2798/713 4113/2783/713 4110/2782/713
f 4114/2783/714 4115/2798/714 4116/2799/714
s 0
f 4116/2799/714 4117/2784/714 4114/2783/714
s 1
f 4118/2789/715 4119/2800/716 4120/2801/717
f 4120/2801/717 4121/2790/718 4118/2789/715
f 4122/2802/707 4123/2803/713 4124/2804/707
f 4124/2804/707 4125/2805/713 4122/2802/707
f 4126/2806/659 4029/2727/659 4016/2714/719
f 4016/2714/719 4127/2807/658 4126/2806/659
s 0
f 4128/2787/720 4129/2808/720 4130/2809/720
s 1
f 4130/2809/721 4131/2786/721 4128/2787/721
f 4132/2810/659 4041/2739/659 4020/2718/657
f 4020/2718/657 4133/2811/668 4132/2810/659
f 4134/2791/722 4135/2812/723 4136/2813/724
f 4136/2813/724 4137/2788/725 4134/2791/722
f 4138/2780/726 4139/2814/726 4140/2815/727
f 4140/2815/727 4141/2781/726 4138/2780/726
