# Blender 5.2.2 LTS
# www.blender.org
mtllib theplant.mtl
o Cannabis_Plant_Leaf_0
v 0.210449 0.670410 0.266601
v 0.267578 0.720703 0.184570
v 0.194336 0.771485 0.145019
v 0.171875 0.675293 0.376953
v 0.210449 0.670410 0.266601
v 0.119629 0.730469 0.219726
v 0.089355 0.736817 0.333008
v 0.194336 0.771485 0.145019
v -0.000488 0.803223 0.290527
v 0.043945 0.765137 0.182129
v 0.117676 0.827149 0.104980
v 0.042480 0.765137 0.184082
v 0.018555 0.788574 0.225586
v 0.042480 0.765137 0.184082
v 0.043945 0.765137 0.182129
v 0.000000 0.782227 0.153320
v -0.002441 0.781250 0.156250
v 0.194336 0.771485 0.145019
v 0.267578 0.720703 0.184570
v 0.210449 0.670410 0.266601
v 0.119629 0.730469 0.219726
v 0.210449 0.670410 0.266601
v 0.171875 0.675293 0.376953
v 0.089355 0.736817 0.333008
v 0.194336 0.771485 0.145019
v -0.000488 0.803223 0.290527
v 0.117676 0.827149 0.104980
v 0.043945 0.765137 0.182129
v 0.042480 0.765137 0.184082
v 0.018555 0.788574 0.225586
v 0.000000 0.782227 0.153320
v 0.043945 0.765137 0.182129
v 0.042480 0.765137 0.184082
v -0.002441 0.781250 0.156250
v -0.125488 1.530762 -0.179200
v -0.213867 1.565918 -0.128418
v -0.157715 1.601074 -0.040040
v -0.051758 1.565918 -0.229004
v -0.125488 1.530762 -0.179200
v -0.071777 1.569336 -0.089844
v 0.005859 1.586914 -0.165528
v -0.157715 1.601074 -0.040040
v 0.060547 1.605469 -0.092774
v -0.027832 1.561524 -0.039551
v -0.100586 1.605469 0.030273
v -0.025879 1.561524 -0.041016
v 0.016113 1.579590 -0.058594
v -0.025879 1.561524 -0.041016
v -0.027832 1.561524 -0.039551
v -0.005371 1.523926 -0.009766
v -0.002930 1.523926 -0.011719
v -0.157715 1.601074 -0.040040
v -0.213867 1.565918 -0.128418
v -0.125488 1.530762 -0.179200
v -0.071777 1.569336 -0.089844
v -0.125488 1.530762 -0.179200
v -0.051758 1.565918 -0.229004
v 0.005859 1.586914 -0.165528
v -0.157715 1.601074 -0.040040
v 0.060547 1.605469 -0.092774
v -0.100586 1.605469 0.030273
v -0.027832 1.561524 -0.039551
v -0.025879 1.561524 -0.041016
v 0.016113 1.579590 -0.058594
v -0.005371 1.523926 -0.009766
v -0.027832 1.561524 -0.039551
v -0.025879 1.561524 -0.041016
v -0.002930 1.523926 -0.011719
v 0.244141 1.165527 -0.010254
v 0.271973 1.194336 -0.138184
v 0.164062 1.248535 -0.137696
v 0.260254 1.206543 0.125000
v 0.244141 1.165527 -0.010254
v 0.144531 1.212402 -0.014161
v 0.164062 1.248535 -0.137696
v 0.049316 1.208496 -0.013672
v 0.043945 1.266113 -0.129883
v 0.152344 1.249024 0.123535
v 0.260254 1.206543 0.125000
v 0.033203 1.264649 0.128906
v 0.049316 1.208496 -0.010254
v 0.031738 1.230957 0.045410
v 0.049316 1.208496 -0.010254
v 0.049316 1.208496 -0.013672
v 0.001465 1.159668 -0.016114
v 0.000977 1.159668 -0.012207
v 0.164062 1.248535 -0.137696
v 0.271973 1.194336 -0.138184
v 0.244141 1.165527 -0.010254
v 0.144531 1.212402 -0.014161
v 0.244141 1.165527 -0.010254
v 0.260254 1.206543 0.125000
v 0.164062 1.248535 -0.137696
v 0.043945 1.266113 -0.129883
v 0.049316 1.208496 -0.013672
v 0.260254 1.206543 0.125000
v 0.152344 1.249024 0.123535
v 0.033203 1.264649 0.128906
v 0.049316 1.208496 -0.010254
v 0.031738 1.230957 0.045410
v 0.001465 1.159668 -0.016114
v 0.049316 1.208496 -0.013672
v 0.049316 1.208496 -0.010254
v 0.000977 1.159668 -0.012207
v -0.266602 0.560059 0.147461
v -0.195801 0.610352 0.217773
v -0.144043 0.661133 0.152832
v -0.368652 0.564941 0.090332
v -0.266602 0.560059 0.147461
v -0.205078 0.620117 0.066406
v -0.311035 0.626465 0.017090
v -0.144043 0.661133 0.152832
v -0.253906 0.692871 -0.063965
v -0.154297 0.654785 -0.001465
v -0.091309 0.716797 0.084472
v -0.156250 0.654785 -0.003418
v -0.192871 0.678223 -0.034180
v -0.156250 0.654785 -0.003418
v -0.154297 0.654785 -0.001465
v -0.118652 0.671875 -0.040039
v -0.121094 0.671387 -0.042969
v -0.144043 0.661133 0.152832
v -0.195801 0.610352 0.217773
v -0.266602 0.560059 0.147461
v -0.205078 0.620117 0.066406
v -0.266602 0.560059 0.147461
v -0.368652 0.564941 0.090332
v -0.311035 0.626465 0.017090
v -0.144043 0.661133 0.152832
v -0.253906 0.692871 -0.063965
v -0.091309 0.716797 0.084472
v -0.154297 0.654785 -0.001465
v -0.156250 0.654785 -0.003418
v -0.192871 0.678223 -0.034180
v -0.118652 0.671875 -0.040039
v -0.154297 0.654785 -0.001465
v -0.156250 0.654785 -0.003418
v -0.121094 0.671387 -0.042969
v 0.191895 1.447754 -0.094239
v 0.157227 1.482910 -0.189942
v 0.060547 1.518067 -0.150391
v 0.228516 1.482910 -0.013184
v 0.191895 1.447754 -0.094239
v 0.094727 1.486328 -0.057129
v 0.155762 1.503906 0.032714
v 0.060547 1.518067 -0.150391
v 0.074707 1.522461 0.073730
v 0.037598 1.478516 -0.022461
v -0.018555 1.522461 -0.106446
v 0.038574 1.478516 -0.020020
v 0.048340 1.496582 0.024414
v 0.038574 1.478516 -0.020020
v 0.037598 1.478516 -0.022461
v 0.004395 1.440918 -0.005372
v 0.005859 1.440918 -0.002930
v 0.060547 1.518067 -0.150391
v 0.157227 1.482910 -0.189942
v 0.191895 1.447754 -0.094239
v 0.094727 1.486328 -0.057129
v 0.191895 1.447754 -0.094239
v 0.228516 1.482910 -0.013184
v 0.155762 1.503906 0.032714
v 0.060547 1.518067 -0.150391
v 0.074707 1.522461 0.073730
v -0.018555 1.522461 -0.106446
v 0.037598 1.478516 -0.022461
v 0.038574 1.478516 -0.020020
v 0.048340 1.496582 0.024414
v 0.004395 1.440918 -0.005372
v 0.037598 1.478516 -0.022461
v 0.038574 1.478516 -0.020020
v 0.005859 1.440918 -0.002930
v -0.053223 1.082520 0.220703
v 0.068359 1.111328 0.270508
v 0.086426 1.165527 0.164550
v -0.188965 1.123535 0.213379
v -0.053223 1.082520 0.220703
v -0.031738 1.129395 0.123535
v 0.086426 1.165527 0.164550
v -0.015625 1.125488 0.029785
v 0.099609 1.183594 0.044433
v -0.168945 1.166016 0.107422
v -0.188965 1.123535 0.213379
v -0.153809 1.181641 -0.011231
v -0.019531 1.125488 0.028808
v -0.071289 1.147949 0.001953
v -0.019531 1.125488 0.028808
v -0.015625 1.125488 0.029785
v -0.005371 1.076660 -0.017090
v -0.008789 1.076660 -0.018067
v 0.086426 1.165527 0.164550
v 0.068359 1.111328 0.270508
v -0.053223 1.082520 0.220703
v -0.031738 1.129395 0.123535
v -0.053223 1.082520 0.220703
v -0.188965 1.123535 0.213379
v 0.086426 1.165527 0.164550
v 0.099609 1.183594 0.044433
v -0.015625 1.125488 0.029785
v -0.188965 1.123535 0.213379
v -0.168945 1.166016 0.107422
v -0.153809 1.181641 -0.011231
v -0.019531 1.125488 0.028808
v -0.071289 1.147949 0.001953
v -0.005371 1.076660 -0.017090
v -0.015625 1.125488 0.029785
v -0.019531 1.125488 0.028808
v -0.008789 1.076660 -0.018067
v -0.004883 1.063965 -0.019532
v -0.005371 1.063965 -0.023438
v -0.062012 1.108399 -0.016114
v -0.061523 1.108399 -0.012207
v -0.061523 1.108399 -0.012207
v -0.166504 1.133789 0.145019
v -0.039551 1.170410 0.127441
v -0.299805 1.057129 0.020996
v -0.290527 1.108887 0.161132
v -0.173340 1.100586 0.002441
v -0.323242 1.107910 -0.113770
v -0.197266 1.131348 -0.134278
v -0.062012 1.108399 -0.016114
v -0.065918 1.164063 -0.150391
v -0.057129 1.134277 -0.077149
v -0.062012 1.108399 -0.016114
v -0.005371 1.063965 -0.023438
v -0.004883 1.063965 -0.019532
v -0.061523 1.108399 -0.012207
v -0.039551 1.170410 0.127441
v -0.166504 1.133789 0.145019
v -0.061523 1.108399 -0.012207
v -0.290527 1.108887 0.161132
v -0.299805 1.057129 0.020996
v -0.173340 1.100586 0.002441
v -0.323242 1.107910 -0.113770
v -0.197266 1.131348 -0.134278
v -0.062012 1.108399 -0.016114
v -0.065918 1.164063 -0.150391
v -0.057129 1.134277 -0.077149
v 0.001953 0.980957 -0.014649
v 0.005859 0.980957 -0.014649
v 0.008301 1.025391 -0.071778
v 0.004395 1.025391 -0.071778
v 0.004395 1.025391 -0.071778
v -0.132324 1.050781 -0.202637
v -0.137207 1.087402 -0.074219
v 0.013184 0.974121 -0.312012
v -0.126465 1.025879 -0.327637
v 0.009277 1.017578 -0.184571
v 0.149902 1.024902 -0.312012
v 0.147949 1.048340 -0.184082
v 0.008301 1.025391 -0.071778
v 0.141113 1.081543 -0.052246
v 0.067383 1.051270 -0.056153
v 0.008301 1.025391 -0.071778
v 0.005859 0.980957 -0.014649
v 0.001953 0.980957 -0.014649
v 0.004395 1.025391 -0.071778
v -0.137207 1.087402 -0.074219
v -0.132324 1.050781 -0.202637
v 0.004395 1.025391 -0.071778
v -0.126465 1.025879 -0.327637
v 0.013184 0.974121 -0.312012
v 0.009277 1.017578 -0.184571
v 0.149902 1.024902 -0.312012
v 0.147949 1.048340 -0.184082
v 0.008301 1.025391 -0.071778
v 0.141113 1.081543 -0.052246
v 0.067383 1.051270 -0.056153
v -0.198730 0.487793 0.040527
v -0.201660 0.488281 0.039551
v -0.211914 0.482910 0.087890
v -0.208984 0.482910 0.089355
v -0.208984 0.482910 0.089355
v -0.151367 0.481445 0.193359
v -0.119629 0.531250 0.112793
v -0.245117 0.457031 0.166016
v -0.211914 0.482910 0.087890
v -0.270020 0.415039 0.247070
v -0.182129 0.436035 0.287109
v -0.151367 0.481445 0.193359
v -0.245117 0.457031 0.166016
v -0.373047 0.457031 0.248047
v -0.346680 0.486817 0.166015
v -0.316406 0.526367 0.069336
v -0.211914 0.482910 0.087890
v -0.254883 0.498047 0.071289
v -0.211914 0.482910 0.087890
v -0.201660 0.488281 0.039551
v -0.198730 0.487793 0.040527
v -0.208984 0.482910 0.089355
v -0.119629 0.531250 0.112793
v -0.151367 0.481445 0.193359
v -0.208984 0.482910 0.089355
v -0.245117 0.457031 0.166016
v -0.211914 0.482910 0.087890
v -0.151367 0.481445 0.193359
v -0.182129 0.436035 0.287109
v -0.270020 0.415039 0.247070
v -0.245117 0.457031 0.166016
v -0.373047 0.457031 0.248047
v -0.346680 0.486817 0.166015
v -0.316406 0.526367 0.069336
v -0.211914 0.482910 0.087890
v -0.254883 0.498047 0.071289
v -0.133301 0.497559 0.016601
v -0.131836 0.498535 0.014160
v -0.167969 0.492676 -0.015625
v -0.169434 0.491211 -0.014160
v -0.169434 0.491211 -0.014160
v -0.296875 0.469727 0.002441
v -0.236328 0.511231 0.047851
v -0.298340 0.423340 -0.127442
v -0.361328 0.450684 -0.057129
v -0.225098 0.462891 -0.065918
v -0.229980 0.470703 -0.201660
v -0.174316 0.496582 -0.146485
v -0.167969 0.492676 -0.015625
v -0.112793 0.541992 -0.074219
v -0.139648 0.524414 -0.044922
v -0.167969 0.492676 -0.015625
v -0.131836 0.498535 0.014160
v -0.133301 0.497559 0.016601
v -0.169434 0.491211 -0.014160
v -0.236328 0.511231 0.047851
v -0.296875 0.469727 0.002441
v -0.169434 0.491211 -0.014160
v -0.361328 0.450684 -0.057129
v -0.298340 0.423340 -0.127442
v -0.225098 0.462891 -0.065918
v -0.229980 0.470703 -0.201660
v -0.174316 0.496582 -0.146485
v -0.167969 0.492676 -0.015625
v -0.112793 0.541992 -0.074219
v -0.139648 0.524414 -0.044922
v -0.003418 1.063965 -0.021973
v -0.007812 1.063965 -0.021485
v -0.003906 1.102539 0.043457
v 0.000000 1.103027 0.042968
v 0.000000 1.103027 0.042968
v 0.146484 1.128906 0.155761
v 0.138184 1.168945 0.023437
v 0.014160 1.042969 0.279297
v 0.158691 1.085449 0.279785
v 0.008789 1.081543 0.156738
v -0.129395 1.070801 0.306152
v -0.138672 1.108399 0.185547
v -0.003906 1.102539 0.043457
v -0.150391 1.160645 0.059082
v -0.068359 1.128418 0.038574
v -0.003906 1.102539 0.043457
v -0.007812 1.063965 -0.021485
v -0.003418 1.063965 -0.021973
v 0.000000 1.103027 0.042968
v 0.138184 1.168945 0.023437
v 0.146484 1.128906 0.155761
v 0.000000 1.103027 0.042968
v 0.158691 1.085449 0.279785
v 0.014160 1.042969 0.279297
v 0.008789 1.081543 0.156738
v -0.129395 1.070801 0.306152
v -0.138672 1.108399 0.185547
v -0.003906 1.102539 0.043457
v -0.150391 1.160645 0.059082
v -0.068359 1.128418 0.038574
v 0.019531 0.921875 0.006347
v 0.015625 0.921875 0.007324
v 0.030273 0.961914 0.074218
v 0.034668 0.961914 0.073242
v 0.034668 0.961914 0.073242
v 0.203125 0.973633 0.164062
v 0.183105 1.033692 0.033691
v 0.079590 0.892578 0.324707
v 0.225586 0.933106 0.293457
v 0.044922 0.936524 0.186035
v -0.067383 0.940918 0.362793
v -0.100098 0.973145 0.232910
v 0.030273 0.961914 0.074218
v -0.114746 1.029785 0.106933
v -0.035645 0.991699 0.078125
v 0.030273 0.961914 0.074218
v 0.015625 0.921875 0.007324
v 0.019531 0.921875 0.006347
v 0.034668 0.961914 0.073242
v 0.183105 1.033692 0.033691
v 0.203125 0.973633 0.164062
v 0.034668 0.961914 0.073242
v 0.225586 0.933106 0.293457
v 0.079590 0.892578 0.324707
v 0.044922 0.936524 0.186035
v -0.067383 0.940918 0.362793
v -0.100098 0.973145 0.232910
v 0.030273 0.961914 0.074218
v -0.114746 1.029785 0.106933
v -0.035645 0.991699 0.078125
v 0.014160 0.920410 0.005371
v 0.017578 0.919434 0.002929
v -0.020996 0.954590 -0.066895
v -0.024902 0.955567 -0.063965
v -0.024902 0.955567 -0.063965
v -0.233398 0.989746 -0.077149
v -0.143555 1.073731 0.010742
v -0.202637 0.862793 -0.258789
v -0.334961 0.942383 -0.182129
v -0.108398 0.910156 -0.164063
v -0.077148 0.848145 -0.377930
v 0.022949 0.894531 -0.277832
v -0.020996 0.954590 -0.066895
v 0.116699 0.982422 -0.177246
v 0.047363 0.971680 -0.108399
v -0.020996 0.954590 -0.066895
v 0.017578 0.919434 0.002929
v 0.014160 0.920410 0.005371
v -0.024902 0.955567 -0.063965
v -0.143555 1.073731 0.010742
v -0.233398 0.989746 -0.077149
v -0.024902 0.955567 -0.063965
v -0.334961 0.942383 -0.182129
v -0.202637 0.862793 -0.258789
v -0.108398 0.910156 -0.164063
v -0.077148 0.848145 -0.377930
v 0.022949 0.894531 -0.277832
v -0.020996 0.954590 -0.066895
v 0.116699 0.982422 -0.177246
v 0.047363 0.971680 -0.108399
v -0.006836 1.063965 -0.022461
v -0.003906 1.063477 -0.019043
v 0.044434 1.121582 -0.065430
v 0.041504 1.121582 -0.068360
v 0.041504 1.121582 -0.068360
v 0.022461 1.152832 -0.272461
v -0.076172 1.197266 -0.175782
v 0.251465 1.085938 -0.277344
v 0.141113 1.151855 -0.401368
v 0.136719 1.118652 -0.161133
v 0.374512 1.143067 -0.163086
v 0.250977 1.161133 -0.045411
v 0.044434 1.121582 -0.065430
v 0.154297 1.192383 0.053222
v 0.084473 1.150391 -0.000977
v 0.044434 1.121582 -0.065430
v -0.003906 1.063477 -0.019043
v -0.006836 1.063965 -0.022461
v 0.041504 1.121582 -0.068360
v -0.076172 1.197266 -0.175782
v 0.022461 1.152832 -0.272461
v 0.041504 1.121582 -0.068360
v 0.141113 1.151855 -0.401368
v 0.251465 1.085938 -0.277344
v 0.136719 1.118652 -0.161133
v 0.374512 1.143067 -0.163086
v 0.250977 1.161133 -0.045411
v 0.044434 1.121582 -0.065430
v 0.154297 1.192383 0.053222
v 0.084473 1.150391 -0.000977
v 0.003418 0.980469 -0.010742
v 0.004395 0.980469 -0.006348
v 0.071777 1.020508 -0.018555
v 0.070801 1.020508 -0.022461
v 0.070801 1.020508 -0.022461
v 0.180664 1.040527 -0.200196
v 0.048340 1.083496 -0.174805
v 0.321289 0.942383 -0.063477
v 0.312988 0.994141 -0.214844
v 0.186523 1.002442 -0.047364
v 0.362793 0.988770 0.092285
v 0.236816 1.036133 0.100097
v 0.071777 1.020508 -0.018555
v 0.096680 1.085449 0.128906
v 0.072754 1.050293 0.047851
v 0.071777 1.020508 -0.018555
v 0.004395 0.980469 -0.006348
v 0.003418 0.980469 -0.010742
v 0.070801 1.020508 -0.022461
v 0.048340 1.083496 -0.174805
v 0.180664 1.040527 -0.200196
v 0.070801 1.020508 -0.022461
v 0.312988 0.994141 -0.214844
v 0.321289 0.942383 -0.063477
v 0.186523 1.002442 -0.047364
v 0.362793 0.988770 0.092285
v 0.236816 1.036133 0.100097
v 0.071777 1.020508 -0.018555
v 0.096680 1.085449 0.128906
v 0.072754 1.050293 0.047851
v 0.011230 0.979981 -0.006836
v 0.013672 0.979981 -0.011231
v -0.052734 1.028809 -0.045899
v -0.055176 1.028809 -0.041504
v -0.055176 1.028809 -0.041504
v -0.263672 1.036133 0.057129
v -0.141113 1.100098 0.125976
v -0.312012 0.958008 -0.162598
v -0.407715 1.001465 -0.015625
v -0.171875 1.004883 -0.110840
v -0.239258 1.009277 -0.337403
v -0.096191 1.044434 -0.283203
v -0.052734 1.028809 -0.045899
v 0.035645 1.089844 -0.206055
v -0.004395 1.056641 -0.111817
v -0.052734 1.028809 -0.045899
v 0.013672 0.979981 -0.011231
v 0.011230 0.979981 -0.006836
v -0.055176 1.028809 -0.041504
v -0.141113 1.100098 0.125976
v -0.263672 1.036133 0.057129
v -0.055176 1.028809 -0.041504
v -0.407715 1.001465 -0.015625
v -0.312012 0.958008 -0.162598
v -0.171875 1.004883 -0.110840
v -0.239258 1.009277 -0.337403
v -0.096191 1.044434 -0.283203
v -0.052734 1.028809 -0.045899
v 0.035645 1.089844 -0.206055
v -0.004395 1.056641 -0.111817
v 0.037109 0.830078 0.018554
v 0.037109 0.830078 0.023437
v 0.111816 0.878418 0.026855
v 0.112305 0.878418 0.021972
v 0.112305 0.878418 0.021972
v 0.267090 0.899414 -0.156739
v 0.114746 0.953125 -0.159180
v 0.399902 0.796875 0.030761
v 0.416016 0.850586 -0.149414
v 0.247559 0.859375 0.027832
v 0.392090 0.870606 0.220215
v 0.237305 0.894043 0.211914
v 0.111816 0.878418 0.026855
v 0.089844 0.960938 0.206543
v 0.095215 0.911621 0.105957
v 0.111816 0.878418 0.026855
v 0.037109 0.830078 0.023437
v 0.037109 0.830078 0.018554
v 0.112305 0.878418 0.021972
v 0.114746 0.953125 -0.159180
v 0.267090 0.899414 -0.156739
v 0.112305 0.878418 0.021972
v 0.416016 0.850586 -0.149414
v 0.399902 0.796875 0.030761
v 0.247559 0.859375 0.027832
v 0.392090 0.870606 0.220215
v 0.237305 0.894043 0.211914
v 0.111816 0.878418 0.026855
v 0.089844 0.960938 0.206543
v 0.095215 0.911621 0.105957
v 0.031250 0.829590 0.021972
v 0.028809 0.829590 0.018066
v -0.031250 0.886719 0.060058
v -0.028320 0.886719 0.063965
v -0.028320 0.886719 0.063965
v -0.060547 0.923340 0.288574
v 0.066406 0.967285 0.200683
v -0.291016 0.839844 0.249023
v -0.196289 0.890137 0.391113
v -0.148438 0.872070 0.147461
v -0.390137 0.883301 0.108886
v -0.249512 0.905274 0.017578
v -0.031250 0.886719 0.060058
v -0.122559 0.971192 -0.090821
v -0.061523 0.919434 -0.011719
v -0.031250 0.886719 0.060058
v 0.028809 0.829590 0.018066
v 0.031250 0.829590 0.021972
v -0.028320 0.886719 0.063965
v 0.066406 0.967285 0.200683
v -0.060547 0.923340 0.288574
v -0.028320 0.886719 0.063965
v -0.196289 0.890137 0.391113
v -0.291016 0.839844 0.249023
v -0.148438 0.872070 0.147461
v -0.390137 0.883301 0.108886
v -0.249512 0.905274 0.017578
v -0.031250 0.886719 0.060058
v -0.122559 0.971192 -0.090821
v -0.061523 0.919434 -0.011719
v 0.021484 0.770020 0.014648
v 0.026367 0.768555 0.015625
v 0.055664 0.810059 -0.073242
v 0.050781 0.811524 -0.074219
v 0.050781 0.811524 -0.074219
v -0.095703 0.858887 -0.269532
v -0.103027 0.947266 -0.116700
v 0.089355 0.686035 -0.395020
v -0.075195 0.789062 -0.447754
v 0.066895 0.758301 -0.222168
v 0.291992 0.684570 -0.375489
v 0.269531 0.755859 -0.203614
v 0.055664 0.810059 -0.073242
v 0.263184 0.847168 -0.043457
v 0.145508 0.826660 -0.052735
v 0.055664 0.810059 -0.073242
v 0.026367 0.768555 0.015625
v 0.021484 0.770020 0.014648
v 0.050781 0.811524 -0.074219
v -0.103027 0.947266 -0.116700
v -0.095703 0.858887 -0.269532
v 0.050781 0.811524 -0.074219
v -0.075195 0.789062 -0.447754
v 0.089355 0.686035 -0.395020
v 0.066895 0.758301 -0.222168
v 0.291992 0.684570 -0.375489
v 0.269531 0.755859 -0.203614
v 0.055664 0.810059 -0.073242
v 0.263184 0.847168 -0.043457
v 0.145508 0.826660 -0.052735
v 0.013672 0.785156 0.082031
v 0.012207 0.785645 0.079101
v -0.035645 0.774414 0.098633
v -0.034668 0.773926 0.101562
v -0.034668 0.773926 0.101562
v -0.077148 0.744629 0.233398
v 0.002441 0.802735 0.205078
v -0.207031 0.694824 0.172851
v -0.159180 0.695313 0.269531
v -0.114258 0.737305 0.130371
v -0.253418 0.732422 0.079101
v -0.164062 0.787598 0.045410
v -0.035645 0.774414 0.098633
v -0.083496 0.843750 0.018066
v -0.049805 0.806152 0.060058
v -0.035645 0.774414 0.098633
v 0.012207 0.785645 0.079101
v 0.013672 0.785156 0.082031
v -0.034668 0.773926 0.101562
v 0.002441 0.802735 0.205078
v -0.077148 0.744629 0.233398
v -0.034668 0.773926 0.101562
v -0.159180 0.695313 0.269531
v -0.207031 0.694824 0.172851
v -0.114258 0.737305 0.130371
v -0.253418 0.732422 0.079101
v -0.164062 0.787598 0.045410
v -0.035645 0.774414 0.098633
v -0.083496 0.843750 0.018066
v -0.049805 0.806152 0.060058
v 0.046387 0.564453 0.136230
v 0.044922 0.564453 0.139648
v 0.106445 0.550293 0.161133
v 0.106445 0.549805 0.158203
v 0.106445 0.549805 0.158203
v 0.242188 0.562988 0.057617
v 0.137695 0.616699 0.041504
v 0.298340 0.462402 0.178711
v 0.353027 0.505371 0.061523
v 0.198730 0.518555 0.174805
v 0.276855 0.484863 0.311523
v 0.184082 0.534668 0.304687
v 0.106445 0.550293 0.161133
v 0.090332 0.599609 0.286133
v 0.089844 0.573242 0.213379
v 0.106445 0.550293 0.161133
v 0.044922 0.564453 0.139648
v 0.046387 0.564453 0.136230
v 0.106445 0.549805 0.158203
v 0.137695 0.616699 0.041504
v 0.242188 0.562988 0.057617
v 0.106445 0.549805 0.158203
v 0.353027 0.505371 0.061523
v 0.298340 0.462402 0.178711
v 0.198730 0.518555 0.174805
v 0.276855 0.484863 0.311523
v 0.184082 0.534668 0.304687
v 0.106445 0.550293 0.161133
v 0.090332 0.599609 0.286133
v 0.089844 0.573242 0.213379
v 0.013184 0.563477 0.065918
v 0.010742 0.563965 0.063476
v -0.029297 0.551758 0.104492
v -0.026855 0.551270 0.106445
v -0.026855 0.551270 0.106445
v -0.006836 0.536621 0.250976
v 0.064453 0.589356 0.191406
v -0.162109 0.456543 0.226562
v -0.098145 0.487305 0.312988
v -0.083008 0.518555 0.149902
v -0.250488 0.508301 0.165039
v -0.173340 0.556152 0.096191
v -0.029297 0.551758 0.104492
v -0.115723 0.618652 0.038086
v -0.061523 0.582520 0.069336
v -0.029297 0.551758 0.104492
v 0.010742 0.563965 0.063476
v 0.013184 0.563477 0.065918
v -0.026855 0.551270 0.106445
v 0.064453 0.589356 0.191406
v -0.006836 0.536621 0.250976
v -0.026855 0.551270 0.106445
v -0.098145 0.487305 0.312988
v -0.162109 0.456543 0.226562
v -0.083008 0.518555 0.149902
v -0.250488 0.508301 0.165039
v -0.173340 0.556152 0.096191
v -0.029297 0.551758 0.104492
v -0.115723 0.618652 0.038086
v -0.061523 0.582520 0.069336
v -0.021973 0.540527 -0.164063
v -0.020508 0.540039 -0.167969
v -0.077637 0.530762 -0.195801
v -0.079590 0.530762 -0.192871
v -0.079590 0.530762 -0.192871
v -0.212891 0.532227 -0.106445
v -0.112305 0.601074 -0.067383
v -0.269531 0.472656 -0.247559
v -0.331055 0.487305 -0.124512
v -0.169434 0.506836 -0.221192
v -0.231934 0.496582 -0.374512
v -0.136719 0.537109 -0.345215
v -0.077637 0.530762 -0.195801
v -0.043457 0.585937 -0.304199
v -0.051270 0.558594 -0.240723
v -0.077637 0.530762 -0.195801
v -0.020508 0.540039 -0.167969
v -0.021973 0.540527 -0.164063
v -0.079590 0.530762 -0.192871
v -0.112305 0.601074 -0.067383
v -0.212891 0.532227 -0.106445
v -0.079590 0.530762 -0.192871
v -0.331055 0.487305 -0.124512
v -0.269531 0.472656 -0.247559
v -0.169434 0.506836 -0.221192
v -0.231934 0.496582 -0.374512
v -0.136719 0.537109 -0.345215
v -0.077637 0.530762 -0.195801
v -0.043457 0.585937 -0.304199
v -0.051270 0.558594 -0.240723
v -0.003418 0.534180 -0.072754
v -0.000977 0.534180 -0.069824
v 0.046875 0.529297 -0.112793
v 0.042969 0.530273 -0.115235
v 0.042969 0.530273 -0.115235
v 0.048340 0.509277 -0.270508
v -0.030762 0.570312 -0.210938
v 0.169922 0.459961 -0.204590
v 0.118164 0.486328 -0.303711
v 0.108887 0.520020 -0.155274
v 0.250977 0.488281 -0.125488
v 0.205566 0.536621 -0.069824
v 0.046875 0.529297 -0.112793
v 0.119629 0.580078 -0.016113
v 0.071289 0.550293 -0.061035
v 0.046875 0.529297 -0.112793
v -0.000977 0.534180 -0.069824
v -0.003418 0.534180 -0.072754
v 0.042969 0.530273 -0.115235
v -0.030762 0.570312 -0.210938
v 0.048340 0.509277 -0.270508
v 0.042969 0.530273 -0.115235
v 0.118164 0.486328 -0.303711
v 0.169922 0.459961 -0.204590
v 0.108887 0.520020 -0.155274
v 0.250977 0.488281 -0.125488
v 0.205566 0.536621 -0.069824
v 0.046875 0.529297 -0.112793
v 0.119629 0.580078 -0.016113
v 0.071289 0.550293 -0.061035
v 0.135254 0.681152 0.011230
v 0.137207 0.681641 0.013183
v 0.165039 0.680664 -0.029785
v 0.163086 0.680664 -0.031250
v 0.163086 0.680664 -0.031250
v 0.116211 0.674805 -0.159180
v 0.070312 0.721191 -0.081543
v 0.236328 0.612305 -0.157715
v 0.154785 0.650879 -0.230469
v 0.199707 0.664551 -0.096680
v 0.335938 0.643555 -0.136231
v 0.295410 0.681152 -0.056153
v 0.165039 0.680664 -0.029785
v 0.248535 0.727051 0.018066
v 0.201660 0.703613 -0.001465
v 0.165039 0.680664 -0.029785
v 0.137207 0.681641 0.013183
v 0.135254 0.681152 0.011230
v 0.163086 0.680664 -0.031250
v 0.070312 0.721191 -0.081543
v 0.116211 0.674805 -0.159180
v 0.163086 0.680664 -0.031250
v 0.154785 0.650879 -0.230469
v 0.236328 0.612305 -0.157715
v 0.199707 0.664551 -0.096680
v 0.335938 0.643555 -0.136231
v 0.295410 0.681152 -0.056153
v 0.165039 0.680664 -0.029785
v 0.248535 0.727051 0.018066
v 0.201660 0.703613 -0.001465
v 0.063965 0.675781 0.012207
v 0.062012 0.675781 0.013183
v 0.082520 0.668457 0.054199
v 0.084961 0.668457 0.053222
v 0.084961 0.668457 0.053222
v 0.205566 0.673828 0.078125
v 0.175293 0.707520 0.010254
v 0.153320 0.611817 0.193359
v 0.234375 0.630859 0.162109
v 0.112793 0.640625 0.116699
v 0.071777 0.637695 0.240722
v 0.026855 0.671875 0.165039
v 0.082520 0.668457 0.054199
v 0.002441 0.712402 0.101074
v 0.044434 0.688477 0.068847
v 0.082520 0.668457 0.054199
v 0.062012 0.675781 0.013183
v 0.063965 0.675781 0.012207
v 0.084961 0.668457 0.053222
v 0.175293 0.707520 0.010254
v 0.205566 0.673828 0.078125
v 0.084961 0.668457 0.053222
v 0.234375 0.630859 0.162109
v 0.153320 0.611817 0.193359
v 0.112793 0.640625 0.116699
v 0.071777 0.637695 0.240722
v 0.026855 0.671875 0.165039
v 0.082520 0.668457 0.054199
v 0.002441 0.712402 0.101074
v 0.044434 0.688477 0.068847
v 0.109863 0.348145 0.082031
v 0.111816 0.347656 0.084961
v 0.168457 0.340332 0.059570
v 0.166992 0.340820 0.056641
v 0.166992 0.340820 0.056641
v 0.193848 0.355469 -0.091309
v 0.113770 0.397949 -0.045899
v 0.343262 0.258301 -0.028320
v 0.285645 0.306641 -0.143555
v 0.252441 0.312500 0.011719
v 0.404297 0.285156 0.066406
v 0.311523 0.332031 0.109863
v 0.168457 0.340332 0.059570
v 0.217773 0.381836 0.166504
v 0.185547 0.365723 0.112305
v 0.168457 0.340332 0.059570
v 0.111816 0.347656 0.084961
v 0.109863 0.348145 0.082031
v 0.166992 0.340820 0.056641
v 0.113770 0.397949 -0.045899
v 0.193848 0.355469 -0.091309
v 0.166992 0.340820 0.056641
v 0.285645 0.306641 -0.143555
v 0.343262 0.258301 -0.028320
v 0.252441 0.312500 0.011719
v 0.404297 0.285156 0.066406
v 0.311523 0.332031 0.109863
v 0.168457 0.340332 0.059570
v 0.217773 0.381836 0.166504
v 0.185547 0.365723 0.112305
v 0.047363 0.343750 0.038086
v 0.043945 0.344238 0.038086
v 0.038574 0.333008 0.090332
v 0.041504 0.333008 0.090820
v 0.041504 0.333008 0.090820
v 0.139160 0.322754 0.198242
v 0.156250 0.375488 0.114746
v 0.025391 0.260742 0.243652
v 0.134277 0.279297 0.287109
v 0.029785 0.304688 0.160156
v -0.084473 0.291016 0.256348
v -0.079590 0.337891 0.168457
v 0.038574 0.333008 0.090332
v -0.065430 0.389160 0.089355
v -0.006348 0.358887 0.082519
v 0.038574 0.333008 0.090332
v 0.043945 0.344238 0.038086
v 0.047363 0.343750 0.038086
v 0.041504 0.333008 0.090820
v 0.156250 0.375488 0.114746
v 0.139160 0.322754 0.198242
v 0.041504 0.333008 0.090820
v 0.134277 0.279297 0.287109
v 0.025391 0.260742 0.243652
v 0.029785 0.304688 0.160156
v -0.084473 0.291016 0.256348
v -0.079590 0.337891 0.168457
v 0.038574 0.333008 0.090332
v -0.065430 0.389160 0.089355
v -0.006348 0.358887 0.082519
v -0.000488 1.245606 -0.009278
v -0.002930 1.245606 -0.012207
v -0.037109 1.293457 0.024902
v -0.034668 1.292969 0.027343
v -0.034668 1.292969 0.027343
v -0.019531 1.328614 0.200195
v 0.068359 1.345215 0.111816
v -0.187500 1.247559 0.177734
v -0.093750 1.287598 0.287597
v -0.109863 1.294434 0.100586
v -0.294434 1.287109 0.084961
v -0.211914 1.323731 0.012695
v -0.037109 1.293457 0.024902
v -0.124023 1.366699 -0.074219
v -0.066406 1.318848 -0.024903
v -0.037109 1.293457 0.024902
v -0.002930 1.245606 -0.012207
v -0.000488 1.245606 -0.009278
v -0.034668 1.292969 0.027343
v 0.068359 1.345215 0.111816
v -0.019531 1.328614 0.200195
v -0.034668 1.292969 0.027343
v -0.093750 1.287598 0.287597
v -0.187500 1.247559 0.177734
v -0.109863 1.294434 0.100586
v -0.294434 1.287109 0.084961
v -0.211914 1.323731 0.012695
v -0.037109 1.293457 0.024902
v -0.124023 1.366699 -0.074219
v -0.066406 1.318848 -0.024903
v 0.000488 1.300781 -0.000000
v -0.002441 1.301270 -0.000489
v -0.008789 1.342285 0.040039
v -0.005859 1.342285 0.040527
v -0.005859 1.342285 0.040527
v 0.087402 1.373047 0.147461
v 0.104980 1.388184 0.047851
v -0.039551 1.321289 0.234863
v 0.077148 1.349610 0.255371
v -0.020020 1.347168 0.133300
v -0.148926 1.347168 0.209472
v -0.130859 1.369629 0.108886
v -0.008789 1.342285 0.040039
v -0.113281 1.392578 0.009277
v -0.053711 1.362305 0.019043
v -0.008789 1.342285 0.040039
v -0.002441 1.301270 -0.000489
v 0.000488 1.300781 -0.000000
v -0.005859 1.342285 0.040527
v 0.104980 1.388184 0.047851
v 0.087402 1.373047 0.147461
v -0.005859 1.342285 0.040527
v 0.077148 1.349610 0.255371
v -0.039551 1.321289 0.234863
v -0.020020 1.347168 0.133300
v -0.148926 1.347168 0.209472
v -0.130859 1.369629 0.108886
v -0.008789 1.342285 0.040039
v -0.113281 1.392578 0.009277
v -0.053711 1.362305 0.019043
v -0.019043 1.791992 -0.044434
v -0.034180 1.788574 -0.031739
v 0.009277 1.791992 0.003417
v -0.046875 1.760254 -0.069825
v 0.009277 1.791992 0.003417
v -0.034180 1.788574 -0.031739
v -0.019043 1.791992 -0.044434
v -0.046875 1.760254 -0.069825
v -0.001953 1.310547 0.000488
v 0.000977 1.310547 -0.001465
v -0.025879 1.354981 -0.036622
v -0.028320 1.354981 -0.034668
v -0.028320 1.354981 -0.034668
v -0.180664 1.393555 -0.042481
v -0.113770 1.406738 0.047851
v -0.160156 1.325195 -0.198731
v -0.246582 1.355957 -0.130860
v -0.086914 1.361328 -0.107422
v -0.066406 1.355957 -0.268067
v 0.009277 1.380859 -0.183594
v -0.025879 1.354981 -0.036622
v 0.075195 1.406738 -0.097168
v 0.023438 1.375488 -0.056641
v -0.025879 1.354981 -0.036622
v 0.000977 1.310547 -0.001465
v -0.001953 1.310547 0.000488
v -0.028320 1.354981 -0.034668
v -0.113770 1.406738 0.047851
v -0.180664 1.393555 -0.042481
v -0.028320 1.354981 -0.034668
v -0.246582 1.355957 -0.130860
v -0.160156 1.325195 -0.198731
v -0.086914 1.361328 -0.107422
v -0.066406 1.355957 -0.268067
v 0.009277 1.380859 -0.183594
v -0.025879 1.354981 -0.036622
v 0.075195 1.406738 -0.097168
v 0.023438 1.375488 -0.056641
v -0.006348 1.291992 -0.004395
v -0.005371 1.291992 -0.001465
v 0.036621 1.336426 -0.014649
v 0.035645 1.336426 -0.018067
v 0.035645 1.336426 -0.018067
v 0.096680 1.371582 -0.161622
v -0.005859 1.382813 -0.124024
v 0.227539 1.313965 -0.069825
v 0.195312 1.352051 -0.187012
v 0.121582 1.337891 -0.045899
v 0.263672 1.351074 0.039062
v 0.161133 1.372559 0.069336
v 0.036621 1.336426 -0.014649
v 0.059082 1.387695 0.101074
v 0.039062 1.356934 0.038574
v 0.036621 1.336426 -0.014649
v -0.005371 1.291992 -0.001465
v -0.006348 1.291992 -0.004395
v 0.035645 1.336426 -0.018067
v -0.005859 1.382813 -0.124024
v 0.096680 1.371582 -0.161622
v 0.035645 1.336426 -0.018067
v 0.195312 1.352051 -0.187012
v 0.227539 1.313965 -0.069825
v 0.121582 1.337891 -0.045899
v 0.263672 1.351074 0.039062
v 0.161133 1.372559 0.069336
v 0.036621 1.336426 -0.014649
v 0.059082 1.387695 0.101074
v 0.039062 1.356934 0.038574
v -0.001465 1.402832 -0.001954
v 0.000977 1.402832 -0.001465
v 0.009766 1.437012 -0.041016
v 0.007324 1.437012 -0.041504
v 0.007324 1.437012 -0.041504
v -0.071289 1.454102 -0.142090
v -0.092285 1.481934 -0.056153
v 0.045410 1.384277 -0.213379
v -0.045898 1.426270 -0.233399
v 0.032715 1.432129 -0.125977
v 0.149414 1.438965 -0.194825
v 0.133301 1.460938 -0.103028
v 0.009766 1.437012 -0.041016
v 0.105469 1.481934 -0.012207
v 0.050293 1.455567 -0.021485
v 0.009766 1.437012 -0.041016
v 0.000977 1.402832 -0.001465
v -0.001465 1.402832 -0.001954
v 0.007324 1.437012 -0.041504
v -0.092285 1.481934 -0.056153
v -0.071289 1.454102 -0.142090
v 0.007324 1.437012 -0.041504
v -0.045898 1.426270 -0.233399
v 0.045410 1.384277 -0.213379
v 0.032715 1.432129 -0.125977
v 0.149414 1.438965 -0.194825
v 0.133301 1.460938 -0.103028
v 0.009766 1.437012 -0.041016
v 0.105469 1.481934 -0.012207
v 0.050293 1.455567 -0.021485
v -0.065430 1.721680 -0.030762
v -0.070801 1.712403 -0.003418
v 0.007812 1.731934 0.003417
v -0.109863 1.666504 -0.042969
v 0.007812 1.731934 0.003417
v -0.070801 1.712403 -0.003418
v -0.065430 1.721680 -0.030762
v -0.109863 1.666504 -0.042969
v 0.006348 1.375000 0.009277
v 0.003418 1.375000 0.010742
v 0.025879 1.412598 0.048828
v 0.028320 1.412598 0.047363
v 0.028320 1.412598 0.047363
v 0.160645 1.438965 0.067871
v 0.118652 1.460938 -0.014161
v 0.123535 1.374512 0.206054
v 0.223633 1.402832 0.152832
v 0.069824 1.406250 0.118652
v 0.033691 1.412110 0.265136
v 0.025879 1.412598 0.048828
v -0.020996 1.432617 0.062988
v -0.072266 1.460938 0.096191
v -0.012695 1.439453 0.185058
v 0.033691 1.412110 0.265136
v 0.025879 1.412598 0.048828
v 0.003418 1.375000 0.010742
v 0.006348 1.375000 0.009277
v 0.028320 1.412598 0.047363
v 0.118652 1.460938 -0.014161
v 0.160645 1.438965 0.067871
v 0.028320 1.412598 0.047363
v 0.223633 1.402832 0.152832
v 0.123535 1.374512 0.206054
v 0.069824 1.406250 0.118652
v 0.033691 1.412110 0.265136
v 0.025879 1.412598 0.048828
v -0.072266 1.460938 0.096191
v -0.020996 1.432617 0.062988
v -0.012695 1.439453 0.185058
v 0.033691 1.412110 0.265136
v -0.077637 1.738770 0.078613
v 0.033203 1.732910 0.112792
v 0.064941 1.724610 0.012207
v -0.045898 1.729981 -0.022461
v 0.064941 1.724610 0.012207
v 0.033203 1.732910 0.112792
v -0.077637 1.738770 0.078613
v -0.045898 1.729981 -0.022461
v 0.046387 1.792481 0.085937
v 0.097168 1.800781 0.005371
v 0.027832 1.775391 -0.041504
v -0.022949 1.767090 0.039062
v 0.027832 1.775391 -0.041504
v 0.097168 1.800781 0.005371
v 0.046387 1.792481 0.085937
v -0.022949 1.767090 0.039062
v 0.039062 1.843262 -0.040040
v 0.022461 1.840332 -0.048340
v 0.009277 1.832031 0.002929
v 0.052734 1.821289 -0.079590
v 0.009277 1.832031 0.002929
v 0.022461 1.840332 -0.048340
v 0.039062 1.843262 -0.040040
v 0.052734 1.821289 -0.079590
v 0.061523 1.833496 0.002441
v 0.058594 1.830567 -0.016114
v 0.009766 1.820313 0.002929
v 0.102051 1.812989 -0.009278
v 0.009766 1.820313 0.002929
v 0.058594 1.830567 -0.016114
v 0.061523 1.833496 0.002441
v 0.102051 1.812989 -0.009278
v -0.024902 1.679688 -0.113282
v -0.127441 1.666992 -0.023438
v -0.034668 1.653809 0.052734
v 0.060547 1.676270 -0.037110
v -0.034668 1.653809 0.052734
v -0.127441 1.666992 -0.023438
v -0.024902 1.679688 -0.113282
v 0.060547 1.676270 -0.037110
v 0.096680 1.650879 0.109863
v 0.137695 1.650391 -0.016114
v 0.036133 1.624024 -0.064454
v -0.016602 1.625489 0.062988
v 0.036133 1.624024 -0.064454
v 0.137695 1.650391 -0.016114
v 0.096680 1.650879 0.109863
v -0.016602 1.625489 0.062988
v -0.076660 1.653321 -0.099122
v -0.146973 1.653809 0.013183
v -0.025879 1.624024 0.063476
v 0.037598 1.625489 -0.058594
v -0.025879 1.624024 0.063476
v -0.146973 1.653809 0.013183
v -0.076660 1.653321 -0.099122
v 0.037598 1.625489 -0.058594
v -0.140137 1.509766 0.036621
v -0.023926 1.508301 0.135253
v 0.049805 1.545899 0.033691
v -0.055664 1.547364 -0.055176
v 0.049805 1.545899 0.033691
v -0.023926 1.508301 0.135253
v -0.140137 1.509766 0.036621
v -0.055664 1.547364 -0.055176
v 0.137695 1.482422 -0.047364
v 0.040527 1.480469 -0.150391
v -0.049805 1.519043 -0.057129
v 0.047363 1.520020 0.040039
v -0.049805 1.519043 -0.057129
v 0.040527 1.480469 -0.150391
v 0.137695 1.482422 -0.047364
v 0.047363 1.520020 0.040039
v -0.004883 1.217285 -0.011231
v -0.001465 1.217285 -0.011231
v 0.000488 1.265137 -0.060547
v -0.003418 1.265625 -0.060547
v -0.003418 1.265625 -0.060547
v -0.132324 1.299317 -0.166993
v -0.137695 1.339356 -0.043946
v -0.009766 1.217773 -0.277832
v -0.143066 1.278320 -0.294434
v -0.000488 1.262695 -0.155274
v 0.122070 1.267578 -0.294434
v 0.131348 1.298828 -0.172364
v 0.000488 1.265137 -0.060547
v 0.124023 1.317871 -0.049805
v 0.058105 1.286133 -0.045899
v 0.000488 1.265137 -0.060547
v -0.001465 1.217285 -0.011231
v -0.004883 1.217285 -0.011231
v -0.003418 1.265625 -0.060547
v -0.137695 1.339356 -0.043946
v -0.132324 1.299317 -0.166993
v -0.003418 1.265625 -0.060547
v -0.143066 1.278320 -0.294434
v -0.009766 1.217773 -0.277832
v -0.000488 1.262695 -0.155274
v 0.122070 1.267578 -0.294434
v 0.131348 1.298828 -0.172364
v 0.000488 1.265137 -0.060547
v 0.124023 1.317871 -0.049805
v 0.058105 1.286133 -0.045899
v -0.009277 1.197754 -0.009278
v -0.007324 1.197754 -0.012696
v -0.050781 1.247070 -0.035157
v -0.052246 1.247070 -0.031739
v -0.052246 1.247070 -0.031739
v -0.212891 1.273926 0.030761
v -0.099609 1.304199 0.090332
v -0.253418 1.208496 -0.153321
v -0.329102 1.244629 -0.035157
v -0.157715 1.254395 -0.083496
v -0.198242 1.266113 -0.264649
v -0.094727 1.284180 -0.192872
v -0.050781 1.247070 -0.035157
v 0.024902 1.301270 -0.133301
v -0.010742 1.270020 -0.078614
v -0.050781 1.247070 -0.035157
v -0.007324 1.197754 -0.012696
v -0.009277 1.197754 -0.009278
v -0.052246 1.247070 -0.031739
v -0.099609 1.304199 0.090332
v -0.212891 1.273926 0.030761
v -0.052246 1.247070 -0.031739
v -0.329102 1.244629 -0.035157
v -0.253418 1.208496 -0.153321
v -0.157715 1.254395 -0.083496
v -0.198242 1.266113 -0.264649
v -0.094727 1.284180 -0.192872
v -0.050781 1.247070 -0.035157
v 0.024902 1.301270 -0.133301
v -0.010742 1.270020 -0.078614
v 0.117188 1.564942 0.062011
v 0.136230 1.565430 -0.075196
v 0.011230 1.588867 -0.075684
v 0.005859 1.593262 0.062011
v 0.011230 1.588867 -0.075684
v 0.136230 1.565430 -0.075196
v 0.117188 1.564942 0.062011
v 0.005859 1.593262 0.062011
v 0.017578 1.778809 0.067871
v 0.039551 1.774903 0.061523
v 0.009766 1.770508 0.003417
v 0.036621 1.747071 0.112304
v 0.009766 1.770508 0.003417
v 0.039551 1.774903 0.061523
v 0.017578 1.778809 0.067871
v 0.036621 1.747071 0.112304
v -0.018555 1.826660 0.045410
v -0.001465 1.823242 0.054199
v 0.009277 1.806153 0.003417
v -0.032227 1.811524 0.088867
v 0.009277 1.806153 0.003417
v -0.001465 1.823242 0.054199
v -0.018555 1.826660 0.045410
v -0.032227 1.811524 0.088867
v 0.074707 1.671387 0.044921
v 0.086426 1.660645 0.020996
v 0.007812 1.646973 0.006347
v 0.117676 1.642090 0.072265
v 0.007812 1.646973 0.006347
v 0.086426 1.660645 0.020996
v 0.074707 1.671387 0.044921
v 0.117676 1.642090 0.072265
v 0.028809 1.609864 -0.078614
v 0.003906 1.624512 -0.078614
v 0.002441 1.592285 -0.003907
v 0.003906 1.596680 -0.143555
v 0.002441 1.592285 -0.003907
v 0.003906 1.624512 -0.078614
v 0.028809 1.609864 -0.078614
v 0.003906 1.596680 -0.143555
v 0.052246 1.477539 0.056152
v 0.068359 1.487305 0.034179
v -0.001953 1.472656 -0.004395
v 0.115723 1.448731 0.071777
v -0.001953 1.472656 -0.004395
v 0.068359 1.487305 0.034179
v 0.052246 1.477539 0.056152
v 0.115723 1.448731 0.071777
v 0.074707 1.396484 -0.028809
v 0.061035 1.385254 -0.051758
v -0.000977 1.392578 0.000488
v 0.118164 1.349609 -0.056153
v -0.000977 1.392578 0.000488
v 0.061035 1.385254 -0.051758
v 0.074707 1.396484 -0.028809
v 0.118164 1.349609 -0.056153
v 0.011230 0.414551 -0.147949
v 0.012695 0.414551 -0.150391
v -0.033203 0.409180 -0.168945
v -0.035156 0.409180 -0.166504
v -0.035156 0.409180 -0.166504
v -0.147949 0.407715 -0.127930
v -0.073730 0.457520 -0.082520
v -0.104004 0.383301 -0.215332
v -0.033203 0.409180 -0.168945
v -0.180176 0.341309 -0.253906
v -0.234863 0.362793 -0.174317
v -0.147949 0.407715 -0.127930
v -0.104004 0.383301 -0.215332
v -0.163086 0.383301 -0.355469
v -0.086914 0.413574 -0.315430
v 0.002930 0.452637 -0.269043
v -0.033203 0.409180 -0.168945
v -0.009277 0.424316 -0.208496
v -0.033203 0.409180 -0.168945
v 0.012695 0.414551 -0.150391
v 0.011230 0.414551 -0.147949
v -0.035156 0.409180 -0.166504
v -0.073730 0.457520 -0.082520
v -0.147949 0.407715 -0.127930
v -0.035156 0.409180 -0.166504
v -0.104004 0.383301 -0.215332
v -0.033203 0.409180 -0.168945
v -0.147949 0.407715 -0.127930
v -0.234863 0.362793 -0.174317
v -0.180176 0.341309 -0.253906
v -0.104004 0.383301 -0.215332
v -0.163086 0.383301 -0.355469
v -0.086914 0.413574 -0.315430
v 0.002930 0.452637 -0.269043
v -0.033203 0.409180 -0.168945
v -0.009277 0.424316 -0.208496
v 0.015625 0.414551 -0.145020
v 0.017578 0.415527 -0.143067
v 0.053223 0.409668 -0.173828
v 0.051758 0.408203 -0.175293
v 0.051758 0.408203 -0.175293
v 0.057617 0.386719 -0.304199
v 0.002441 0.428223 -0.251953
v 0.186035 0.340332 -0.282715
v 0.127441 0.367676 -0.356934
v 0.112305 0.379883 -0.221192
v 0.247070 0.387695 -0.202637
v 0.183105 0.413574 -0.157227
v 0.053223 0.409668 -0.173828
v 0.101074 0.458984 -0.109375
v 0.077148 0.441406 -0.140625
v 0.053223 0.409668 -0.173828
v 0.017578 0.415527 -0.143067
v 0.015625 0.414551 -0.145020
v 0.051758 0.408203 -0.175293
v 0.002441 0.428223 -0.251953
v 0.057617 0.386719 -0.304199
v 0.051758 0.408203 -0.175293
v 0.127441 0.367676 -0.356934
v 0.186035 0.340332 -0.282715
v 0.112305 0.379883 -0.221192
v 0.247070 0.387695 -0.202637
v 0.183105 0.413574 -0.157227
v 0.053223 0.409668 -0.173828
v 0.101074 0.458984 -0.109375
v 0.077148 0.441406 -0.140625
v 0.003906 0.980957 -0.013184
v 0.004395 0.980957 -0.017090
v -0.060547 1.019531 -0.024903
v -0.061035 1.020020 -0.020996
v -0.061035 1.020020 -0.020996
v -0.197266 1.045899 0.104004
v -0.065430 1.085938 0.118652
v -0.295410 0.959961 -0.047852
v -0.321777 1.002442 0.094726
v -0.174316 0.998535 -0.031739
v -0.297363 0.987793 -0.193848
v -0.176758 1.025391 -0.182129
v -0.060547 1.019531 -0.024903
v -0.050293 1.077637 -0.171875
v -0.044434 1.045899 -0.087403
v -0.060547 1.019531 -0.024903
v 0.004395 0.980957 -0.017090
v 0.003906 0.980957 -0.013184
v -0.061035 1.020020 -0.020996
v -0.065430 1.085938 0.118652
v -0.197266 1.045899 0.104004
v -0.061035 1.020020 -0.020996
v -0.321777 1.002442 0.094726
v -0.295410 0.959961 -0.047852
v -0.174316 0.998535 -0.031739
v -0.297363 0.987793 -0.193848
v -0.176758 1.025391 -0.182129
v -0.060547 1.019531 -0.024903
v -0.050293 1.077637 -0.171875
v -0.044434 1.045899 -0.087403
v 0.030273 0.838867 0.020019
v 0.030273 0.838867 0.015625
v -0.038086 0.878906 0.018554
v -0.038086 0.878906 0.022949
v -0.038086 0.878906 0.022949
v -0.156738 0.890625 0.173340
v -0.024902 0.950684 0.175781
v -0.293457 0.809570 0.023437
v -0.288086 0.850098 0.172851
v -0.150879 0.853516 0.013183
v -0.305664 0.857910 -0.127930
v -0.171875 0.890137 -0.137696
v -0.038086 0.878906 0.018554
v -0.045410 0.946777 -0.129883
v -0.030762 0.908692 -0.047364
v -0.038086 0.878906 0.018554
v 0.030273 0.838867 0.015625
v 0.030273 0.838867 0.020019
v -0.038086 0.878906 0.022949
v -0.024902 0.950684 0.175781
v -0.156738 0.890625 0.173340
v -0.038086 0.878906 0.022949
v -0.288086 0.850098 0.172851
v -0.293457 0.809570 0.023437
v -0.150879 0.853516 0.013183
v -0.305664 0.857910 -0.127930
v -0.171875 0.890137 -0.137696
v -0.038086 0.878906 0.018554
v -0.045410 0.946777 -0.129883
v -0.030762 0.908692 -0.047364
v 0.032227 0.837402 0.014160
v 0.034180 0.836426 0.018554
v 0.109375 0.871582 -0.007813
v 0.107422 0.872559 -0.011719
v 0.107422 0.872559 -0.011719
v 0.156250 0.906738 -0.214844
v 0.054199 0.990723 -0.141602
v 0.330078 0.779785 -0.153321
v 0.277344 0.859375 -0.296387
v 0.220215 0.827637 -0.076660
v 0.425781 0.765137 -0.008789
v 0.310059 0.811524 0.072265
v 0.109375 0.871582 -0.007813
v 0.194336 0.899414 0.146972
v 0.138672 0.888672 0.066894
v 0.109375 0.871582 -0.007813
v 0.034180 0.836426 0.018554
v 0.032227 0.837402 0.014160
v 0.107422 0.872559 -0.011719
v 0.054199 0.990723 -0.141602
v 0.156250 0.906738 -0.214844
v 0.107422 0.872559 -0.011719
v 0.277344 0.859375 -0.296387
v 0.330078 0.779785 -0.153321
v 0.220215 0.827637 -0.076660
v 0.425781 0.765137 -0.008789
v 0.310059 0.811524 0.072265
v 0.109375 0.871582 -0.007813
v 0.194336 0.899414 0.146972
v 0.138672 0.888672 0.066894
v 0.004883 0.980957 -0.016602
v 0.000977 0.980469 -0.013672
v 0.038086 1.038574 0.041992
v 0.041992 1.038574 0.039062
v 0.041992 1.038574 0.039062
v 0.246094 1.069824 0.056152
v 0.167969 1.114258 -0.058106
v 0.210938 1.003418 0.282226
v 0.352539 1.068848 0.195800
v 0.116699 1.035645 0.149414
v 0.077148 1.060547 0.383789
v -0.017090 1.078125 0.241699
v 0.038086 1.038574 0.041992
v -0.097168 1.109375 0.129394
v -0.031738 1.067383 0.069824
v 0.038086 1.038574 0.041992
v 0.000977 0.980469 -0.013672
v 0.004883 0.980957 -0.016602
v 0.041992 1.038574 0.039062
v 0.167969 1.114258 -0.058106
v 0.246094 1.069824 0.056152
v 0.041992 1.038574 0.039062
v 0.352539 1.068848 0.195800
v 0.210938 1.003418 0.282226
v 0.116699 1.035645 0.149414
v 0.077148 1.060547 0.383789
v -0.017090 1.078125 0.241699
v 0.038086 1.038574 0.041992
v -0.097168 1.109375 0.129394
v -0.031738 1.067383 0.069824
v 0.018555 0.897461 -0.005860
v 0.014160 0.897461 -0.005860
v 0.014160 0.937500 0.062500
v 0.018555 0.937500 0.062500
v 0.018555 0.937500 0.062500
v 0.174316 0.957520 0.201172
v 0.172363 1.000488 0.066894
v 0.015137 0.859375 0.315918
v 0.166016 0.911133 0.333984
v 0.022461 0.919434 0.180664
v -0.145020 0.905762 0.330078
v -0.130859 0.953125 0.205078
v 0.014160 0.937500 0.062500
v -0.135254 1.002442 0.062011
v -0.051270 0.967285 0.052246
v 0.014160 0.937500 0.062500
v 0.014160 0.897461 -0.005860
v 0.018555 0.897461 -0.005860
v 0.018555 0.937500 0.062500
v 0.172363 1.000488 0.066894
v 0.174316 0.957520 0.201172
v 0.018555 0.937500 0.062500
v 0.166016 0.911133 0.333984
v 0.015137 0.859375 0.315918
v 0.022461 0.919434 0.180664
v -0.145020 0.905762 0.330078
v -0.130859 0.953125 0.205078
v 0.014160 0.937500 0.062500
v -0.135254 1.002442 0.062011
v -0.051270 0.967285 0.052246
v 0.019043 0.896973 0.005371
v 0.023438 0.896973 0.008789
v 0.068848 0.945801 -0.050782
v 0.064941 0.945801 -0.053711
v 0.064941 0.945801 -0.053711
v 0.003906 0.953125 -0.276368
v -0.084961 1.017090 -0.167481
v 0.228516 0.875000 -0.285645
v 0.101074 0.918457 -0.405762
v 0.153320 0.921875 -0.156739
v 0.388672 0.926270 -0.184082
v 0.310547 0.961426 -0.052246
v 0.068848 0.945801 -0.050782
v 0.211426 1.006836 0.063965
v 0.125488 0.973633 0.008300
v 0.068848 0.945801 -0.050782
v 0.023438 0.896973 0.008789
v 0.019043 0.896973 0.005371
v 0.064941 0.945801 -0.053711
v -0.084961 1.017090 -0.167481
v 0.003906 0.953125 -0.276368
v 0.064941 0.945801 -0.053711
v 0.101074 0.918457 -0.405762
v 0.228516 0.875000 -0.285645
v 0.153320 0.921875 -0.156739
v 0.388672 0.926270 -0.184082
v 0.310547 0.961426 -0.052246
v 0.068848 0.945801 -0.050782
v 0.211426 1.006836 0.063965
v 0.125488 0.973633 0.008300
v 0.025879 0.747070 0.017090
v 0.020996 0.747070 0.016113
v 0.004883 0.795410 0.089355
v 0.009766 0.795410 0.090332
v 0.009766 0.795410 0.090332
v 0.158691 0.816406 0.273926
v 0.187500 0.870117 0.124023
v -0.048828 0.713867 0.372070
v 0.125488 0.767578 0.419433
v -0.019531 0.776367 0.223144
v -0.234375 0.787598 0.331543
v -0.199219 0.811035 0.180664
v 0.004883 0.795410 0.089355
v -0.168457 0.877930 0.036621
v -0.070312 0.828613 0.059082
v 0.004883 0.795410 0.089355
v 0.020996 0.747070 0.016113
v 0.025879 0.747070 0.017090
v 0.009766 0.795410 0.090332
v 0.187500 0.870117 0.124023
v 0.158691 0.816406 0.273926
v 0.009766 0.795410 0.090332
v 0.125488 0.767578 0.419433
v -0.048828 0.713867 0.372070
v -0.019531 0.776367 0.223144
v -0.234375 0.787598 0.331543
v -0.199219 0.811035 0.180664
v 0.004883 0.795410 0.089355
v -0.168457 0.877930 0.036621
v -0.070312 0.828613 0.059082
v 0.016602 0.746582 0.016113
v 0.020996 0.746582 0.013672
v -0.009766 0.803711 -0.052246
v -0.014160 0.803711 -0.050293
v -0.014160 0.803711 -0.050293
v -0.229492 0.840332 -0.121094
v -0.165039 0.884277 0.019531
v -0.150879 0.756836 -0.340821
v -0.307129 0.807129 -0.272461
v -0.075684 0.789551 -0.183106
v 0.004883 0.800293 -0.414063
v 0.069824 0.822266 -0.259766
v -0.009766 0.803711 -0.052246
v 0.154297 0.888184 -0.116211
v 0.066406 0.836426 -0.069824
v -0.009766 0.803711 -0.052246
v 0.020996 0.746582 0.013672
v 0.016602 0.746582 0.016113
v -0.014160 0.803711 -0.050293
v -0.165039 0.884277 0.019531
v -0.229492 0.840332 -0.121094
v -0.014160 0.803711 -0.050293
v -0.307129 0.807129 -0.272461
v -0.150879 0.756836 -0.340821
v -0.075684 0.789551 -0.183106
v 0.004883 0.800293 -0.414063
v 0.069824 0.822266 -0.259766
v -0.009766 0.803711 -0.052246
v 0.154297 0.888184 -0.116211
v 0.066406 0.836426 -0.069824
v 0.011719 0.687012 0.003906
v 0.009766 0.685547 0.008789
v 0.091797 0.727051 0.053222
v 0.093750 0.728516 0.048340
v 0.093750 0.728516 0.048340
v 0.311523 0.775879 -0.062012
v 0.162598 0.864258 -0.095215
v 0.403320 0.603027 0.142090
v 0.483398 0.706055 -0.010742
v 0.236816 0.675293 0.090332
v 0.348633 0.601563 0.338867
v 0.183594 0.672852 0.286621
v 0.091797 0.727051 0.053222
v 0.026367 0.764160 0.252441
v 0.056641 0.743652 0.138183
v 0.091797 0.727051 0.053222
v 0.009766 0.685547 0.008789
v 0.011719 0.687012 0.003906
v 0.093750 0.728516 0.048340
v 0.162598 0.864258 -0.095215
v 0.311523 0.775879 -0.062012
v 0.093750 0.728516 0.048340
v 0.483398 0.706055 -0.010742
v 0.403320 0.603027 0.142090
v 0.236816 0.675293 0.090332
v 0.348633 0.601563 0.338867
v 0.183594 0.672852 0.286621
v 0.091797 0.727051 0.053222
v 0.026367 0.764160 0.252441
v 0.056641 0.743652 0.138183
v -0.050781 0.674805 -0.014160
v -0.047852 0.675293 -0.014649
v -0.058594 0.664063 -0.065918
v -0.061523 0.663574 -0.064942
v -0.061523 0.663574 -0.064942
v -0.184082 0.634277 -0.129883
v -0.169922 0.692383 -0.046875
v -0.102051 0.584473 -0.247071
v -0.205078 0.584961 -0.216797
v -0.076172 0.627441 -0.148438
v -0.001953 0.622070 -0.276856
v 0.016113 0.677246 -0.183106
v -0.058594 0.664063 -0.065918
v 0.029297 0.733398 -0.098633
v -0.018066 0.695801 -0.072754
v -0.058594 0.664063 -0.065918
v -0.047852 0.675293 -0.014649
v -0.050781 0.674805 -0.014160
v -0.061523 0.663574 -0.064942
v -0.169922 0.692383 -0.046875
v -0.184082 0.634277 -0.129883
v -0.061523 0.663574 -0.064942
v -0.205078 0.584961 -0.216797
v -0.102051 0.584473 -0.247071
v -0.076172 0.627441 -0.148438
v -0.001953 0.622070 -0.276856
v 0.016113 0.677246 -0.183106
v -0.058594 0.664063 -0.065918
v 0.029297 0.733398 -0.098633
v -0.018066 0.695801 -0.072754
v -0.133789 0.481445 0.011230
v -0.136719 0.481445 0.009277
v -0.168945 0.467285 0.065430
v -0.165527 0.466797 0.066406
v -0.165527 0.466797 0.066406
v -0.090332 0.479981 0.217285
v -0.056152 0.533692 0.117676
v -0.219238 0.379395 0.251465
v -0.113281 0.422363 0.325684
v -0.198242 0.435547 0.154297
v -0.346191 0.401856 0.207519
v -0.323242 0.451660 0.117187
v -0.168945 0.467285 0.065430
v -0.289062 0.517090 0.028320
v -0.217285 0.490234 0.040527
v -0.168945 0.467285 0.065430
v -0.136719 0.481445 0.009277
v -0.133789 0.481445 0.011230
v -0.165527 0.466797 0.066406
v -0.056152 0.533692 0.117676
v -0.090332 0.479981 0.217285
v -0.165527 0.466797 0.066406
v -0.113281 0.422363 0.325684
v -0.219238 0.379395 0.251465
v -0.198242 0.435547 0.154297
v -0.346191 0.401856 0.207519
v -0.323242 0.451660 0.117187
v -0.168945 0.467285 0.065430
v -0.289062 0.517090 0.028320
v -0.217285 0.490234 0.040527
v -0.061523 0.480469 0.002930
v -0.059082 0.480957 0.000976
v -0.092285 0.468750 -0.045410
v -0.094727 0.468262 -0.043457
v -0.094727 0.468262 -0.043457
v -0.240723 0.453613 -0.048828
v -0.194336 0.506348 0.031738
v -0.189453 0.373535 -0.197754
v -0.285645 0.404297 -0.149414
v -0.127930 0.435547 -0.106445
v -0.113281 0.425293 -0.273926
v -0.059082 0.473145 -0.186035
v -0.092285 0.468750 -0.045410
v -0.011719 0.535645 -0.119141
v -0.052246 0.499512 -0.071289
v -0.092285 0.468750 -0.045410
v -0.059082 0.480957 0.000976
v -0.061523 0.480469 0.002930
v -0.094727 0.468262 -0.043457
v -0.194336 0.506348 0.031738
v -0.240723 0.453613 -0.048828
v -0.094727 0.468262 -0.043457
v -0.285645 0.404297 -0.149414
v -0.189453 0.373535 -0.197754
v -0.127930 0.435547 -0.106445
v -0.113281 0.425293 -0.273926
v -0.059082 0.473145 -0.186035
v -0.092285 0.468750 -0.045410
v -0.011719 0.535645 -0.119141
v -0.052246 0.499512 -0.071289
v 0.174316 0.457520 -0.003906
v 0.177246 0.457031 -0.001953
v 0.214844 0.447754 -0.053711
v 0.212402 0.447754 -0.056152
v 0.212402 0.447754 -0.056152
v 0.150391 0.449219 -0.202149
v 0.094727 0.518066 -0.109863
v 0.299316 0.389648 -0.233887
v 0.188477 0.404297 -0.315918
v 0.255859 0.423828 -0.139649
v 0.417480 0.413574 -0.174805
v 0.372559 0.454102 -0.085449
v 0.214844 0.447754 -0.053711
v 0.315918 0.502930 -0.000977
v 0.254883 0.475586 -0.020020
v 0.214844 0.447754 -0.053711
v 0.177246 0.457031 -0.001953
v 0.174316 0.457520 -0.003906
v 0.212402 0.447754 -0.056152
v 0.094727 0.518066 -0.109863
v 0.150391 0.449219 -0.202149
v 0.212402 0.447754 -0.056152
v 0.188477 0.404297 -0.315918
v 0.299316 0.389648 -0.233887
v 0.255859 0.423828 -0.139649
v 0.417480 0.413574 -0.174805
v 0.372559 0.454102 -0.085449
v 0.214844 0.447754 -0.053711
v 0.315918 0.502930 -0.000977
v 0.254883 0.475586 -0.020020
v 0.009766 0.451172 0.004394
v 0.006836 0.451172 0.005859
v 0.041016 0.446289 0.060547
v 0.043945 0.447266 0.057617
v 0.043945 0.447266 0.057617
v 0.195312 0.426270 0.089355
v 0.150879 0.487793 0.001465
v 0.109863 0.376953 0.198242
v 0.216309 0.403320 0.164062
v 0.071777 0.437012 0.128906
v 0.017578 0.405274 0.264160
v -0.029297 0.453613 0.209473
v 0.041016 0.446289 0.060547
v -0.066895 0.497070 0.115723
v -0.014648 0.467285 0.075683
v 0.041016 0.446289 0.060547
v 0.006836 0.451172 0.005859
v 0.009766 0.451172 0.004394
v 0.043945 0.447266 0.057617
v 0.150879 0.487793 0.001465
v 0.195312 0.426270 0.089355
v 0.043945 0.447266 0.057617
v 0.216309 0.403320 0.164062
v 0.109863 0.376953 0.198242
v 0.071777 0.437012 0.128906
v 0.017578 0.405274 0.264160
v -0.029297 0.453613 0.209473
v 0.041016 0.446289 0.060547
v -0.066895 0.497070 0.115723
v -0.014648 0.467285 0.075683
v -0.025879 0.598145 0.120117
v -0.028320 0.598633 0.122070
v 0.009277 0.597656 0.156738
v 0.010742 0.597656 0.154785
v 0.010742 0.597656 0.154785
v 0.145020 0.591797 0.130859
v 0.076660 0.638184 0.072265
v 0.122559 0.529297 0.249023
v 0.208984 0.567871 0.181640
v 0.069336 0.581543 0.202148
v 0.083984 0.560547 0.343262
v 0.012695 0.598145 0.289551
v 0.009277 0.597656 0.156738
v -0.052734 0.644043 0.230469
v -0.024902 0.620606 0.187500
v 0.009277 0.597656 0.156738
v -0.028320 0.598633 0.122070
v -0.025879 0.598145 0.120117
v 0.010742 0.597656 0.154785
v 0.076660 0.638184 0.072265
v 0.145020 0.591797 0.130859
v 0.010742 0.597656 0.154785
v 0.208984 0.567871 0.181640
v 0.122559 0.529297 0.249023
v 0.069336 0.581543 0.202148
v 0.083984 0.560547 0.343262
v 0.012695 0.598145 0.289551
v 0.009277 0.597656 0.156738
v -0.052734 0.644043 0.230469
v -0.024902 0.620606 0.187500
v -0.014648 0.592773 0.049805
v -0.015137 0.592773 0.047363
v -0.059570 0.585449 0.060547
v -0.058594 0.585449 0.063476
v -0.058594 0.585449 0.063476
v -0.104004 0.590820 0.177734
v -0.032227 0.625000 0.159668
v -0.208496 0.528809 0.105957
v -0.191895 0.547852 0.191894
v -0.125977 0.557617 0.079590
v -0.241211 0.554688 0.017578
v -0.158691 0.588867 -0.013672
v -0.059570 0.585449 0.060547
v -0.091309 0.629395 -0.025879
v -0.067383 0.605469 0.020508
v -0.059570 0.585449 0.060547
v -0.015137 0.592773 0.047363
v -0.014648 0.592773 0.049805
v -0.058594 0.585449 0.063476
v -0.032227 0.625000 0.159668
v -0.104004 0.590820 0.177734
v -0.058594 0.585449 0.063476
v -0.191895 0.547852 0.191894
v -0.208496 0.528809 0.105957
v -0.125977 0.557617 0.079590
v -0.241211 0.554688 0.017578
v -0.158691 0.588867 -0.013672
v -0.059570 0.585449 0.060547
v -0.091309 0.629395 -0.025879
v -0.067383 0.605469 0.020508
v -0.091309 0.265137 0.083008
v -0.094727 0.264648 0.083984
v -0.079590 0.257324 0.144531
v -0.076172 0.257813 0.143555
v -0.076172 0.257813 0.143555
v 0.064941 0.272461 0.195312
v 0.033691 0.314941 0.108887
v -0.023438 0.175293 0.332031
v 0.100586 0.223633 0.295410
v -0.046875 0.229492 0.235840
v -0.126953 0.202149 0.375488
v -0.153320 0.249024 0.276855
v -0.079590 0.257324 0.144531
v -0.193359 0.298828 0.174316
v -0.134277 0.282715 0.152344
v -0.079590 0.257324 0.144531
v -0.094727 0.264648 0.083984
v -0.091309 0.265137 0.083008
v -0.076172 0.257813 0.143555
v 0.033691 0.314941 0.108887
v 0.064941 0.272461 0.195312
v -0.076172 0.257813 0.143555
v 0.100586 0.223633 0.295410
v -0.023438 0.175293 0.332031
v -0.046875 0.229492 0.235840
v -0.126953 0.202149 0.375488
v -0.153320 0.249024 0.276855
v -0.079590 0.257324 0.144531
v -0.193359 0.298828 0.174316
v -0.134277 0.282715 0.152344
v -0.037109 0.260742 0.028809
v -0.036621 0.261230 0.025879
v -0.086914 0.250000 0.011230
v -0.087891 0.250000 0.014160
v -0.087891 0.250000 0.014160
v -0.210449 0.239746 0.091797
v -0.131348 0.292481 0.123047
v -0.235840 0.177734 -0.028320
v -0.297363 0.196777 0.071289
v -0.154297 0.221680 -0.009277
v -0.229004 0.208008 -0.138672
v -0.143555 0.254883 -0.118652
v -0.086914 0.250000 0.011230
v -0.068359 0.306152 -0.091309
v -0.071777 0.275879 -0.031738
v -0.086914 0.250000 0.011230
v -0.036621 0.261230 0.025879
v -0.037109 0.260742 0.028809
v -0.087891 0.250000 0.014160
v -0.131348 0.292481 0.123047
v -0.210449 0.239746 0.091797
v -0.087891 0.250000 0.014160
v -0.297363 0.196777 0.071289
v -0.235840 0.177734 -0.028320
v -0.154297 0.221680 -0.009277
v -0.229004 0.208008 -0.138672
v -0.143555 0.254883 -0.118652
v -0.086914 0.250000 0.011230
v -0.068359 0.306152 -0.091309
v -0.071777 0.275879 -0.031738
v -0.007812 1.162598 -0.019043
v -0.004883 1.162598 -0.020996
v -0.035156 1.210449 -0.061036
v -0.038086 1.210449 -0.059082
v -0.038086 1.210449 -0.059082
v -0.210938 1.245606 -0.074219
v -0.139160 1.262207 0.027343
v -0.159668 1.164551 -0.235840
v -0.284180 1.205078 -0.162598
v -0.097168 1.211426 -0.145996
v -0.049805 1.204102 -0.325196
v 0.006836 1.240723 -0.230957
v -0.035156 1.210449 -0.061036
v 0.077637 1.283692 -0.129395
v 0.019043 1.236328 -0.081055
v -0.035156 1.210449 -0.061036
v -0.004883 1.162598 -0.020996
v -0.007812 1.162598 -0.019043
v -0.038086 1.210449 -0.059082
v -0.139160 1.262207 0.027343
v -0.210938 1.245606 -0.074219
v -0.038086 1.210449 -0.059082
v -0.284180 1.205078 -0.162598
v -0.159668 1.164551 -0.235840
v -0.097168 1.211426 -0.145996
v -0.049805 1.204102 -0.325196
v 0.006836 1.240723 -0.230957
v -0.035156 1.210449 -0.061036
v 0.077637 1.283692 -0.129395
v 0.019043 1.236328 -0.081055
v -0.007812 1.218262 -0.007813
v -0.006836 1.218262 -0.010743
v -0.045410 1.259277 -0.023926
v -0.046387 1.259277 -0.020996
v -0.046387 1.259277 -0.020996
v -0.167969 1.290039 0.051757
v -0.073242 1.305176 0.086914
v -0.232422 1.238281 -0.087891
v -0.272461 1.266602 0.023437
v -0.135742 1.264160 -0.051270
v -0.187988 1.264160 -0.191407
v -0.092285 1.286621 -0.155762
v -0.045410 1.259277 -0.023926
v 0.002930 1.309570 -0.121582
v -0.017090 1.279785 -0.064454
v -0.045410 1.259277 -0.023926
v -0.006836 1.218262 -0.010743
v -0.007812 1.218262 -0.007813
v -0.046387 1.259277 -0.020996
v -0.073242 1.305176 0.086914
v -0.167969 1.290039 0.051757
v -0.046387 1.259277 -0.020996
v -0.272461 1.266602 0.023437
v -0.232422 1.238281 -0.087891
v -0.135742 1.264160 -0.051270
v -0.187988 1.264160 -0.191407
v -0.092285 1.286621 -0.155762
v -0.045410 1.259277 -0.023926
v 0.002930 1.309570 -0.121582
v -0.017090 1.279785 -0.064454
v 0.055664 1.708985 -0.014649
v 0.045898 1.706055 -0.031739
v 0.003906 1.708985 0.004882
v 0.085449 1.677246 -0.037598
v 0.003906 1.708985 0.004882
v 0.045898 1.706055 -0.031739
v 0.055664 1.708985 -0.014649
v 0.085449 1.677246 -0.037598
v -0.005371 1.227539 -0.013184
v -0.003418 1.227539 -0.010254
v 0.035156 1.271973 -0.030762
v 0.033691 1.271973 -0.033692
v 0.033691 1.271973 -0.033692
v 0.068359 1.310547 -0.182129
v -0.032227 1.323731 -0.131836
v 0.218262 1.242188 -0.134766
v 0.166504 1.272949 -0.231934
v 0.115723 1.278320 -0.078125
v 0.270508 1.272949 -0.030274
v 0.174316 1.297852 0.029296
v 0.035156 1.271973 -0.030762
v 0.077637 1.323731 0.079589
v 0.046875 1.292481 0.021484
v 0.035156 1.271973 -0.030762
v -0.003418 1.227539 -0.010254
v -0.005371 1.227539 -0.013184
v 0.033691 1.271973 -0.033692
v -0.032227 1.323731 -0.131836
v 0.068359 1.310547 -0.182129
v 0.033691 1.271973 -0.033692
v 0.166504 1.272949 -0.231934
v 0.218262 1.242188 -0.134766
v 0.115723 1.278320 -0.078125
v 0.270508 1.272949 -0.030274
v 0.174316 1.297852 0.029296
v 0.035156 1.271973 -0.030762
v 0.077637 1.323731 0.079589
v 0.046875 1.292481 0.021484
v -0.003418 1.208984 -0.011719
v -0.006836 1.208984 -0.011231
v -0.000977 1.253418 0.032226
v 0.001953 1.253418 0.031738
v 0.001953 1.253418 0.031738
v 0.132812 1.288574 0.117187
v 0.113770 1.299805 0.009277
v 0.020020 1.230957 0.229980
v 0.141113 1.269043 0.218261
v 0.014648 1.254883 0.121093
v -0.093750 1.268555 0.246582
v -0.105469 1.289551 0.140136
v -0.000977 1.253418 0.032226
v -0.119141 1.304688 0.034668
v -0.053711 1.273926 0.025390
v -0.000977 1.253418 0.032226
v -0.006836 1.208984 -0.011231
v -0.003418 1.208984 -0.011719
v 0.001953 1.253418 0.031738
v 0.113770 1.299805 0.009277
v 0.132812 1.288574 0.117187
v 0.001953 1.253418 0.031738
v 0.141113 1.269043 0.218261
v 0.020020 1.230957 0.229980
v 0.014648 1.254883 0.121093
v -0.093750 1.268555 0.246582
v -0.105469 1.289551 0.140136
v -0.000977 1.253418 0.032226
v -0.119141 1.304688 0.034668
v -0.053711 1.273926 0.025390
v 0.003906 1.319824 0.002929
v 0.002930 1.319824 0.005371
v 0.040527 1.354004 0.020996
v 0.041504 1.354004 0.018554
v 0.041504 1.354004 0.018554
v 0.154297 1.371094 -0.041504
v 0.072754 1.398926 -0.077149
v 0.204102 1.301270 0.085937
v 0.239258 1.343262 -0.000489
v 0.120117 1.349121 0.058105
v 0.167969 1.355957 0.185058
v 0.080078 1.377930 0.153320
v 0.040527 1.354004 0.020996
v -0.004883 1.398926 0.110351
v 0.014160 1.372559 0.057617
v 0.040527 1.354004 0.020996
v 0.002930 1.319824 0.005371
v 0.003906 1.319824 0.002929
v 0.041504 1.354004 0.018554
v 0.072754 1.398926 -0.077149
v 0.154297 1.371094 -0.041504
v 0.041504 1.354004 0.018554
v 0.239258 1.343262 -0.000489
v 0.204102 1.301270 0.085937
v 0.120117 1.349121 0.058105
v 0.167969 1.355957 0.185058
v 0.080078 1.377930 0.153320
v 0.040527 1.354004 0.020996
v -0.004883 1.398926 0.110351
v 0.014160 1.372559 0.057617
v 0.049805 1.638672 -0.070313
v 0.024414 1.629395 -0.080567
v 0.003906 1.648926 -0.003907
v 0.070312 1.583985 -0.111817
v 0.003906 1.648926 -0.003907
v 0.024414 1.629395 -0.080567
v 0.049805 1.638672 -0.070313
v 0.070312 1.583985 -0.111817
v -0.001465 1.291992 -0.006348
v -0.002441 1.291992 -0.009278
v -0.043945 1.329590 0.005859
v -0.042969 1.329590 0.008300
v -0.042969 1.329590 0.008300
v -0.085938 1.355957 0.135254
v 0.001953 1.377930 0.107910
v -0.215820 1.291504 0.074707
v -0.180664 1.319824 0.182617
v -0.120117 1.323242 0.037109
v -0.258301 1.329590 -0.023926
v -0.043945 1.329590 0.005859
v -0.049805 1.349609 -0.042969
v -0.073730 1.377930 -0.099122
v -0.171387 1.356445 -0.055664
v -0.258301 1.329590 -0.023926
v -0.043945 1.329590 0.005859
v -0.002441 1.291992 -0.009278
v -0.001465 1.291992 -0.006348
v -0.042969 1.329590 0.008300
v 0.001953 1.377930 0.107910
v -0.085938 1.355957 0.135254
v -0.042969 1.329590 0.008300
v -0.180664 1.319824 0.182617
v -0.215820 1.291504 0.074707
v -0.120117 1.323242 0.037109
v -0.258301 1.329590 -0.023926
v -0.043945 1.329590 0.005859
v -0.073730 1.377930 -0.099122
v -0.049805 1.349609 -0.042969
v -0.171387 1.356445 -0.055664
v -0.258301 1.329590 -0.023926
v -0.059082 1.655762 -0.099122
v -0.112305 1.649903 0.003906
v -0.018555 1.641602 0.052734
v 0.034668 1.646973 -0.050782
v -0.018555 1.641602 0.052734
v -0.112305 1.649903 0.003906
v -0.059082 1.655762 -0.099122
v 0.034668 1.646973 -0.050782
v -0.083984 1.709473 0.019531
v -0.013184 1.717774 0.083496
v 0.044922 1.692383 0.023437
v -0.025879 1.684082 -0.040528
v 0.044922 1.692383 0.023437
v -0.013184 1.717774 0.083496
v -0.083984 1.709473 0.019531
v -0.025879 1.684082 -0.040528
v 0.041016 1.760254 0.034179
v 0.052246 1.757324 0.019531
v 0.003906 1.749024 -0.002442
v 0.077637 1.738281 0.054687
v 0.003906 1.749024 -0.002442
v 0.052246 1.757324 0.019531
v 0.041016 1.760254 0.034179
v 0.077637 1.738281 0.054687
v 0.000000 1.750489 0.055175
v 0.019043 1.747559 0.055664
v 0.008789 1.737305 0.004394
v 0.004883 1.729981 0.097656
v 0.008789 1.737305 0.004394
v 0.019043 1.747559 0.055664
v 0.000000 1.750489 0.055175
v 0.004883 1.729981 0.097656
v 0.124512 1.596680 -0.016114
v 0.053711 1.583985 -0.132325
v -0.037109 1.570801 -0.054200
v 0.034180 1.593262 0.054687
v -0.037109 1.570801 -0.054200
v 0.053711 1.583985 -0.132325
v 0.124512 1.596680 -0.016114
v 0.034180 1.593262 0.054687
v -0.116699 1.567871 0.064941
v 0.000488 1.567383 0.126953
v 0.065430 1.541016 0.035644
v -0.050293 1.542481 -0.038086
v 0.065430 1.541016 0.035644
v 0.000488 1.567383 0.126953
v -0.116699 1.567871 0.064941
v -0.050293 1.542481 -0.038086
v 0.119141 1.570313 -0.069336
v 0.021484 1.570801 -0.158204
v -0.049805 1.541016 -0.047364
v 0.059570 1.542481 0.036132
v -0.049805 1.541016 -0.047364
v 0.021484 1.570801 -0.158204
v 0.119141 1.570313 -0.069336
v 0.059570 1.542481 0.036132
v -0.023438 1.426758 -0.151368
v -0.141113 1.425293 -0.054200
v -0.053223 1.462891 0.036132
v 0.052246 1.464356 -0.052247
v -0.053223 1.462891 0.036132
v -0.141113 1.425293 -0.054200
v -0.023438 1.426758 -0.151368
v 0.052246 1.464356 -0.052247
v 0.016602 1.399414 0.144043
v 0.134766 1.397461 0.065918
v 0.058594 1.436035 -0.039551
v -0.054199 1.437012 0.039550
v 0.058594 1.436035 -0.039551
v 0.134766 1.397461 0.065918
v 0.016602 1.399414 0.144043
v -0.054199 1.437012 0.039550
v -0.002930 1.134277 -0.017578
v -0.003418 1.134277 -0.014161
v 0.044922 1.182129 -0.003907
v 0.045898 1.182617 -0.007325
v 0.045898 1.182617 -0.007325
v 0.172852 1.216309 -0.115723
v 0.052246 1.256348 -0.142579
v 0.260742 1.134766 0.023925
v 0.299805 1.195313 -0.104493
v 0.138184 1.179688 0.011718
v 0.253906 1.184570 0.156738
v 0.131836 1.215820 0.145019
v 0.044922 1.182129 -0.003907
v 0.012695 1.234863 0.116211
v 0.020508 1.203125 0.050781
v 0.044922 1.182129 -0.003907
v -0.003418 1.134277 -0.014161
v -0.002930 1.134277 -0.017578
v 0.045898 1.182617 -0.007325
v 0.052246 1.256348 -0.142579
v 0.172852 1.216309 -0.115723
v 0.045898 1.182617 -0.007325
v 0.299805 1.195313 -0.104493
v 0.260742 1.134766 0.023925
v 0.138184 1.179688 0.011718
v 0.253906 1.184570 0.156738
v 0.131836 1.215820 0.145019
v 0.044922 1.182129 -0.003907
v 0.012695 1.234863 0.116211
v 0.020508 1.203125 0.050781
v -0.002441 1.114746 -0.022461
v 0.000488 1.114746 -0.020020
v 0.030273 1.164063 -0.058594
v 0.027344 1.164063 -0.061036
v 0.027344 1.164063 -0.061036
v -0.006836 1.190918 -0.229981
v -0.084961 1.221192 -0.128418
v 0.181641 1.125488 -0.238282
v 0.078613 1.161621 -0.332520
v 0.096191 1.171387 -0.155762
v 0.282227 1.183106 -0.164063
v 0.193359 1.201172 -0.074707
v 0.030273 1.164063 -0.058594
v 0.113770 1.218262 0.032714
v 0.065918 1.187012 -0.012207
v 0.030273 1.164063 -0.058594
v 0.000488 1.114746 -0.020020
v -0.002441 1.114746 -0.022461
v 0.027344 1.164063 -0.061036
v -0.084961 1.221192 -0.128418
v -0.006836 1.190918 -0.229981
v 0.027344 1.164063 -0.061036
v 0.078613 1.161621 -0.332520
v 0.181641 1.125488 -0.238282
v 0.096191 1.171387 -0.155762
v 0.282227 1.183106 -0.164063
v 0.193359 1.201172 -0.074707
v 0.030273 1.164063 -0.058594
v 0.113770 1.218262 0.032714
v 0.065918 1.187012 -0.012207
v -0.088867 1.481934 0.083984
v 0.042969 1.482422 0.126464
v 0.064941 1.505860 0.003418
v -0.069336 1.510254 -0.025879
v 0.064941 1.505860 0.003418
v 0.042969 1.482422 0.126464
v -0.088867 1.481934 0.083984
v -0.069336 1.510254 -0.025879
v -0.061035 1.695801 -0.005860
v -0.059082 1.691895 0.017089
v 0.003418 1.687500 -0.002442
v -0.108398 1.664063 0.005371
v 0.003418 1.687500 -0.002442
v -0.059082 1.691895 0.017089
v -0.061035 1.695801 -0.005860
v -0.108398 1.664063 0.005371
v -0.033691 1.743653 -0.035645
v -0.044922 1.740235 -0.020508
v 0.002930 1.723145 -0.000977
v -0.074219 1.728516 -0.057129
v 0.002930 1.723145 -0.000977
v -0.044922 1.740235 -0.020508
v -0.033691 1.743653 -0.035645
v -0.074219 1.728516 -0.057129
v -0.048828 1.588379 0.054687
v -0.026855 1.577637 0.070312
v 0.000977 1.563965 -0.004395
v -0.083496 1.559082 0.092285
v 0.000977 1.563965 -0.004395
v -0.026855 1.577637 0.070312
v -0.048828 1.588379 0.054687
v -0.083496 1.559082 0.092285
v 0.069824 1.526856 0.031250
v 0.074219 1.541504 0.006347
v 0.000977 1.509278 -0.008301
v 0.138184 1.513672 0.017578
v 0.000977 1.509278 -0.008301
v 0.074219 1.541504 0.006347
v 0.069824 1.526856 0.031250
v 0.138184 1.513672 0.017578
v -0.055664 1.395020 0.030273
v -0.036621 1.404297 0.050293
v 0.013184 1.389649 -0.012207
v -0.082031 1.365723 0.090332
v 0.013184 1.389649 -0.012207
v -0.036621 1.404297 0.050293
v -0.055664 1.395020 0.030273
v -0.082031 1.365723 0.090332
v 0.023926 1.313477 0.067382
v 0.049316 1.302246 0.058105
v 0.008301 1.309570 -0.012207
v 0.043457 1.266602 0.114746
v 0.008301 1.309570 -0.012207
v 0.049316 1.302246 0.058105
v 0.023926 1.313477 0.067382
v 0.043457 1.266602 0.114746
v -0.020996 0.000000 0.020996
v 0.020996 0.000000 0.020996
v 0.006348 0.587402 0.006347
v -0.006348 0.587402 0.006347
v 0.039062 0.827637 0.026367
v 0.026855 0.827637 0.026367
v -0.001953 1.067871 -0.016114
v -0.014160 1.067871 -0.016114
v 0.007324 1.375977 0.009277
v -0.004883 1.375977 0.009277
v 0.020996 0.000000 0.020996
v 0.020996 -0.000000 -0.020996
v 0.006348 0.587402 -0.006348
v 0.006348 0.587402 0.006347
v 0.039062 0.827637 0.014160
v 0.039062 0.827637 0.026367
v -0.001953 1.067871 -0.028321
v -0.001953 1.067871 -0.016114
v 0.007324 1.375977 -0.002930
v 0.007324 1.375977 0.009277
v -0.004883 1.375977 0.009277
v -0.004883 1.375977 -0.002930
v -0.014160 1.067871 -0.028321
v -0.014160 1.067871 -0.016114
v 0.026855 0.827637 0.014160
v 0.026855 0.827637 0.026367
v -0.006348 0.587402 -0.006348
v -0.006348 0.587402 0.006347
v -0.020996 -0.000000 -0.020996
v -0.020996 0.000000 0.020996
v 0.020996 -0.000000 -0.020996
v -0.020996 -0.000000 -0.020996
v -0.006348 0.587402 -0.006348
v 0.006348 0.587402 -0.006348
v 0.026855 0.827637 0.014160
v 0.039062 0.827637 0.014160
v -0.014160 1.067871 -0.028321
v -0.001953 1.067871 -0.028321
v -0.004883 1.375977 -0.002930
v 0.007324 1.375977 -0.002930
v -0.003906 0.430664 0.005859
v -0.004883 0.431152 0.000976
v -0.132812 0.497559 0.015137
v -0.130371 0.496582 0.019531
v -0.268066 0.497559 0.050293
v -0.266113 0.497070 0.054687
v -0.266113 0.497070 0.054687
v -0.386230 0.525391 0.271973
v -0.241699 0.577637 0.222168
v -0.561035 0.404297 0.127441
v -0.546387 0.459473 0.314941
v -0.395996 0.458984 0.100586
v -0.268066 0.497559 0.050293
v -0.286621 0.527832 -0.028320
v -0.333496 0.581055 -0.120606
v -0.468750 0.511719 -0.059082
v -0.622070 0.455566 -0.032715
v -0.561035 0.404297 0.127441
v 0.010254 0.623047 0.009765
v 0.012207 0.623047 0.005371
v -0.113281 0.687012 -0.059571
v -0.115234 0.687012 -0.055176
v -0.227539 0.690430 -0.111328
v -0.229980 0.689941 -0.106934
v -0.308594 0.683105 -0.158692
v -0.229980 0.689941 -0.106934
v -0.308594 0.683105 -0.158692
v -0.305664 0.762207 0.030761
v -0.384766 0.718262 -0.016114
v -0.444824 0.655762 -0.045899
v -0.227539 0.690430 -0.111328
v -0.192871 0.733887 -0.170410
v -0.257324 0.738281 -0.315430
v -0.177734 0.777344 -0.273926
v -0.336426 0.694824 -0.366699
v -0.366699 0.648438 -0.196289
v -0.496582 0.590820 -0.065430
v -0.378906 0.616699 -0.405762
v -0.421387 0.577148 -0.215332
v -0.168457 0.694336 -0.077149
v -0.169922 0.694336 -0.078613
v -0.209961 0.678223 -0.045899
v -0.208008 0.678223 -0.043457
v -0.244629 0.658203 -0.019531
v -0.208008 0.678223 -0.043457
v -0.244629 0.658203 -0.019531
v -0.156738 0.727051 0.032715
v -0.203125 0.682617 0.075195
v -0.242676 0.650391 0.101562
v -0.209961 0.678223 -0.045899
v -0.233887 0.694824 -0.086914
v -0.316406 0.687988 -0.111328
v -0.275879 0.718750 -0.137207
v -0.362793 0.659180 -0.083008
v -0.285156 0.621582 0.003418
v -0.295898 0.624512 0.127930
v -0.401367 0.631836 -0.045410
v -0.331055 0.597656 0.033691
v -0.114746 0.687500 -0.059082
v -0.111816 0.687500 -0.059571
v -0.107910 0.684082 -0.104492
v -0.110352 0.684082 -0.104492
v -0.115234 0.667969 -0.150879
v -0.110352 0.684082 -0.104492
v -0.115234 0.667969 -0.150879
v -0.211914 0.712402 -0.085449
v -0.212402 0.685547 -0.138184
v -0.216309 0.664062 -0.194336
v -0.107910 0.684082 -0.104492
v -0.070312 0.708496 -0.104492
v -0.023926 0.697754 -0.176758
v -0.023438 0.729004 -0.126953
v -0.028320 0.670898 -0.229004
v -0.119629 0.645508 -0.204102
v -0.225098 0.658691 -0.253906
v -0.034668 0.648438 -0.287110
v -0.133789 0.624023 -0.258789
v 0.027344 0.766113 0.015136
v 0.021973 0.766602 0.015136
v 0.012695 0.785156 0.080566
v 0.018066 0.785156 0.081054
v -0.010254 0.781738 0.229004
v -0.004395 0.782227 0.229492
v -0.004395 0.782227 0.229492
v 0.199219 0.749024 0.413086
v 0.172363 0.859863 0.256836
v -0.029297 0.614746 0.529297
v 0.167480 0.655274 0.570801
v 0.002441 0.710938 0.367676
v -0.223633 0.659668 0.563476
v -0.193359 0.756348 0.404785
v -0.010254 0.781738 0.229004
v -0.218262 0.839844 0.246582
v -0.098633 0.811035 0.224609
v 0.004395 0.613770 0.005859
v 0.002441 0.613770 0.002441
v -0.024902 0.635742 0.018066
v -0.022461 0.635742 0.021484
v -0.057129 0.642578 0.037109
v -0.055176 0.642578 0.040527
v -0.115723 0.627441 0.073242
v -0.055176 0.642578 0.040527
v -0.115723 0.627441 0.073242
v -0.008789 0.708496 0.158691
v -0.071289 0.660645 0.197754
v -0.125977 0.611328 0.241211
v -0.057129 0.642578 0.037109
v -0.083008 0.671875 -0.019043
v -0.189941 0.660156 -0.031738
v -0.129395 0.712402 -0.078125
v -0.263184 0.600586 -0.002442
v -0.174316 0.578125 0.111328
v -0.189941 0.566406 0.281250
v -0.329590 0.571289 0.031250
v -0.241699 0.534668 0.141601
v 0.000488 0.537109 -0.005860
v -0.004883 0.537109 -0.003906
v 0.011719 0.562988 0.064941
v 0.017578 0.562988 0.062988
v 0.061035 0.566406 0.222656
v 0.066895 0.564942 0.222168
v 0.066895 0.564942 0.222168
v 0.330566 0.570313 0.333984
v 0.250977 0.661133 0.170898
v 0.154297 0.375977 0.510742
v 0.360352 0.429688 0.484375
v 0.102051 0.498047 0.388672
v -0.031250 0.424317 0.620117
v -0.096680 0.562500 0.460937
v 0.061035 0.566406 0.222656
v -0.135742 0.645020 0.318847
v -0.033691 0.608887 0.246582
v -0.111816 0.772461 -0.157227
v -0.175293 0.742676 0.072265
v -0.093750 0.812012 0.099609
v -0.062012 0.839844 -0.130371
v 0.008301 0.835938 0.127441
v 0.068359 0.865234 -0.087891
v -0.003906 0.498535 -0.003906
v 0.001953 0.498535 -0.004883
v -0.001953 0.533691 -0.071778
v -0.007812 0.533691 -0.070801
v -0.018555 0.546387 -0.247071
v -0.024414 0.547852 -0.245606
v -0.024414 0.547852 -0.245606
v -0.259766 0.586914 -0.390137
v -0.224121 0.665527 -0.192871
v -0.089844 0.412598 -0.529785
v -0.296387 0.492187 -0.503418
v -0.048828 0.514648 -0.416016
v 0.125488 0.477539 -0.565430
v 0.168945 0.565918 -0.454102
v -0.018555 0.546387 -0.247071
v 0.193359 0.639160 -0.278321
v 0.068848 0.585938 -0.244141
v -0.006348 0.379395 -0.000977
v -0.000977 0.379395 0.000488
v 0.025879 0.403809 -0.058594
v 0.020508 0.403809 -0.060059
v 0.078613 0.403320 -0.188965
v 0.073730 0.404297 -0.192871
v 0.110840 0.388672 -0.283203
v 0.073730 0.404297 -0.192871
v 0.110840 0.388672 -0.283203
v -0.095703 0.500488 -0.291016
v -0.067871 0.437500 -0.385254
v -0.044922 0.376465 -0.479492
v 0.078613 0.403320 -0.188965
v 0.155762 0.443359 -0.158203
v 0.302734 0.416504 -0.253906
v 0.266113 0.481445 -0.152344
v 0.335449 0.357422 -0.354004
v 0.137207 0.322754 -0.391602
v -0.002930 0.339355 -0.597168
v 0.363770 0.320312 -0.463867
v 0.172363 0.275391 -0.503418
v 0.032227 0.408203 -0.124024
v 0.034668 0.407227 -0.125977
v 0.004395 0.386230 -0.172852
v 0.001465 0.387207 -0.170899
v -0.033691 0.376953 -0.217285
v 0.001465 0.387207 -0.170899
v -0.033691 0.376953 -0.217285
v -0.080078 0.460449 -0.118653
v -0.131836 0.414551 -0.157715
v -0.169922 0.382324 -0.189942
v 0.004395 0.386230 -0.172852
v 0.049316 0.405273 -0.199707
v 0.051758 0.387207 -0.296387
v 0.093262 0.429688 -0.244141
v 0.006836 0.353516 -0.348633
v -0.070801 0.339844 -0.263184
v -0.214355 0.372559 -0.236328
v -0.042969 0.331055 -0.405274
v -0.112305 0.316406 -0.309570
v 0.024902 0.403809 -0.060059
v 0.025879 0.404297 -0.057129
v 0.077148 0.392578 -0.064453
v 0.076660 0.392090 -0.067383
v 0.123047 0.382813 -0.063965
v 0.076660 0.392090 -0.067383
v 0.123047 0.382813 -0.063965
v 0.053223 0.426270 -0.172852
v 0.112305 0.394531 -0.171875
v 0.176270 0.362305 -0.187500
v 0.077148 0.392578 -0.064453
v 0.081543 0.419922 -0.020508
v 0.162598 0.412109 0.038574
v 0.104004 0.451660 0.033203
v 0.220703 0.381348 0.025879
v 0.184570 0.351562 -0.077149
v 0.237305 0.326660 -0.202149
v 0.284180 0.353027 0.008789
v 0.248047 0.315430 -0.090820
v 0.009766 0.647461 0.001953
v 0.009766 0.647461 0.006836
v 0.062988 0.675293 0.013183
v 0.062988 0.675293 0.008301
v 0.200684 0.699219 0.024414
v 0.201172 0.698242 0.019531
v 0.201172 0.698242 0.019531
v 0.354004 0.714355 -0.151856
v 0.203125 0.779297 -0.145996
v 0.491699 0.608887 0.020996
v 0.503418 0.661133 -0.159180
v 0.338379 0.659180 0.015137
v 0.489258 0.661133 0.188965
v 0.330078 0.703125 0.187500
v 0.200684 0.699219 0.024414
v 0.187988 0.762695 0.199219
v 0.183105 0.730957 0.100097
v -0.000977 0.316406 -0.006836
v -0.003906 0.316406 -0.002442
v 0.045898 0.343750 0.038574
v 0.048828 0.343750 0.033691
v 0.168457 0.358887 0.136719
v 0.172852 0.358398 0.132324
v 0.172852 0.358398 0.132324
v 0.424316 0.361816 0.064453
v 0.285645 0.455566 -0.026367
v 0.430176 0.249512 0.279785
v 0.549316 0.296875 0.132812
v 0.301758 0.309570 0.210449
v 0.335938 0.277344 0.467773
v 0.208008 0.332520 0.391602
v 0.168457 0.358887 0.136719
v 0.060547 0.433594 0.313476
v 0.110840 0.391113 0.214355
v -0.022461 1.522949 0.171386
v 0.117188 1.499512 0.094238
v 0.101562 1.546387 0.032226
v -0.036621 1.566895 0.128906
v 0.071777 1.561035 -0.038086
v -0.075195 1.584473 0.029785
v -0.110352 1.358887 -0.122559
v -0.160645 1.337891 0.031250
v -0.096191 1.385742 0.060058
v -0.072266 1.404785 -0.101563
v -0.022949 1.400391 0.082519
v 0.019043 1.423340 -0.073731
v -0.024902 1.670410 0.110351
v 0.082520 1.653809 0.071777
v 0.075195 1.687012 0.027343
v -0.027832 1.700684 0.079101
v 0.058594 1.697754 -0.023926
v -0.048828 1.713867 0.014648
v -0.048340 1.748047 -0.000977
v 0.060059 1.734864 0.017578
v 0.069336 1.750000 -0.026368
v -0.040039 1.761231 -0.039063
v 0.080078 1.738770 -0.076172
v -0.028320 1.751953 -0.094239
v -0.049316 1.667969 -0.035157
v 0.052246 1.701172 0.051757
v 0.093750 1.697754 0.005371
v -0.008789 1.664551 -0.080567
v 0.133301 1.666504 -0.035645
v 0.031250 1.635742 -0.120118
v 0.049316 1.238770 0.032226
v -0.021484 1.201172 0.135742
v -0.136230 1.201660 0.042968
v -0.027344 1.222168 -0.031739
v -0.060059 1.239746 -0.051758
v -0.038086 1.245606 0.166504
v 0.110840 1.221192 0.101074
v 0.100586 1.268067 0.038086
v -0.045410 1.287598 0.111328
v 0.076660 1.282715 -0.034668
v -0.075195 1.306152 0.020019
v -0.213379 1.110352 -0.096680
v -0.166504 1.079102 0.113769
v -0.079590 1.145020 0.110840
v -0.152832 1.171875 -0.094727
v 0.021484 1.165039 0.092285
v -0.023926 1.193359 -0.113282
v 0.079590 0.995117 0.049316
v -0.032715 0.944336 0.178222
v -0.167969 0.941406 0.069824
v -0.024414 0.972656 -0.037598
v -0.068359 0.997070 -0.064453
v 0.243652 0.932617 0.057129
v 0.167480 0.871582 -0.151367
v 0.072754 0.920410 -0.138672
v 0.169434 0.980469 0.063476
v -0.028809 0.925781 -0.106934
v 0.038574 0.987793 0.105957
v 0.049805 1.096680 -0.055176
v 0.110352 1.058106 0.051269
v -0.006348 1.062988 0.120117
v -0.039062 1.080567 -0.008789
v -0.069336 1.098145 0.013672
v -0.078125 1.096680 -0.024414
v -0.075684 1.051270 -0.151856
v 0.062012 1.059570 -0.153321
v 0.021484 1.080567 -0.020508
v 0.059570 1.098145 -0.024414
v -0.018066 1.242676 -0.078614
v 0.097656 1.202637 -0.105469
v 0.127441 1.201172 0.023925
v -0.000488 1.226074 0.019531
v 0.011719 1.243652 0.055664
v 0.003418 0.347656 -0.016113
v 0.008301 0.348145 -0.016113
v 0.016602 0.414551 -0.144531
v 0.011719 0.413574 -0.142578
v 0.005859 0.414551 -0.284180
v 0.000977 0.414062 -0.282715
v 0.000977 0.414062 -0.282715
v -0.192383 0.442383 -0.438965
v -0.167969 0.494629 -0.287598
v -0.019531 0.321777 -0.585449
v -0.207031 0.376465 -0.604004
v -0.021973 0.375977 -0.418945
v 0.005859 0.414551 -0.284180
v 0.085938 0.445312 -0.288574
v 0.185547 0.498047 -0.318848
v 0.147949 0.428711 -0.462403
v 0.148926 0.372558 -0.618164
v -0.019531 0.321777 -0.585449
v -0.002930 0.540039 -0.002442
v 0.000977 0.540039 -0.000000
v 0.086914 0.604492 -0.112305
v 0.083008 0.604004 -0.114746
v 0.157715 0.607422 -0.215821
v 0.153809 0.606934 -0.219238
v 0.218750 0.600098 -0.287110
v 0.153809 0.606934 -0.219238
v 0.218750 0.600098 -0.287110
v 0.031250 0.679199 -0.317383
v 0.091309 0.635254 -0.387207
v 0.131348 0.572754 -0.441406
v 0.157715 0.607422 -0.215821
v 0.209961 0.650879 -0.171387
v 0.363770 0.655273 -0.209961
v 0.309082 0.694336 -0.138672
v 0.428223 0.611816 -0.278809
v 0.265625 0.565430 -0.338379
v 0.159180 0.507812 -0.488770
v 0.473633 0.534180 -0.313477
v 0.293457 0.494141 -0.388672
v 0.113770 0.611328 -0.163574
v 0.115723 0.611328 -0.165039
v 0.089844 0.595215 -0.209961
v 0.087402 0.595215 -0.208496
v 0.070312 0.575195 -0.248535
v 0.087402 0.595215 -0.208496
v 0.070312 0.575195 -0.248535
v 0.003418 0.644043 -0.171387
v -0.030273 0.599609 -0.224121
v -0.049316 0.567383 -0.268067
v 0.089844 0.595215 -0.209961
v 0.134766 0.611816 -0.226074
v 0.172852 0.604980 -0.303711
v 0.191406 0.635742 -0.259278
v 0.153320 0.576172 -0.354004
v 0.054688 0.538574 -0.292481
v -0.065918 0.541504 -0.324707
v 0.122559 0.548828 -0.398438
v 0.032715 0.514648 -0.343262
v 0.086914 0.604492 -0.113770
v 0.086426 0.604492 -0.110840
v 0.130371 0.601074 -0.099121
v 0.130859 0.601074 -0.101563
v 0.177246 0.584961 -0.098633
v 0.130859 0.601074 -0.101563
v 0.177246 0.584961 -0.098633
v 0.129395 0.629395 -0.204590
v 0.181641 0.602539 -0.196289
v 0.237305 0.581543 -0.190430
v 0.130371 0.601074 -0.099121
v 0.123535 0.625488 -0.062012
v 0.187012 0.614746 -0.003906
v 0.137695 0.645996 -0.012207
v 0.238770 0.587891 0.000488
v 0.230469 0.562500 -0.093262
v 0.297852 0.575684 -0.188965
v 0.297363 0.565430 0.004883
v 0.286621 0.541504 -0.098145
v 0.012695 0.655762 0.011230
v 0.013672 0.656250 0.005859
v -0.049316 0.674805 -0.014649
v -0.050293 0.674805 -0.009278
v -0.191406 0.671387 -0.062988
v -0.192871 0.671875 -0.057617
v -0.192871 0.671875 -0.057617
v -0.408691 0.638672 0.111328
v -0.250488 0.749512 0.111816
v -0.483887 0.504395 -0.133789
v -0.558594 0.544922 0.052246
v -0.330078 0.600586 -0.074707
v -0.483398 0.549805 -0.331543
v -0.333008 0.645996 -0.274414
v -0.191406 0.671387 -0.062988
v -0.172363 0.729492 -0.270996
v -0.171875 0.700684 -0.149414
v 0.001953 0.530762 -0.007813
v 0.005371 0.530762 -0.009278
v -0.004883 0.552734 -0.038574
v -0.008789 0.552734 -0.037110
v -0.018066 0.559570 -0.074219
v -0.021484 0.559570 -0.072754
v -0.043457 0.544434 -0.137695
v -0.021484 0.559570 -0.072754
v -0.043457 0.544434 -0.137695
v -0.146484 0.625488 -0.047363
v -0.173828 0.577637 -0.115723
v -0.207520 0.528320 -0.176758
v -0.018066 0.559570 -0.074219
v 0.041992 0.588867 -0.089356
v 0.073242 0.577148 -0.192871
v 0.107910 0.629395 -0.125000
v 0.056641 0.517578 -0.269531
v -0.070801 0.495117 -0.202149
v -0.235840 0.483398 -0.247070
v 0.035156 0.488281 -0.341309
v -0.088867 0.451660 -0.273926
v 0.011230 0.454102 0.002930
v 0.010254 0.454102 -0.002930
v -0.060547 0.479981 0.001465
v -0.059570 0.479981 0.007812
v -0.224609 0.483398 0.022949
v -0.225098 0.481934 0.028808
v -0.225098 0.481934 0.028808
v -0.380859 0.487305 0.268555
v -0.206543 0.578125 0.219238
v -0.523926 0.292969 0.064941
v -0.534180 0.347168 0.271973
v -0.395020 0.415039 0.034668
v -0.599609 0.341309 -0.137207
v -0.431641 0.479492 -0.173828
v -0.224609 0.483398 0.022949
v -0.284668 0.562012 -0.187500
v -0.231445 0.525879 -0.074707
v 0.222656 0.689453 -0.100586
v 0.007812 0.659668 -0.203125
v -0.033691 0.729004 -0.127442
v 0.187500 0.756836 -0.056641
v -0.078613 0.752930 -0.031739
v 0.123047 0.782227 0.064941
v -0.058105 0.416016 -0.008301
v -0.058105 0.415527 -0.002442
v 0.008789 0.450684 0.005371
v 0.008789 0.450684 -0.000488
v 0.184082 0.463379 0.019531
v 0.183594 0.464844 0.013672
v 0.183594 0.464844 0.013672
v 0.366699 0.503906 -0.192871
v 0.166504 0.582520 -0.191895
v 0.474609 0.329590 -0.001465
v 0.484863 0.409180 -0.209473
v 0.355957 0.432129 0.019043
v 0.472656 0.394531 0.216797
v 0.355469 0.482910 0.240234
v 0.184082 0.463379 0.019531
v 0.178223 0.556152 0.233398
v 0.166016 0.502930 0.105469
v 0.009766 0.275879 0.003418
v 0.007324 0.275879 0.008301
v 0.060547 0.300293 0.044922
v 0.062988 0.300293 0.040039
v 0.180176 0.299805 0.119629
v 0.184570 0.300781 0.115723
v 0.267090 0.285156 0.167480
v 0.184570 0.300781 0.115723
v 0.267090 0.285156 0.167480
v 0.310547 0.396973 -0.034180
v 0.398438 0.333984 0.009766
v 0.487305 0.272949 0.048340
v 0.180176 0.299805 0.119629
v 0.136230 0.339844 0.190430
v 0.204590 0.312988 0.351562
v 0.111328 0.377930 0.297851
v 0.297363 0.253906 0.400879
v 0.369141 0.219238 0.212402
v 0.596191 0.235840 0.110352
v 0.400879 0.216797 0.448242
v 0.473145 0.171875 0.266602
v 0.108398 0.304688 0.070312
v 0.109863 0.303711 0.073242
v 0.161621 0.282715 0.051269
v 0.159668 0.283691 0.047851
v 0.211426 0.273438 0.021484
v 0.159668 0.283691 0.047851
v 0.211426 0.273438 0.021484
v 0.122559 0.356934 -0.041016
v 0.170410 0.311523 -0.085449
v 0.208496 0.278809 -0.117188
v 0.161621 0.282715 0.051269
v 0.180176 0.301758 0.100098
v 0.274902 0.283691 0.119141
v 0.216309 0.326172 0.151367
v 0.333984 0.250000 0.084473
v 0.263184 0.236328 -0.006836
v 0.261719 0.269043 -0.152832
v 0.398438 0.227539 0.045410
v 0.315918 0.212891 -0.040039
v 0.062012 0.300293 0.044434
v 0.059082 0.300781 0.044434
v 0.057617 0.289063 0.096680
v 0.060547 0.288574 0.096680
v 0.049316 0.279297 0.142090
v 0.060547 0.288574 0.096680
v 0.049316 0.279297 0.142090
v 0.168457 0.322754 0.091797
v 0.157227 0.291016 0.149902
v 0.161621 0.258789 0.215820
v 0.057617 0.289063 0.096680
v 0.013672 0.316406 0.093262
v -0.058594 0.308594 0.163086
v -0.042969 0.348145 0.105957
v -0.056641 0.277832 0.222168
v 0.051270 0.248047 0.204590
v 0.165039 0.223145 0.278320
v -0.050293 0.249512 0.287598
v 0.054199 0.211914 0.269531
v 0.004883 0.564453 -0.001465
v 0.000488 0.564453 -0.002442
v -0.015137 0.592285 0.048828
v -0.010254 0.592285 0.049805
v -0.050293 0.616211 0.182129
v -0.045898 0.615723 0.183594
v -0.045898 0.615723 0.183594
v 0.096191 0.631348 0.363769
v 0.117188 0.696289 0.214355
v -0.097168 0.525879 0.469238
v 0.077637 0.578125 0.512695
v -0.064941 0.576172 0.319336
v -0.262695 0.578125 0.437988
v -0.233398 0.620117 0.281738
v -0.050293 0.616211 0.182129
v -0.220215 0.679688 0.139648
v -0.122070 0.647949 0.151855
v 0.015625 0.233398 -0.010742
v 0.011230 0.233398 -0.014649
v -0.037598 0.260742 0.027344
v -0.033203 0.260742 0.030762
v -0.155273 0.275879 0.131348
v -0.151855 0.275391 0.136230
v -0.151855 0.275391 0.136230
v -0.128418 0.278809 0.395508
v -0.015137 0.373047 0.274902
v -0.341309 0.166504 0.363770
v -0.217285 0.213867 0.506836
v -0.250977 0.226563 0.249512
v -0.510254 0.194336 0.238281
v -0.413086 0.249512 0.125488
v -0.155273 0.275879 0.131348
v -0.311035 0.350586 -0.005859
v -0.221680 0.308106 0.060547
v -0.156250 1.439942 -0.062989
v -0.104492 1.416504 0.087890
v -0.041016 1.463379 0.083007
v -0.111816 1.483887 -0.069825
v 0.033691 1.478027 0.065918
v -0.007812 1.501465 -0.090332
v 0.143555 1.275879 -0.082032
v 0.000977 1.254883 -0.158692
v -0.039062 1.302734 -0.100098
v 0.116211 1.322266 -0.048340
v -0.073730 1.317383 -0.032227
v 0.072754 1.340332 0.036621
v -0.095703 1.587403 -0.054688
v -0.076172 1.570801 0.057617
v -0.031250 1.604004 0.058105
v -0.064453 1.617676 -0.052247
v 0.021973 1.614746 0.050781
v 0.002930 1.630860 -0.061524
v 0.027832 1.665039 -0.047852
v -0.009277 1.651856 0.055664
v 0.032715 1.666992 0.072753
v 0.063965 1.678223 -0.033204
v 0.079590 1.655762 0.091796
v 0.116699 1.668946 -0.011719
v 0.051758 1.584961 -0.053711
v -0.051270 1.618164 0.031250
v -0.012695 1.614746 0.080078
v 0.089355 1.581543 -0.005860
v 0.020508 1.583496 0.126464
v 0.121094 1.552735 0.040039
v -0.031738 1.155762 0.031738
v -0.121094 1.118164 -0.056153
v -0.010254 1.119141 -0.152344
v 0.044922 1.139160 -0.032715
v 0.069824 1.157227 -0.061036
v -0.148438 1.162598 -0.077637
v -0.110352 1.138184 0.080566
v -0.046387 1.185059 0.081054
v -0.093262 1.204590 -0.075196
v 0.029297 1.199707 0.070800
v 0.001953 1.223145 -0.088868
v 0.117676 1.027344 -0.233399
v -0.097656 0.996094 -0.223633
v -0.109863 1.062012 -0.137696
v 0.105469 1.088867 -0.173828
v -0.108887 1.082031 -0.034668
v 0.101074 1.110352 -0.043457
v -0.053711 0.912109 0.058593
v -0.161133 0.861328 -0.074219
v -0.030762 0.858398 -0.188477
v 0.049805 0.890137 -0.028321
v 0.083984 0.914063 -0.067383
v -0.089844 0.849610 0.219238
v 0.128418 0.788574 0.180176
v 0.132812 0.837402 0.084472
v -0.083496 0.897461 0.145019
v 0.119141 0.842774 -0.020996
v -0.102539 0.904785 0.008301
v 0.054199 1.013672 0.047363
v -0.061035 0.975098 0.088867
v -0.108398 0.979981 -0.038086
v 0.023926 0.997559 -0.047852
v 0.006836 1.015137 -0.082032
v 0.046387 1.013672 -0.083985
v 0.171387 0.968262 -0.059082
v 0.148438 0.976563 0.076660
v 0.024902 0.997559 0.013672
v 0.022461 1.015137 0.051758
v 0.089355 1.159668 -0.015137
v 0.095215 1.119629 0.103515
v -0.037109 1.118164 0.110351
v -0.010742 1.143067 -0.015137
v -0.048340 1.160645 -0.009278
v 0.006348 0.587402 0.006347
v 0.020996 0.000000 0.020996
v -0.020996 0.000000 0.020996
v -0.006348 0.587402 0.006347
v 0.039062 0.827637 0.026367
v 0.026855 0.827637 0.026367
v -0.001953 1.067871 -0.016114
v -0.014160 1.067871 -0.016114
v 0.007324 1.375977 0.009277
v -0.004883 1.375977 0.009277
v 0.006348 0.587402 -0.006348
v 0.020996 -0.000000 -0.020996
v 0.020996 0.000000 0.020996
v 0.006348 0.587402 0.006347
v 0.039062 0.827637 0.014160
v 0.039062 0.827637 0.026367
v -0.001953 1.067871 -0.028321
v -0.001953 1.067871 -0.016114
v 0.007324 1.375977 -0.002930
v 0.007324 1.375977 0.009277
v -0.014160 1.067871 -0.028321
v -0.004883 1.375977 -0.002930
v -0.004883 1.375977 0.009277
v -0.014160 1.067871 -0.016114
v 0.026855 0.827637 0.014160
v 0.026855 0.827637 0.026367
v -0.006348 0.587402 -0.006348
v -0.006348 0.587402 0.006347
v -0.020996 -0.000000 -0.020996
v -0.020996 0.000000 0.020996
v -0.006348 0.587402 -0.006348
v -0.020996 -0.000000 -0.020996
v 0.020996 -0.000000 -0.020996
v 0.006348 0.587402 -0.006348
v 0.026855 0.827637 0.014160
v 0.039062 0.827637 0.014160
v -0.014160 1.067871 -0.028321
v -0.001953 1.067871 -0.028321
v -0.004883 1.375977 -0.002930
v 0.007324 1.375977 -0.002930
v -0.132812 0.497559 0.015137
v -0.004883 0.431152 0.000976
v -0.003906 0.430664 0.005859
v -0.130371 0.496582 0.019531
v -0.268066 0.497559 0.050293
v -0.266113 0.497070 0.054687
v -0.241699 0.577637 0.222168
v -0.386230 0.525391 0.271973
v -0.266113 0.497070 0.054687
v -0.546387 0.459473 0.314941
v -0.561035 0.404297 0.127441
v -0.395996 0.458984 0.100586
v -0.268066 0.497559 0.050293
v -0.333496 0.581055 -0.120606
v -0.286621 0.527832 -0.028320
v -0.468750 0.511719 -0.059082
v -0.622070 0.455566 -0.032715
v -0.561035 0.404297 0.127441
v -0.113281 0.687012 -0.059571
v 0.012207 0.623047 0.005371
v 0.010254 0.623047 0.009765
v -0.115234 0.687012 -0.055176
v -0.227539 0.690430 -0.111328
v -0.229980 0.689941 -0.106934
v -0.308594 0.683105 -0.158692
v -0.305664 0.762207 0.030761
v -0.308594 0.683105 -0.158692
v -0.229980 0.689941 -0.106934
v -0.384766 0.718262 -0.016114
v -0.444824 0.655762 -0.045899
v -0.192871 0.733887 -0.170410
v -0.227539 0.690430 -0.111328
v -0.177734 0.777344 -0.273926
v -0.257324 0.738281 -0.315430
v -0.336426 0.694824 -0.366699
v -0.366699 0.648438 -0.196289
v -0.496582 0.590820 -0.065430
v -0.378906 0.616699 -0.405762
v -0.421387 0.577148 -0.215332
v -0.209961 0.678223 -0.045899
v -0.169922 0.694336 -0.078613
v -0.168457 0.694336 -0.077149
v -0.208008 0.678223 -0.043457
v -0.244629 0.658203 -0.019531
v -0.156738 0.727051 0.032715
v -0.244629 0.658203 -0.019531
v -0.208008 0.678223 -0.043457
v -0.203125 0.682617 0.075195
v -0.242676 0.650391 0.101562
v -0.233887 0.694824 -0.086914
v -0.209961 0.678223 -0.045899
v -0.275879 0.718750 -0.137207
v -0.316406 0.687988 -0.111328
v -0.362793 0.659180 -0.083008
v -0.285156 0.621582 0.003418
v -0.295898 0.624512 0.127930
v -0.401367 0.631836 -0.045410
v -0.331055 0.597656 0.033691
v -0.107910 0.684082 -0.104492
v -0.111816 0.687500 -0.059571
v -0.114746 0.687500 -0.059082
v -0.110352 0.684082 -0.104492
v -0.115234 0.667969 -0.150879
v -0.211914 0.712402 -0.085449
v -0.115234 0.667969 -0.150879
v -0.110352 0.684082 -0.104492
v -0.212402 0.685547 -0.138184
v -0.216309 0.664062 -0.194336
v -0.070312 0.708496 -0.104492
v -0.107910 0.684082 -0.104492
v -0.023438 0.729004 -0.126953
v -0.023926 0.697754 -0.176758
v -0.028320 0.670898 -0.229004
v -0.119629 0.645508 -0.204102
v -0.225098 0.658691 -0.253906
v -0.034668 0.648438 -0.287110
v -0.133789 0.624023 -0.258789
v 0.012695 0.785156 0.080566
v 0.021973 0.766602 0.015136
v 0.027344 0.766113 0.015136
v 0.018066 0.785156 0.081054
v -0.010254 0.781738 0.229004
v -0.004395 0.782227 0.229492
v 0.172363 0.859863 0.256836
v 0.199219 0.749024 0.413086
v -0.004395 0.782227 0.229492
v 0.167480 0.655274 0.570801
v -0.029297 0.614746 0.529297
v 0.002441 0.710938 0.367676
v -0.223633 0.659668 0.563476
v -0.193359 0.756348 0.404785
v -0.010254 0.781738 0.229004
v -0.218262 0.839844 0.246582
v -0.098633 0.811035 0.224609
v -0.024902 0.635742 0.018066
v 0.002441 0.613770 0.002441
v 0.004395 0.613770 0.005859
v -0.022461 0.635742 0.021484
v -0.057129 0.642578 0.037109
v -0.055176 0.642578 0.040527
v -0.115723 0.627441 0.073242
v -0.008789 0.708496 0.158691
v -0.115723 0.627441 0.073242
v -0.055176 0.642578 0.040527
v -0.071289 0.660645 0.197754
v -0.125977 0.611328 0.241211
v -0.083008 0.671875 -0.019043
v -0.057129 0.642578 0.037109
v -0.129395 0.712402 -0.078125
v -0.189941 0.660156 -0.031738
v -0.263184 0.600586 -0.002442
v -0.174316 0.578125 0.111328
v -0.189941 0.566406 0.281250
v -0.329590 0.571289 0.031250
v -0.241699 0.534668 0.141601
v 0.011719 0.562988 0.064941
v -0.004883 0.537109 -0.003906
v 0.000488 0.537109 -0.005860
v 0.017578 0.562988 0.062988
v 0.061035 0.566406 0.222656
v 0.066895 0.564942 0.222168
v 0.250977 0.661133 0.170898
v 0.330566 0.570313 0.333984
v 0.066895 0.564942 0.222168
v 0.360352 0.429688 0.484375
v 0.154297 0.375977 0.510742
v 0.102051 0.498047 0.388672
v -0.031250 0.424317 0.620117
v -0.096680 0.562500 0.460937
v 0.061035 0.566406 0.222656
v -0.135742 0.645020 0.318847
v -0.033691 0.608887 0.246582
v -0.093750 0.812012 0.099609
v -0.175293 0.742676 0.072265
v -0.111816 0.772461 -0.157227
v -0.062012 0.839844 -0.130371
v 0.008301 0.835938 0.127441
v 0.068359 0.865234 -0.087891
v -0.001953 0.533691 -0.071778
v 0.001953 0.498535 -0.004883
v -0.003906 0.498535 -0.003906
v -0.007812 0.533691 -0.070801
v -0.018555 0.546387 -0.247071
v -0.024414 0.547852 -0.245606
v -0.224121 0.665527 -0.192871
v -0.259766 0.586914 -0.390137
v -0.024414 0.547852 -0.245606
v -0.296387 0.492187 -0.503418
v -0.089844 0.412598 -0.529785
v -0.048828 0.514648 -0.416016
v 0.125488 0.477539 -0.565430
v 0.168945 0.565918 -0.454102
v -0.018555 0.546387 -0.247071
v 0.193359 0.639160 -0.278321
v 0.068848 0.585938 -0.244141
v 0.025879 0.403809 -0.058594
v -0.000977 0.379395 0.000488
v -0.006348 0.379395 -0.000977
v 0.020508 0.403809 -0.060059
v 0.078613 0.403320 -0.188965
v 0.073730 0.404297 -0.192871
v 0.110840 0.388672 -0.283203
v -0.095703 0.500488 -0.291016
v 0.110840 0.388672 -0.283203
v 0.073730 0.404297 -0.192871
v -0.067871 0.437500 -0.385254
v -0.044922 0.376465 -0.479492
v 0.155762 0.443359 -0.158203
v 0.078613 0.403320 -0.188965
v 0.266113 0.481445 -0.152344
v 0.302734 0.416504 -0.253906
v 0.335449 0.357422 -0.354004
v 0.137207 0.322754 -0.391602
v -0.002930 0.339355 -0.597168
v 0.363770 0.320312 -0.463867
v 0.172363 0.275391 -0.503418
v 0.004395 0.386230 -0.172852
v 0.034668 0.407227 -0.125977
v 0.032227 0.408203 -0.124024
v 0.001465 0.387207 -0.170899
v -0.033691 0.376953 -0.217285
v -0.080078 0.460449 -0.118653
v -0.033691 0.376953 -0.217285
v 0.001465 0.387207 -0.170899
v -0.131836 0.414551 -0.157715
v -0.169922 0.382324 -0.189942
v 0.049316 0.405273 -0.199707
v 0.004395 0.386230 -0.172852
v 0.093262 0.429688 -0.244141
v 0.051758 0.387207 -0.296387
v 0.006836 0.353516 -0.348633
v -0.070801 0.339844 -0.263184
v -0.214355 0.372559 -0.236328
v -0.042969 0.331055 -0.405274
v -0.112305 0.316406 -0.309570
v 0.077148 0.392578 -0.064453
v 0.025879 0.404297 -0.057129
v 0.024902 0.403809 -0.060059
v 0.076660 0.392090 -0.067383
v 0.123047 0.382813 -0.063965
v 0.053223 0.426270 -0.172852
v 0.123047 0.382813 -0.063965
v 0.076660 0.392090 -0.067383
v 0.112305 0.394531 -0.171875
v 0.176270 0.362305 -0.187500
v 0.081543 0.419922 -0.020508
v 0.077148 0.392578 -0.064453
v 0.104004 0.451660 0.033203
v 0.162598 0.412109 0.038574
v 0.220703 0.381348 0.025879
v 0.184570 0.351562 -0.077149
v 0.237305 0.326660 -0.202149
v 0.284180 0.353027 0.008789
v 0.248047 0.315430 -0.090820
v 0.062988 0.675293 0.013183
v 0.009766 0.647461 0.006836
v 0.009766 0.647461 0.001953
v 0.062988 0.675293 0.008301
v 0.200684 0.699219 0.024414
v 0.201172 0.698242 0.019531
v 0.203125 0.779297 -0.145996
v 0.354004 0.714355 -0.151856
v 0.201172 0.698242 0.019531
v 0.503418 0.661133 -0.159180
v 0.491699 0.608887 0.020996
v 0.338379 0.659180 0.015137
v 0.489258 0.661133 0.188965
v 0.330078 0.703125 0.187500
v 0.200684 0.699219 0.024414
v 0.187988 0.762695 0.199219
v 0.183105 0.730957 0.100097
v 0.045898 0.343750 0.038574
v -0.003906 0.316406 -0.002442
v -0.000977 0.316406 -0.006836
v 0.048828 0.343750 0.033691
v 0.168457 0.358887 0.136719
v 0.172852 0.358398 0.132324
v 0.285645 0.455566 -0.026367
v 0.424316 0.361816 0.064453
v 0.172852 0.358398 0.132324
v 0.549316 0.296875 0.132812
v 0.430176 0.249512 0.279785
v 0.301758 0.309570 0.210449
v 0.335938 0.277344 0.467773
v 0.208008 0.332520 0.391602
v 0.168457 0.358887 0.136719
v 0.060547 0.433594 0.313476
v 0.110840 0.391113 0.214355
v 0.101562 1.546387 0.032226
v 0.117188 1.499512 0.094238
v -0.022461 1.522949 0.171386
v -0.036621 1.566895 0.128906
v 0.071777 1.561035 -0.038086
v -0.075195 1.584473 0.029785
v -0.096191 1.385742 0.060058
v -0.160645 1.337891 0.031250
v -0.110352 1.358887 -0.122559
v -0.072266 1.404785 -0.101563
v -0.022949 1.400391 0.082519
v 0.019043 1.423340 -0.073731
v 0.075195 1.687012 0.027343
v 0.082520 1.653809 0.071777
v -0.024902 1.670410 0.110351
v -0.027832 1.700684 0.079101
v 0.058594 1.697754 -0.023926
v -0.048828 1.713867 0.014648
v 0.069336 1.750000 -0.026368
v 0.060059 1.734864 0.017578
v -0.048340 1.748047 -0.000977
v -0.040039 1.761231 -0.039063
v 0.080078 1.738770 -0.076172
v -0.028320 1.751953 -0.094239
v 0.093750 1.697754 0.005371
v 0.052246 1.701172 0.051757
v -0.049316 1.667969 -0.035157
v -0.008789 1.664551 -0.080567
v 0.133301 1.666504 -0.035645
v 0.031250 1.635742 -0.120118
v -0.136230 1.201660 0.042968
v -0.021484 1.201172 0.135742
v 0.049316 1.238770 0.032226
v -0.027344 1.222168 -0.031739
v -0.060059 1.239746 -0.051758
v 0.100586 1.268067 0.038086
v 0.110840 1.221192 0.101074
v -0.038086 1.245606 0.166504
v -0.045410 1.287598 0.111328
v 0.076660 1.282715 -0.034668
v -0.075195 1.306152 0.020019
v -0.079590 1.145020 0.110840
v -0.166504 1.079102 0.113769
v -0.213379 1.110352 -0.096680
v -0.152832 1.171875 -0.094727
v 0.021484 1.165039 0.092285
v -0.023926 1.193359 -0.113282
v -0.167969 0.941406 0.069824
v -0.032715 0.944336 0.178222
v 0.079590 0.995117 0.049316
v -0.024414 0.972656 -0.037598
v -0.068359 0.997070 -0.064453
v 0.072754 0.920410 -0.138672
v 0.167480 0.871582 -0.151367
v 0.243652 0.932617 0.057129
v 0.169434 0.980469 0.063476
v -0.028809 0.925781 -0.106934
v 0.038574 0.987793 0.105957
v -0.006348 1.062988 0.120117
v 0.110352 1.058106 0.051269
v 0.049805 1.096680 -0.055176
v -0.039062 1.080567 -0.008789
v -0.069336 1.098145 0.013672
v 0.062012 1.059570 -0.153321
v -0.075684 1.051270 -0.151856
v -0.078125 1.096680 -0.024414
v 0.021484 1.080567 -0.020508
v 0.059570 1.098145 -0.024414
v 0.127441 1.201172 0.023925
v 0.097656 1.202637 -0.105469
v -0.018066 1.242676 -0.078614
v -0.000488 1.226074 0.019531
v 0.011719 1.243652 0.055664
v 0.016602 0.414551 -0.144531
v 0.008301 0.348145 -0.016113
v 0.003418 0.347656 -0.016113
v 0.011719 0.413574 -0.142578
v 0.005859 0.414551 -0.284180
v 0.000977 0.414062 -0.282715
v -0.167969 0.494629 -0.287598
v -0.192383 0.442383 -0.438965
v 0.000977 0.414062 -0.282715
v -0.207031 0.376465 -0.604004
v -0.019531 0.321777 -0.585449
v -0.021973 0.375977 -0.418945
v 0.005859 0.414551 -0.284180
v 0.185547 0.498047 -0.318848
v 0.085938 0.445312 -0.288574
v 0.147949 0.428711 -0.462403
v 0.148926 0.372558 -0.618164
v -0.019531 0.321777 -0.585449
v 0.086914 0.604492 -0.112305
v 0.000977 0.540039 -0.000000
v -0.002930 0.540039 -0.002442
v 0.083008 0.604004 -0.114746
v 0.157715 0.607422 -0.215821
v 0.153809 0.606934 -0.219238
v 0.218750 0.600098 -0.287110
v 0.031250 0.679199 -0.317383
v 0.218750 0.600098 -0.287110
v 0.153809 0.606934 -0.219238
v 0.091309 0.635254 -0.387207
v 0.131348 0.572754 -0.441406
v 0.209961 0.650879 -0.171387
v 0.157715 0.607422 -0.215821
v 0.309082 0.694336 -0.138672
v 0.363770 0.655273 -0.209961
v 0.428223 0.611816 -0.278809
v 0.265625 0.565430 -0.338379
v 0.159180 0.507812 -0.488770
v 0.473633 0.534180 -0.313477
v 0.293457 0.494141 -0.388672
v 0.089844 0.595215 -0.209961
v 0.115723 0.611328 -0.165039
v 0.113770 0.611328 -0.163574
v 0.087402 0.595215 -0.208496
v 0.070312 0.575195 -0.248535
v 0.003418 0.644043 -0.171387
v 0.070312 0.575195 -0.248535
v 0.087402 0.595215 -0.208496
v -0.030273 0.599609 -0.224121
v -0.049316 0.567383 -0.268067
v 0.134766 0.611816 -0.226074
v 0.089844 0.595215 -0.209961
v 0.191406 0.635742 -0.259278
v 0.172852 0.604980 -0.303711
v 0.153320 0.576172 -0.354004
v 0.054688 0.538574 -0.292481
v -0.065918 0.541504 -0.324707
v 0.122559 0.548828 -0.398438
v 0.032715 0.514648 -0.343262
v 0.130371 0.601074 -0.099121
v 0.086426 0.604492 -0.110840
v 0.086914 0.604492 -0.113770
v 0.130859 0.601074 -0.101563
v 0.177246 0.584961 -0.098633
v 0.129395 0.629395 -0.204590
v 0.177246 0.584961 -0.098633
v 0.130859 0.601074 -0.101563
v 0.181641 0.602539 -0.196289
v 0.237305 0.581543 -0.190430
v 0.123535 0.625488 -0.062012
v 0.130371 0.601074 -0.099121
v 0.137695 0.645996 -0.012207
v 0.187012 0.614746 -0.003906
v 0.238770 0.587891 0.000488
v 0.230469 0.562500 -0.093262
v 0.297852 0.575684 -0.188965
v 0.297363 0.565430 0.004883
v 0.286621 0.541504 -0.098145
v -0.049316 0.674805 -0.014649
v 0.013672 0.656250 0.005859
v 0.012695 0.655762 0.011230
v -0.050293 0.674805 -0.009278
v -0.191406 0.671387 -0.062988
v -0.192871 0.671875 -0.057617
v -0.250488 0.749512 0.111816
v -0.408691 0.638672 0.111328
v -0.192871 0.671875 -0.057617
v -0.558594 0.544922 0.052246
v -0.483887 0.504395 -0.133789
v -0.330078 0.600586 -0.074707
v -0.483398 0.549805 -0.331543
v -0.333008 0.645996 -0.274414
v -0.191406 0.671387 -0.062988
v -0.172363 0.729492 -0.270996
v -0.171875 0.700684 -0.149414
v -0.004883 0.552734 -0.038574
v 0.005371 0.530762 -0.009278
v 0.001953 0.530762 -0.007813
v -0.008789 0.552734 -0.037110
v -0.018066 0.559570 -0.074219
v -0.021484 0.559570 -0.072754
v -0.043457 0.544434 -0.137695
v -0.146484 0.625488 -0.047363
v -0.043457 0.544434 -0.137695
v -0.021484 0.559570 -0.072754
v -0.173828 0.577637 -0.115723
v -0.207520 0.528320 -0.176758
v 0.041992 0.588867 -0.089356
v -0.018066 0.559570 -0.074219
v 0.107910 0.629395 -0.125000
v 0.073242 0.577148 -0.192871
v 0.056641 0.517578 -0.269531
v -0.070801 0.495117 -0.202149
v -0.235840 0.483398 -0.247070
v 0.035156 0.488281 -0.341309
v -0.088867 0.451660 -0.273926
v -0.060547 0.479981 0.001465
v 0.010254 0.454102 -0.002930
v 0.011230 0.454102 0.002930
v -0.059570 0.479981 0.007812
v -0.224609 0.483398 0.022949
v -0.225098 0.481934 0.028808
v -0.206543 0.578125 0.219238
v -0.380859 0.487305 0.268555
v -0.225098 0.481934 0.028808
v -0.534180 0.347168 0.271973
v -0.523926 0.292969 0.064941
v -0.395020 0.415039 0.034668
v -0.599609 0.341309 -0.137207
v -0.431641 0.479492 -0.173828
v -0.224609 0.483398 0.022949
v -0.284668 0.562012 -0.187500
v -0.231445 0.525879 -0.074707
v -0.033691 0.729004 -0.127442
v 0.007812 0.659668 -0.203125
v 0.222656 0.689453 -0.100586
v 0.187500 0.756836 -0.056641
v -0.078613 0.752930 -0.031739
v 0.123047 0.782227 0.064941
v 0.008789 0.450684 0.005371
v -0.058105 0.415527 -0.002442
v -0.058105 0.416016 -0.008301
v 0.008789 0.450684 -0.000488
v 0.184082 0.463379 0.019531
v 0.183594 0.464844 0.013672
v 0.166504 0.582520 -0.191895
v 0.366699 0.503906 -0.192871
v 0.183594 0.464844 0.013672
v 0.484863 0.409180 -0.209473
v 0.474609 0.329590 -0.001465
v 0.355957 0.432129 0.019043
v 0.472656 0.394531 0.216797
v 0.355469 0.482910 0.240234
v 0.184082 0.463379 0.019531
v 0.178223 0.556152 0.233398
v 0.166016 0.502930 0.105469
v 0.060547 0.300293 0.044922
v 0.007324 0.275879 0.008301
v 0.009766 0.275879 0.003418
v 0.062988 0.300293 0.040039
v 0.180176 0.299805 0.119629
v 0.184570 0.300781 0.115723
v 0.267090 0.285156 0.167480
v 0.310547 0.396973 -0.034180
v 0.267090 0.285156 0.167480
v 0.184570 0.300781 0.115723
v 0.398438 0.333984 0.009766
v 0.487305 0.272949 0.048340
v 0.136230 0.339844 0.190430
v 0.180176 0.299805 0.119629
v 0.111328 0.377930 0.297851
v 0.204590 0.312988 0.351562
v 0.297363 0.253906 0.400879
v 0.369141 0.219238 0.212402
v 0.596191 0.235840 0.110352
v 0.400879 0.216797 0.448242
v 0.473145 0.171875 0.266602
v 0.161621 0.282715 0.051269
v 0.109863 0.303711 0.073242
v 0.108398 0.304688 0.070312
v 0.159668 0.283691 0.047851
v 0.211426 0.273438 0.021484
v 0.122559 0.356934 -0.041016
v 0.211426 0.273438 0.021484
v 0.159668 0.283691 0.047851
v 0.170410 0.311523 -0.085449
v 0.208496 0.278809 -0.117188
v 0.180176 0.301758 0.100098
v 0.161621 0.282715 0.051269
v 0.216309 0.326172 0.151367
v 0.274902 0.283691 0.119141
v 0.333984 0.250000 0.084473
v 0.263184 0.236328 -0.006836
v 0.261719 0.269043 -0.152832
v 0.398438 0.227539 0.045410
v 0.315918 0.212891 -0.040039
v 0.057617 0.289063 0.096680
v 0.059082 0.300781 0.044434
v 0.062012 0.300293 0.044434
v 0.060547 0.288574 0.096680
v 0.049316 0.279297 0.142090
v 0.168457 0.322754 0.091797
v 0.049316 0.279297 0.142090
v 0.060547 0.288574 0.096680
v 0.157227 0.291016 0.149902
v 0.161621 0.258789 0.215820
v 0.013672 0.316406 0.093262
v 0.057617 0.289063 0.096680
v -0.042969 0.348145 0.105957
v -0.058594 0.308594 0.163086
v -0.056641 0.277832 0.222168
v 0.051270 0.248047 0.204590
v 0.165039 0.223145 0.278320
v -0.050293 0.249512 0.287598
v 0.054199 0.211914 0.269531
v -0.015137 0.592285 0.048828
v 0.000488 0.564453 -0.002442
v 0.004883 0.564453 -0.001465
v -0.010254 0.592285 0.049805
v -0.050293 0.616211 0.182129
v -0.045898 0.615723 0.183594
v 0.117188 0.696289 0.214355
v 0.096191 0.631348 0.363769
v -0.045898 0.615723 0.183594
v 0.077637 0.578125 0.512695
v -0.097168 0.525879 0.469238
v -0.064941 0.576172 0.319336
v -0.262695 0.578125 0.437988
v -0.233398 0.620117 0.281738
v -0.050293 0.616211 0.182129
v -0.220215 0.679688 0.139648
v -0.122070 0.647949 0.151855
v -0.037598 0.260742 0.027344
v 0.011230 0.233398 -0.014649
v 0.015625 0.233398 -0.010742
v -0.033203 0.260742 0.030762
v -0.155273 0.275879 0.131348
v -0.151855 0.275391 0.136230
v -0.015137 0.373047 0.274902
v -0.128418 0.278809 0.395508
v -0.151855 0.275391 0.136230
v -0.217285 0.213867 0.506836
v -0.341309 0.166504 0.363770
v -0.250977 0.226563 0.249512
v -0.510254 0.194336 0.238281
v -0.413086 0.249512 0.125488
v -0.155273 0.275879 0.131348
v -0.311035 0.350586 -0.005859
v -0.221680 0.308106 0.060547
v -0.041016 1.463379 0.083007
v -0.104492 1.416504 0.087890
v -0.156250 1.439942 -0.062989
v -0.111816 1.483887 -0.069825
v 0.033691 1.478027 0.065918
v -0.007812 1.501465 -0.090332
v -0.039062 1.302734 -0.100098
v 0.000977 1.254883 -0.158692
v 0.143555 1.275879 -0.082032
v 0.116211 1.322266 -0.048340
v -0.073730 1.317383 -0.032227
v 0.072754 1.340332 0.036621
v -0.031250 1.604004 0.058105
v -0.076172 1.570801 0.057617
v -0.095703 1.587403 -0.054688
v -0.064453 1.617676 -0.052247
v 0.021973 1.614746 0.050781
v 0.002930 1.630860 -0.061524
v 0.032715 1.666992 0.072753
v -0.009277 1.651856 0.055664
v 0.027832 1.665039 -0.047852
v 0.063965 1.678223 -0.033204
v 0.079590 1.655762 0.091796
v 0.116699 1.668946 -0.011719
v -0.012695 1.614746 0.080078
v -0.051270 1.618164 0.031250
v 0.051758 1.584961 -0.053711
v 0.089355 1.581543 -0.005860
v 0.020508 1.583496 0.126464
v 0.121094 1.552735 0.040039
v -0.010254 1.119141 -0.152344
v -0.121094 1.118164 -0.056153
v -0.031738 1.155762 0.031738
v 0.044922 1.139160 -0.032715
v 0.069824 1.157227 -0.061036
v -0.046387 1.185059 0.081054
v -0.110352 1.138184 0.080566
v -0.148438 1.162598 -0.077637
v -0.093262 1.204590 -0.075196
v 0.029297 1.199707 0.070800
v 0.001953 1.223145 -0.088868
v -0.109863 1.062012 -0.137696
v -0.097656 0.996094 -0.223633
v 0.117676 1.027344 -0.233399
v 0.105469 1.088867 -0.173828
v -0.108887 1.082031 -0.034668
v 0.101074 1.110352 -0.043457
v -0.030762 0.858398 -0.188477
v -0.161133 0.861328 -0.074219
v -0.053711 0.912109 0.058593
v 0.049805 0.890137 -0.028321
v 0.083984 0.914063 -0.067383
v 0.132812 0.837402 0.084472
v 0.128418 0.788574 0.180176
v -0.089844 0.849610 0.219238
v -0.083496 0.897461 0.145019
v 0.119141 0.842774 -0.020996
v -0.102539 0.904785 0.008301
v -0.108398 0.979981 -0.038086
v -0.061035 0.975098 0.088867
v 0.054199 1.013672 0.047363
v 0.023926 0.997559 -0.047852
v 0.006836 1.015137 -0.082032
v 0.148438 0.976563 0.076660
v 0.171387 0.968262 -0.059082
v 0.046387 1.013672 -0.083985
v 0.024902 0.997559 0.013672
v 0.022461 1.015137 0.051758
v -0.037109 1.118164 0.110351
v 0.095215 1.119629 0.103515
v 0.089355 1.159668 -0.015137
v -0.010742 1.143067 -0.015137
v -0.048340 1.160645 -0.009278
v 0.008301 1.881836 0.003417
v 0.014648 1.651367 -0.002930
v 0.014648 1.651367 0.009277
v 0.008301 1.881836 0.003417
v 0.001953 1.651367 0.009277
v 0.008301 1.881836 0.003417
v 0.001953 1.651367 -0.002930
v 0.008301 1.881836 0.003417
v 0.003418 1.527344 -0.003418
v 0.003418 1.527344 -0.016114
v -0.009277 1.527344 -0.016114
v -0.009277 1.527344 -0.003418
v 0.007324 1.375977 -0.002930
v -0.004883 1.375977 -0.002930
v 0.007324 1.375977 0.009277
v -0.004883 1.375977 0.009277
v 0.001953 1.651367 0.009277
v 0.014648 1.651367 0.009277
v 0.008301 1.881836 0.003417
v 0.014648 1.651367 -0.002930
v 0.008301 1.881836 0.003417
v 0.001953 1.651367 -0.002930
v 0.008301 1.881836 0.003417
v 0.008301 1.881836 0.003417
v -0.009277 1.527344 -0.003418
v -0.009277 1.527344 -0.016114
v 0.003418 1.527344 -0.016114
v 0.003418 1.527344 -0.003418
v 0.007324 1.375977 -0.002930
v -0.004883 1.375977 -0.002930
v 0.007324 1.375977 0.009277
v -0.004883 1.375977 0.009277
vn 0.3162 0.8315 0.4568
vn 0.1995 0.7667 0.6102
vn 0.1600 0.7647 0.6242
vn 0.5278 0.8407 0.1211
vn 0.3162 0.8315 0.4567
vn 0.4264 0.8725 0.2387
vn 0.5599 0.8223 0.1018
vn 0.5310 0.8473 0.0039
vn 0.1287 0.7644 0.6318
vn 0.1408 0.7001 0.7001
vn 0.4807 0.8715 -0.0977
vn 0.7665 0.6375 0.0782
vn 0.1875 0.9456 0.2658
vn 0.1327 0.9326 0.3356
vn -0.1600 -0.7647 -0.6242
vn -0.1995 -0.7667 -0.6102
vn -0.3162 -0.8315 -0.4568
vn -0.4264 -0.8725 -0.2387
vn -0.3162 -0.8315 -0.4567
vn -0.5278 -0.8407 -0.1211
vn -0.5599 -0.8223 -0.1018
vn -0.5310 -0.8473 -0.0039
vn -0.1408 -0.7001 -0.7001
vn -0.1287 -0.7644 -0.6318
vn -0.4806 -0.8715 0.0976
vn -0.7665 -0.6375 -0.0782
vn -0.1875 -0.9456 -0.2658
vn -0.4806 -0.8715 0.0977
vn -0.1327 -0.9326 -0.3356
vn -0.0899 0.9346 -0.3441
vn 0.1130 0.8963 -0.4287
vn 0.1759 0.9224 -0.3440
vn -0.3824 0.9207 -0.0780
vn -0.0900 0.9346 -0.3441
vn -0.1756 0.9796 -0.0976
vn -0.2696 0.9612 -0.0586
vn 0.1759 0.9224 -0.3439
vn -0.2575 0.9560 0.1405
vn 0.2849 0.9368 -0.2029
vn 0.2772 0.9176 -0.2850
vn -0.2069 0.9021 0.3787
vn -0.1995 0.8841 0.4225
vn -0.2070 0.9020 0.3788
vn 0.2849 0.9368 -0.2030
vn 0.4339 0.7035 0.5628
vn -0.1759 -0.9224 0.3440
vn -0.1130 -0.8963 0.4287
vn 0.0899 -0.9346 0.3441
vn 0.1756 -0.9796 0.0976
vn 0.0900 -0.9346 0.3441
vn 0.3823 -0.9207 0.0780
vn 0.2696 -0.9612 0.0586
vn -0.1759 -0.9224 0.3439
vn 0.2575 -0.9560 -0.1405
vn -0.2772 -0.9176 0.2850
vn -0.2849 -0.9368 0.2029
vn 0.2069 -0.9021 -0.3787
vn 0.1995 -0.8841 -0.4225
vn -0.4338 -0.7035 -0.5628
vn -0.2849 -0.9368 0.2030
vn 0.2070 -0.9020 -0.3788
vn -0.4339 -0.7035 -0.5628
vn 0.4326 0.8963 0.0975
vn 0.4333 0.8550 0.2850
vn 0.2541 0.9069 0.3362
vn 0.3861 0.8774 -0.2847
vn 0.4326 0.8963 0.0974
vn 0.2191 0.9666 -0.1330
vn 0.0665 0.9307 0.3597
vn 0.1601 0.8868 0.4336
vn 0.2347 0.9350 -0.2660
vn 0.0352 0.9465 -0.3207
vn -0.0663 0.9281 -0.3665
vn 0.0117 0.9268 -0.3754
vn -0.0663 0.9280 -0.3666
vn -0.7107 0.7028 -0.0313
vn -0.2541 -0.9069 -0.3362
vn -0.4333 -0.8550 -0.2850
vn -0.4326 -0.8963 -0.0975
vn -0.2192 -0.9666 0.1330
vn -0.4326 -0.8963 -0.0974
vn -0.3861 -0.8774 0.2847
vn -0.1601 -0.8868 -0.4336
vn -0.0665 -0.9307 -0.3597
vn -0.2347 -0.9350 0.2660
vn -0.0352 -0.9465 0.3207
vn 0.0663 -0.9281 0.3665
vn -0.0117 -0.9268 0.3754
vn 0.7107 -0.7028 0.0312
vn 0.0662 -0.9280 0.3665
vn 0.7107 -0.7028 0.0313
vn -0.5036 0.8316 0.2342
vn -0.6368 0.7658 0.0899
vn -0.6432 0.7640 0.0507
vn -0.2111 0.8399 0.5000
vn -0.5036 0.8316 0.2343
vn -0.3090 0.8721 0.3793
vn -0.1993 0.8207 0.5355
vn -0.0937 0.8471 0.5231
vn -0.6439 0.7649 0.0156
vn -0.7148 0.6991 0.0196
vn 0.0117 0.8706 0.4919
vn -0.2109 0.6365 0.7419
vn -0.6440 0.7649 0.0156
vn -0.2931 0.9457 0.1407
vn -0.3514 0.9333 0.0742
vn 0.6432 -0.7640 -0.0507
vn 0.6368 -0.7658 -0.0899
vn 0.5037 -0.8315 -0.2342
vn 0.3090 -0.8721 -0.3793
vn 0.5036 -0.8316 -0.2343
vn 0.2110 -0.8399 -0.5000
vn 0.1993 -0.8207 -0.5355
vn 0.0937 -0.8471 -0.5231
vn 0.7147 -0.6991 -0.0195
vn 0.6439 -0.7650 -0.0156
vn -0.0116 -0.8706 -0.4919
vn 0.2109 -0.6365 -0.7419
vn 0.2931 -0.9457 -0.1407
vn 0.6439 -0.7649 -0.0156
vn -0.0117 -0.8706 -0.4919
vn 0.3514 -0.9333 -0.0742
vn 0.3523 0.9355 -0.0274
vn 0.4018 0.8972 0.1833
vn 0.3086 0.9219 0.2344
vn 0.1444 0.9206 -0.3628
vn 0.1249 0.9798 -0.1561
vn 0.1015 0.9608 -0.2578
vn -0.0937 0.9563 -0.2771
vn 0.1522 0.9365 0.3160
vn 0.2340 0.9167 0.3238
vn -0.3360 0.9025 -0.2695
vn -0.3831 0.8835 -0.2697
vn -0.3360 0.9025 -0.2696
vn -0.6297 0.7040 0.3285
vn -0.3086 -0.9219 -0.2344
vn -0.4018 -0.8972 -0.1833
vn -0.3523 -0.9355 0.0274
vn -0.1249 -0.9798 0.1561
vn -0.1443 -0.9206 0.3628
vn -0.1014 -0.9608 0.2579
vn 0.0936 -0.9563 0.2771
vn -0.2340 -0.9167 -0.3238
vn -0.1521 -0.9365 -0.3160
vn 0.3359 -0.9025 0.2695
vn 0.3831 -0.8835 0.2697
vn 0.6297 -0.7040 -0.3285
vn -0.1522 -0.9364 -0.3161
vn 0.3360 -0.9025 0.2696
vn -0.1677 0.8968 0.4094
vn -0.3557 0.8560 0.3752
vn -0.3753 0.9069 0.1916
vn 0.2145 0.8775 0.4290
vn -0.1676 0.8968 0.4094
vn 0.0939 0.9665 0.2387
vn -0.3673 0.9301 0.0039
vn -0.4566 0.8859 0.0820
vn 0.2191 0.9353 0.2778
vn 0.3091 0.9468 0.0900
vn 0.3707 0.9288 -0.0039
vn 0.3676 0.9267 0.0782
vn 0.3707 0.9288 -0.0038
vn -0.3674 0.9301 0.0039
vn 0.1522 0.7028 -0.6950
vn 0.1523 0.7028 -0.6949
vn 0.3753 -0.9069 -0.1916
vn 0.3557 -0.8560 -0.3752
vn 0.1677 -0.8968 -0.4094
vn -0.0939 -0.9665 -0.2387
vn 0.1676 -0.8968 -0.4094
vn -0.2145 -0.8775 -0.4290
vn 0.3753 -0.9069 -0.1915
vn 0.4566 -0.8859 -0.0820
vn 0.3673 -0.9301 -0.0039
vn -0.2191 -0.9353 -0.2778
vn -0.3091 -0.9468 -0.0900
vn -0.3707 -0.9288 0.0039
vn -0.3676 -0.9267 -0.0782
vn -0.1523 -0.7028 0.6949
vn 0.3674 -0.9301 -0.0039
vn 0.6094 0.7890 -0.0781
vn 0.0117 0.9313 0.3640
vn -0.2036 0.9353 -0.2896
vn -0.2035 0.9353 -0.2895
vn -0.2504 0.9274 -0.2778
vn -0.3047 0.8868 -0.3476
vn -0.2888 0.9562 -0.0468
vn -0.2265 0.9185 -0.3242
vn -0.1873 0.9716 0.1443
vn -0.1991 0.9289 0.3122
vn -0.1760 0.9541 0.2424
vn 0.0117 0.9314 0.3639
vn -0.1133 0.9418 0.3165
vn -0.0860 0.9182 0.3868
vn -0.0117 -0.9313 -0.3640
vn -0.6094 -0.7890 0.0781
vn 0.2036 -0.9353 0.2896
vn 0.3047 -0.8868 0.3476
vn 0.2504 -0.9274 0.2778
vn 0.2034 -0.9353 0.2895
vn 0.2265 -0.9185 0.3242
vn 0.2888 -0.9562 0.0468
vn 0.1873 -0.9716 -0.1444
vn 0.1991 -0.9289 -0.3122
vn 0.1759 -0.9541 -0.2424
vn -0.0117 -0.9314 -0.3639
vn 0.1133 -0.9418 -0.3165
vn 0.0860 -0.9182 -0.3868
vn -0.0274 0.7893 0.6134
vn -0.3635 0.9302 -0.0509
vn 0.3208 0.9348 -0.1526
vn 0.3207 0.9348 -0.1525
vn 0.3169 0.9272 -0.1995
vn 0.3947 0.8873 -0.2384
vn 0.0975 0.9559 -0.2770
vn 0.3593 0.9180 -0.1679
vn -0.1092 0.9714 -0.2107
vn -0.2732 0.9290 -0.2498
vn -0.2108 0.9537 -0.2146
vn -0.3635 0.9302 -0.0508
vn -0.2895 0.9429 -0.1644
vn -0.3639 0.9195 -0.1487
vn 0.3635 -0.9302 0.0508
vn 0.0274 -0.7893 -0.6134
vn -0.3207 -0.9348 0.1526
vn -0.3948 -0.8873 0.2384
vn -0.3169 -0.9272 0.1995
vn -0.3207 -0.9348 0.1525
vn -0.3593 -0.9180 0.1679
vn -0.0975 -0.9559 0.2770
vn 0.1092 -0.9714 0.2107
vn 0.2732 -0.9290 0.2498
vn 0.2108 -0.9537 0.2146
vn 0.3634 -0.9302 0.0508
vn 0.2895 -0.9429 0.1644
vn 0.3639 -0.9195 0.1487
vn -0.0234 0.9946 0.1014
vn 0.0196 0.9934 0.1134
vn 0.2884 0.8925 0.3469
vn -0.4103 0.8792 0.2423
vn -0.4102 0.8792 0.2423
vn -0.3790 0.8791 0.2891
vn -0.5124 0.8057 0.2972
vn 0.1056 0.9074 0.4067
vn 0.2884 0.8925 0.3468
vn -0.1210 0.9022 0.4140
vn -0.3553 0.8824 0.3085
vn 0.1056 0.9074 0.4068
vn 0.2970 0.8362 0.4611
vn 0.2574 0.8697 0.4212
vn 0.2812 0.8748 0.3944
vn 0.4105 0.8757 -0.2541
vn -0.2884 -0.8925 -0.3469
vn -0.0196 -0.9934 -0.1134
vn 0.0234 -0.9946 -0.1014
vn 0.4103 -0.8792 -0.2422
vn 0.5124 -0.8057 -0.2972
vn 0.3790 -0.8791 -0.2891
vn 0.4103 -0.8792 -0.2423
vn -0.1056 -0.9074 -0.4068
vn 0.3553 -0.8824 -0.3085
vn 0.1211 -0.9022 -0.4140
vn -0.2970 -0.8362 -0.4611
vn -0.2574 -0.8697 -0.4212
vn -0.2812 -0.8748 -0.3944
vn -0.4105 -0.8757 0.2541
vn -0.3823 0.8778 0.2887
vn -0.3120 0.9282 0.2028
vn -0.5911 0.7986 0.1136
vn -0.2112 0.8957 -0.3912
vn -0.2112 0.8958 -0.3911
vn -0.1485 0.9182 -0.3673
vn -0.2028 0.8424 -0.4992
vn -0.2692 0.9439 -0.1911
vn 0.0314 0.9414 -0.3360
vn -0.4409 0.8954 -0.0619
vn -0.4970 0.8649 0.0705
vn -0.5355 0.8443 0.0195
vn -0.5911 0.7986 0.1135
vn -0.5865 0.8093 0.0313
vn -0.7577 0.0783 -0.6479
vn 0.5911 -0.7986 -0.1136
vn 0.3120 -0.9282 -0.2028
vn 0.3823 -0.8778 -0.2887
vn 0.2112 -0.8957 0.3912
vn 0.2028 -0.8424 0.4992
vn 0.1485 -0.9182 0.3673
vn 0.2113 -0.8958 0.3911
vn -0.0314 -0.9414 0.3360
vn 0.2691 -0.9439 0.1911
vn 0.4416 -0.8950 0.0626
vn 0.4970 -0.8649 -0.0704
vn 0.5355 -0.8443 -0.0195
vn 0.5911 -0.7986 -0.1135
vn 0.5865 -0.8093 -0.0313
vn 0.7576 -0.0782 0.6480
vn -0.0780 0.8583 -0.5072
vn 0.3599 0.9270 0.1056
vn -0.3472 0.9050 0.2458
vn -0.3206 0.9032 0.2855
vn -0.3786 0.8781 0.2927
vn -0.1171 0.9414 0.3164
vn -0.2692 0.9013 0.3394
vn 0.0861 0.9590 0.2701
vn 0.2302 0.9328 0.2771
vn 0.2301 0.9205 0.3159
vn 0.3598 0.9270 0.1056
vn 0.3080 0.9202 0.2417
vn 0.3717 0.9273 0.0430
vn -0.3598 -0.9270 -0.1057
vn 0.0780 -0.8583 0.5072
vn 0.3472 -0.9050 -0.2458
vn 0.3786 -0.8781 -0.2927
vn 0.3206 -0.9032 -0.2855
vn 0.3471 -0.9051 -0.2458
vn 0.2692 -0.9013 -0.3394
vn 0.1171 -0.9414 -0.3164
vn -0.0861 -0.9590 -0.2701
vn -0.2303 -0.9328 -0.2771
vn -0.2301 -0.9205 -0.3159
vn -0.3598 -0.9270 -0.1056
vn -0.3080 -0.9202 -0.2417
vn -0.3717 -0.9273 -0.0430
vn -0.1094 0.8635 -0.4923
vn 0.4225 0.8997 0.1096
vn -0.2461 0.9062 0.3438
vn -0.2460 0.9063 0.3437
vn -0.2106 0.9168 0.3394
vn -0.2926 0.8505 0.4370
vn 0.0040 0.9562 0.2927
vn -0.1870 0.9276 0.3235
vn 0.1794 0.9516 0.2496
vn 0.3240 0.9289 0.1795
vn 0.3126 0.9142 0.2578
vn 0.4224 0.8997 0.1096
vn 0.3907 0.8870 0.2462
vn 0.4099 0.9097 -0.0664
vn -0.4226 -0.8997 -0.1095
vn 0.1094 -0.8635 0.4923
vn 0.2461 -0.9062 -0.3438
vn 0.2926 -0.8505 -0.4370
vn 0.2107 -0.9168 -0.3394
vn 0.2460 -0.9063 -0.3437
vn 0.1870 -0.9276 -0.3235
vn -0.0039 -0.9562 -0.2927
vn -0.1794 -0.9516 -0.2496
vn -0.3239 -0.9289 -0.1795
vn -0.3126 -0.9142 -0.2578
vn -0.4224 -0.8998 -0.1095
vn -0.3907 -0.8870 -0.2462
vn -0.4099 -0.9097 0.0664
vn 0.4484 0.8731 0.1911
vn 0.4483 0.8732 0.1910
vn -0.2891 0.9451 -0.1523
vn 0.1643 0.7428 -0.6490
vn 0.1642 0.7429 -0.6490
vn 0.1603 0.7821 -0.6022
vn 0.1525 0.6335 -0.7586
vn 0.0507 0.8780 -0.4760
vn 0.1799 0.8203 -0.5429
vn -0.1132 0.9136 -0.3905
vn -0.1601 0.9414 -0.2969
vn -0.2268 0.8954 -0.3832
vn -0.2890 0.9451 -0.1524
vn -0.3082 0.8973 -0.3160
vn -0.3751 0.8948 -0.2422
vn 0.2890 -0.9451 0.1524
vn -0.4484 -0.8731 -0.1912
vn -0.4483 -0.8732 -0.1910
vn -0.1642 -0.7429 0.6490
vn -0.1525 -0.6335 0.7586
vn -0.1603 -0.7821 0.6022
vn -0.1799 -0.8203 0.5429
vn -0.0507 -0.8780 0.4760
vn 0.1132 -0.9136 0.3905
vn 0.1601 -0.9414 0.2969
vn 0.2268 -0.8954 0.3832
vn 0.3082 -0.8973 0.3160
vn 0.3751 -0.8948 0.2422
vn -0.4485 0.7566 0.4758
vn -0.2932 0.9227 -0.2503
vn 0.3282 0.9378 0.1133
vn 0.3044 0.9443 0.1249
vn 0.4810 0.8721 0.0899
vn 0.1599 0.9866 -0.0312
vn 0.2735 0.9299 0.2461
vn -0.0117 0.9807 -0.1953
vn -0.1017 0.9468 -0.3052
vn -0.0663 0.9562 -0.2849
vn -0.2932 0.9227 -0.2502
vn -0.1680 0.9375 -0.3047
vn -0.4406 0.8890 -0.1248
vn 0.2932 -0.9227 0.2503
vn 0.4485 -0.7566 -0.4758
vn -0.3282 -0.9378 -0.1133
vn -0.4810 -0.8721 -0.0899
vn -0.3044 -0.9443 -0.1249
vn -0.2734 -0.9299 -0.2461
vn -0.1599 -0.9866 0.0313
vn 0.0117 -0.9807 0.1953
vn 0.1017 -0.9468 0.3052
vn 0.0664 -0.9563 0.2849
vn 0.2932 -0.9227 0.2502
vn 0.1680 -0.9375 0.3047
vn 0.4406 -0.8890 0.1248
vn -0.4964 0.8638 0.0860
vn 0.0274 0.9204 -0.3900
vn 0.2736 0.9221 0.2736
vn 0.2735 0.9222 0.2735
vn 0.3355 0.9051 0.2614
vn 0.3476 0.8826 0.3164
vn 0.3866 0.9216 0.0351
vn 0.3472 0.8935 0.2848
vn 0.2847 0.9438 -0.1677
vn 0.3316 0.8817 -0.3355
vn 0.2894 0.9073 -0.3050
vn 0.0273 0.9204 -0.3900
vn 0.1600 0.9210 -0.3551
vn 0.0704 0.9073 -0.4145
vn -0.0273 -0.9204 0.3900
vn 0.4964 -0.8638 -0.0860
vn -0.2736 -0.9222 -0.2735
vn -0.3476 -0.8826 -0.3164
vn -0.3355 -0.9051 -0.2613
vn -0.2735 -0.9222 -0.2735
vn -0.3472 -0.8935 -0.2848
vn -0.3866 -0.9216 -0.0351
vn -0.2847 -0.9438 0.1676
vn -0.3316 -0.8817 0.3355
vn -0.2894 -0.9073 0.3050
vn -0.0273 -0.9204 0.3899
vn -0.1600 -0.9210 0.3551
vn -0.0704 -0.9073 0.4145
vn 0.4808 0.8404 0.2502
vn -0.2653 0.9442 0.1950
vn -0.1288 0.9288 -0.3474
vn -0.1288 0.9289 -0.3473
vn -0.1369 0.9346 -0.3284
vn -0.1880 0.8648 -0.4656
vn -0.2152 0.9626 -0.1644
vn -0.0624 0.9441 -0.3238
vn -0.2691 0.9631 -0.0039
vn -0.3165 0.9418 0.1133
vn -0.3165 0.9454 0.0781
vn -0.3243 0.9377 0.1250
vn -0.2303 0.9445 0.2342
vn 0.2653 -0.9442 -0.1950
vn -0.4808 -0.8404 -0.2502
vn 0.1289 -0.9288 0.3474
vn 0.1880 -0.8648 0.4656
vn 0.1369 -0.9346 0.3284
vn 0.1288 -0.9289 0.3473
vn 0.0624 -0.9441 0.3238
vn 0.2152 -0.9626 0.1644
vn 0.2690 -0.9631 0.0039
vn 0.3165 -0.9418 -0.1133
vn 0.3164 -0.9454 -0.0781
vn 0.3243 -0.9377 -0.1250
vn 0.2303 -0.9445 -0.2342
vn -0.5428 0.8395 -0.0234
vn 0.0821 0.9184 -0.3870
vn 0.2185 0.9284 0.3004
vn 0.2185 0.9285 0.3004
vn 0.2772 0.9176 0.2850
vn 0.3046 0.8789 0.3671
vn 0.3552 0.9329 0.0585
vn 0.2855 0.9111 0.2972
vn 0.2778 0.9548 -0.1056
vn 0.2694 0.9290 -0.2537
vn 0.2886 0.9440 -0.1599
vn 0.0821 0.9185 -0.3869
vn 0.2696 0.9221 -0.2774
vn -0.3866 0.8201 -0.4218
vn -0.0821 -0.9184 0.3870
vn 0.5428 -0.8395 0.0234
vn -0.2185 -0.9284 -0.3005
vn -0.3045 -0.8790 -0.3670
vn -0.2772 -0.9176 -0.2850
vn -0.2184 -0.9285 -0.3003
vn -0.2855 -0.9111 -0.2972
vn -0.3552 -0.9329 -0.0586
vn -0.2778 -0.9548 0.1056
vn -0.2693 -0.9290 0.2537
vn -0.2887 -0.9440 0.1599
vn -0.0821 -0.9185 0.3869
vn -0.2696 -0.9221 0.2774
vn 0.3866 -0.8201 0.4218
vn 0.5039 0.7890 -0.3515
vn 0.2110 0.9105 0.3556
vn -0.3437 0.9177 -0.1992
vn -0.3436 0.9178 -0.1991
vn -0.3365 0.9272 -0.1643
vn -0.4453 0.8711 -0.2070
vn -0.2185 0.9757 0.0156
vn -0.3197 0.9398 -0.1210
vn -0.0938 0.9806 0.1719
vn -0.0000 0.9618 0.2736
vn -0.0820 0.9490 0.3046
vn 0.0234 0.9252 0.3787
vn 0.4643 0.8622 0.2029
vn -0.2110 -0.9105 -0.3556
vn -0.5039 -0.7890 0.3515
vn 0.3437 -0.9177 0.1992
vn 0.4453 -0.8711 0.2070
vn 0.3365 -0.9272 0.1643
vn 0.3436 -0.9178 0.1991
vn 0.3197 -0.9398 0.1210
vn 0.2185 -0.9757 -0.0156
vn 0.0938 -0.9806 -0.1719
vn -0.0000 -0.9618 -0.2736
vn 0.0820 -0.9489 -0.3046
vn -0.0234 -0.9252 -0.3787
vn -0.4643 -0.8622 -0.2029
vn 0.1599 0.8734 0.4601
vn -0.1054 0.9480 -0.3004
vn 0.6209 0.7302 -0.2850
vn 0.6208 0.7303 -0.2851
vn 0.5939 0.7580 -0.2696
vn 0.6747 0.6513 -0.3471
vn 0.4023 0.8633 -0.3047
vn 0.5702 0.7850 -0.2421
vn 0.1917 0.9115 -0.3638
vn 0.0429 0.9246 -0.3784
vn 0.0508 0.8995 -0.4340
vn -0.1053 0.9480 -0.3004
vn -0.0312 0.9098 -0.4139
vn -0.1604 0.9822 -0.0978
vn 0.1054 -0.9480 0.3004
vn -0.1599 -0.8734 -0.4601
vn -0.6209 -0.7302 0.2850
vn -0.6748 -0.6513 0.3471
vn -0.5939 -0.7580 0.2696
vn -0.6209 -0.7302 0.2851
vn -0.5702 -0.7850 0.2421
vn -0.4023 -0.8633 0.3047
vn -0.1917 -0.9115 0.3638
vn -0.0429 -0.9246 0.3784
vn -0.0508 -0.8994 0.4341
vn 0.1053 -0.9480 0.3004
vn 0.0312 -0.9098 0.4139
vn 0.1604 -0.9822 0.0978
vn -0.1093 0.9523 0.2849
vn -0.0665 0.7509 0.6570
vn -0.4962 0.8675 0.0351
vn -0.4962 0.8675 0.0352
vn -0.4564 0.8856 0.0858
vn -0.5912 0.8064 -0.0117
vn -0.3434 0.9054 0.2498
vn -0.4340 0.8758 0.2112
vn -0.2769 0.8579 0.4328
vn -0.2230 0.8218 0.5244
vn -0.2736 0.7503 0.6018
vn -0.1798 0.7428 0.6450
vn 0.1014 0.7840 0.6124
vn 0.0665 -0.7509 -0.6570
vn 0.1093 -0.9523 -0.2849
vn 0.4962 -0.8675 -0.0352
vn 0.5912 -0.8064 0.0117
vn 0.4565 -0.8856 -0.0858
vn 0.4340 -0.8758 -0.2112
vn 0.3434 -0.9054 -0.2498
vn 0.2769 -0.8579 -0.4328
vn 0.2230 -0.8218 -0.5243
vn 0.2736 -0.7503 -0.6018
vn 0.1799 -0.7427 -0.6450
vn -0.1014 -0.7840 -0.6124
vn 0.2379 0.9710 -0.0233
vn 0.2305 0.9730 -0.0078
vn 0.3357 0.8940 -0.2967
vn 0.2814 0.8326 0.4770
vn 0.2815 0.8327 0.4769
vn 0.3480 0.8094 0.4731
vn 0.3204 0.7815 0.5353
vn 0.4498 0.8409 0.3011
vn 0.3943 0.7884 0.4722
vn 0.4492 0.8906 0.0704
vn 0.4804 0.8748 -0.0625
vn 0.5276 0.8482 -0.0469
vn 0.4681 0.8660 -0.1755
vn 0.1994 0.9190 -0.3402
vn -0.3357 -0.8940 0.2967
vn -0.2306 -0.9730 0.0078
vn -0.2379 -0.9710 0.0234
vn -0.2814 -0.8326 -0.4770
vn -0.3204 -0.7815 -0.5353
vn -0.3480 -0.8093 -0.4731
vn -0.2815 -0.8327 -0.4769
vn -0.3943 -0.7884 -0.4722
vn -0.4498 -0.8408 -0.3012
vn -0.4492 -0.8906 -0.0704
vn -0.4804 -0.8748 0.0625
vn -0.5276 -0.8482 0.0468
vn -0.4681 -0.8660 0.1756
vn -0.1994 -0.9190 0.3402
vn -0.0469 0.9691 0.2423
vn 0.0938 0.7778 0.6214
vn -0.4573 0.8755 0.1563
vn -0.4561 0.8763 0.1551
vn -0.4647 0.8748 0.1367
vn -0.5001 0.8517 0.1567
vn -0.3244 0.8913 0.3167
vn -0.4610 0.8868 0.0313
vn -0.1683 0.8491 0.5008
vn 0.0079 0.7948 0.6069
vn -0.0469 0.7785 0.6259
vn 0.0938 0.7778 0.6215
vn -0.0000 0.7487 0.6629
vn 0.2856 0.8333 0.4734
vn -0.0938 -0.7778 -0.6214
vn 0.0469 -0.9691 -0.2423
vn 0.4573 -0.8755 -0.1563
vn 0.5001 -0.8517 -0.1567
vn 0.4648 -0.8748 -0.1367
vn 0.4572 -0.8755 -0.1564
vn 0.4610 -0.8868 -0.0313
vn 0.3244 -0.8913 -0.3167
vn 0.1683 -0.8491 -0.5008
vn -0.0079 -0.7948 -0.6069
vn 0.0470 -0.7785 -0.6259
vn -0.0000 -0.7487 -0.6629
vn -0.2856 -0.8333 -0.4734
vn -0.1133 0.9884 -0.1016
vn -0.1054 0.9875 -0.1171
vn -0.3206 0.8913 0.3205
vn -0.2692 0.8661 -0.4213
vn -0.2736 0.8952 -0.3518
vn -0.3354 0.7839 -0.5226
vn -0.3002 0.9397 -0.1638
vn -0.3052 0.9155 -0.2621
vn -0.3442 0.9389 0.0078
vn -0.3751 0.9222 0.0938
vn -0.4530 0.8866 0.0937
vn -0.4183 0.8835 0.2111
vn -0.3670 0.8705 0.3279
vn 0.3206 -0.8913 -0.3205
vn 0.1054 -0.9875 0.1171
vn 0.1133 -0.9884 0.1016
vn 0.2692 -0.8661 0.4213
vn 0.3354 -0.7839 0.5226
vn 0.2736 -0.8952 0.3518
vn 0.3051 -0.9155 0.2621
vn 0.3002 -0.9397 0.1638
vn 0.3442 -0.9389 -0.0078
vn 0.3751 -0.9222 -0.0938
vn 0.4531 -0.8865 -0.0938
vn 0.3206 -0.8914 -0.3205
vn 0.4183 -0.8835 -0.2111
vn 0.3670 -0.8705 -0.3279
vn 0.0937 0.9956 -0.0000
vn 0.0469 0.9974 -0.0548
vn -0.1447 0.9306 -0.3362
vn 0.3713 0.9225 -0.1055
vn 0.4099 0.9018 -0.1366
vn 0.5659 0.8196 -0.0898
vn 0.4017 0.8581 -0.3198
vn 0.3434 0.9366 0.0703
vn 0.2270 0.8883 -0.3992
vn 0.2895 0.7982 -0.5282
vn 0.2383 0.8671 -0.4375
vn -0.1446 0.9306 -0.3362
vn 0.0391 0.9214 -0.3865
vn -0.3908 0.9028 -0.1798
vn 0.1447 -0.9306 0.3363
vn -0.0469 -0.9974 0.0548
vn -0.0937 -0.9956 -0.0000
vn -0.3713 -0.9225 0.1055
vn -0.5659 -0.8196 0.0898
vn -0.4099 -0.9018 0.1367
vn -0.3434 -0.9366 -0.0703
vn -0.4017 -0.8581 0.3198
vn -0.2270 -0.8883 0.3992
vn -0.2895 -0.7982 0.5282
vn -0.2383 -0.8671 0.4375
vn 0.1447 -0.9306 0.3362
vn -0.0391 -0.9215 0.3865
vn 0.3908 -0.9028 0.1798
vn -0.0274 0.9990 -0.0351
vn -0.0352 0.9985 -0.0429
vn -0.2691 0.8969 -0.3510
vn 0.3713 0.9109 -0.1799
vn 0.3714 0.9109 -0.1798
vn 0.4136 0.8857 -0.2107
vn 0.4841 0.8472 -0.2187
vn 0.2885 0.8655 -0.4094
vn 0.4607 0.8863 -0.0468
vn 0.0625 0.8935 -0.4447
vn -0.0312 0.8346 -0.5499
vn 0.0391 0.8882 -0.4577
vn -0.2690 0.8969 -0.3509
vn -0.1016 0.8914 -0.4418
vn -0.2812 0.8866 -0.3671
vn 0.2691 -0.8969 0.3510
vn 0.0351 -0.9985 0.0429
vn 0.0274 -0.9990 0.0352
vn -0.3714 -0.9109 0.1798
vn -0.4841 -0.8472 0.2187
vn -0.4136 -0.8857 0.2107
vn -0.4607 -0.8863 0.0469
vn -0.2885 -0.8655 0.4094
vn -0.0625 -0.8935 0.4447
vn 0.0312 -0.8346 0.5499
vn -0.0391 -0.8882 0.4578
vn 0.2690 -0.8969 0.3510
vn 0.1016 -0.8914 0.4418
vn 0.2812 -0.8866 0.3671
vn 0.0821 0.9887 0.1251
vn 0.5043 0.8561 0.1134
vn -0.1326 0.8737 0.4680
vn -0.1132 0.8823 0.4568
vn -0.1406 0.8591 0.4920
vn 0.0625 0.9327 0.3551
vn -0.0273 0.8853 0.4641
vn 0.2617 0.9220 0.2852
vn 0.3980 0.9053 0.1483
vn 0.4484 0.8616 0.2378
vn 0.5042 0.8561 0.1134
vn 0.5083 0.8329 0.2190
vn 0.4290 0.8971 -0.1053
vn -0.5043 -0.8561 -0.1134
vn -0.0821 -0.9887 -0.1251
vn 0.1326 -0.8737 -0.4680
vn 0.1406 -0.8591 -0.4920
vn 0.1132 -0.8823 -0.4568
vn 0.0273 -0.8853 -0.4641
vn -0.0625 -0.9327 -0.3551
vn -0.2617 -0.9220 -0.2852
vn -0.3980 -0.9053 -0.1483
vn -0.4484 -0.8616 -0.2378
vn -0.5042 -0.8561 -0.1134
vn -0.5083 -0.8329 -0.2190
vn -0.4291 -0.8971 0.1053
vn 0.1446 0.9886 0.0430
vn 0.1288 0.9917 -0.0000
vn 0.1213 0.9156 -0.3834
vn 0.4610 0.8714 0.1680
vn 0.4610 0.8713 0.1680
vn 0.4963 0.8597 0.1211
vn 0.5357 0.8251 0.1799
vn 0.4720 0.8778 -0.0820
vn 0.5126 0.8530 0.0978
vn 0.3244 0.9184 -0.2266
vn 0.3010 0.8680 -0.3949
vn 0.2816 0.8957 -0.3442
vn 0.1953 0.9062 -0.3750
vn 0.4811 0.7196 -0.5006
vn -0.1213 -0.9156 0.3835
vn -0.1288 -0.9917 -0.0000
vn -0.1446 -0.9886 -0.0430
vn -0.4610 -0.8714 -0.1680
vn -0.5357 -0.8251 -0.1799
vn -0.4963 -0.8597 -0.1212
vn -0.4610 -0.8713 -0.1680
vn -0.5126 -0.8530 -0.0978
vn -0.4720 -0.8778 0.0820
vn -0.3244 -0.9184 0.2266
vn -0.3010 -0.8680 0.3949
vn -0.2816 -0.8957 0.3442
vn -0.1213 -0.9156 0.3834
vn -0.1953 -0.9062 0.3750
vn -0.4811 -0.7196 0.5006
vn 0.0547 0.9760 0.2108
vn 0.4176 0.8313 0.3669
vn -0.3318 0.8588 0.3903
vn -0.3318 0.8588 0.3904
vn -0.3209 0.8571 0.4031
vn -0.3910 0.8122 0.4330
vn -0.1132 0.8863 0.4490
vn -0.3082 0.8623 0.4019
vn 0.1328 0.8753 0.4650
vn 0.2888 0.8393 0.4606
vn 0.2853 0.8128 0.5079
vn 0.3560 0.8058 0.4733
vn 0.4650 0.8635 0.1953
vn -0.4176 -0.8313 -0.3668
vn -0.0546 -0.9760 -0.2108
vn -0.0547 -0.9760 -0.2108
vn 0.3318 -0.8588 -0.3904
vn 0.3906 -0.8122 -0.4333
vn 0.3209 -0.8571 -0.4031
vn 0.3317 -0.8588 -0.3903
vn 0.3082 -0.8623 -0.4019
vn 0.1132 -0.8863 -0.4490
vn -0.1328 -0.8753 -0.4650
vn -0.2887 -0.8393 -0.4606
vn -0.2853 -0.8128 -0.5079
vn -0.4176 -0.8313 -0.3669
vn -0.3560 -0.8058 -0.4733
vn -0.4650 -0.8635 -0.1953
vn 0.5088 0.7240 -0.4657
vn 0.3865 0.8784 0.2811
vn -0.2536 0.9519 -0.1717
vn -0.2536 0.9520 -0.1716
vn -0.3588 0.9322 -0.0468
vn -0.3402 0.9266 -0.1603
vn -0.3280 0.9217 0.2070
vn -0.4374 0.8982 0.0429
vn -0.0819 0.9586 0.2727
vn -0.0702 0.9006 0.4289
vn -0.0665 0.9195 0.3874
vn 0.1600 0.9210 0.3551
vn 0.6060 0.7936 0.0547
vn -0.3865 -0.8784 -0.2812
vn -0.5088 -0.7240 0.4657
vn 0.2536 -0.9520 0.1716
vn 0.3402 -0.9266 0.1603
vn 0.3588 -0.9322 0.0468
vn 0.2535 -0.9520 0.1716
vn 0.4374 -0.8982 -0.0429
vn 0.3280 -0.9217 -0.2070
vn 0.0818 -0.9586 -0.2727
vn 0.0702 -0.9006 -0.4289
vn 0.0665 -0.9195 -0.3874
vn -0.3865 -0.8784 -0.2811
vn -0.1600 -0.9210 -0.3552
vn -0.6060 -0.7936 -0.0547
vn 0.1366 0.7063 -0.6946
vn 0.4219 0.9062 -0.0273
vn -0.3080 0.9513 -0.0077
vn -0.3080 0.9514 -0.0078
vn -0.2853 0.9535 0.0977
vn -0.3873 0.9193 0.0704
vn -0.1248 0.9678 0.2186
vn -0.2661 0.9470 0.1800
vn 0.0704 0.9852 0.1564
vn 0.1525 0.9540 0.2581
vn 0.1405 0.9600 0.2421
vn 0.4218 0.9063 -0.0273
vn 0.2928 0.9485 0.1210
vn 0.4603 0.8778 -0.1327
vn -0.4219 -0.9062 0.0273
vn -0.1366 -0.7063 0.6946
vn 0.3080 -0.9513 0.0077
vn 0.3873 -0.9193 -0.0704
vn 0.2853 -0.9535 -0.0977
vn 0.3080 -0.9514 0.0078
vn 0.2661 -0.9470 -0.1800
vn 0.1249 -0.9678 -0.2185
vn -0.0703 -0.9852 -0.1564
vn -0.1525 -0.9540 -0.2581
vn -0.1405 -0.9600 -0.2420
vn -0.4218 -0.9063 0.0273
vn -0.2927 -0.9485 -0.1210
vn -0.4603 -0.8778 0.1327
vn -0.3361 0.9301 -0.1485
vn -0.1486 0.9852 0.0860
vn -0.5144 0.7599 -0.3975
vn 0.1486 -0.9852 -0.0860
vn 0.3361 -0.9301 0.1485
vn 0.5144 -0.7599 0.3975
vn 0.4336 0.7040 0.5625
vn -0.2420 0.9132 0.3278
vn 0.2502 0.9422 -0.2229
vn 0.2502 0.9422 -0.2228
vn 0.1368 0.9374 -0.3203
vn 0.2502 0.9149 -0.3167
vn -0.1094 0.9487 -0.2967
vn 0.0156 0.9172 -0.3981
vn -0.1600 0.9837 -0.0820
vn -0.3048 0.9498 -0.0704
vn -0.2538 0.9644 -0.0742
vn -0.2419 0.9133 0.3278
vn -0.2728 0.9549 0.1169
vn 0.2420 -0.9132 -0.3278
vn -0.4336 -0.7040 -0.5625
vn -0.2502 -0.9422 0.2229
vn -0.2502 -0.9149 0.3167
vn -0.1367 -0.9374 0.3203
vn -0.2502 -0.9422 0.2228
vn -0.0156 -0.9172 0.3981
vn 0.1093 -0.9487 0.2967
vn 0.1600 -0.9837 0.0820
vn 0.3048 -0.9498 0.0704
vn 0.2537 -0.9644 0.0741
vn 0.2419 -0.9133 -0.3278
vn 0.2728 -0.9549 -0.1169
vn -0.6788 0.7022 0.2146
vn -0.1835 0.9180 -0.3516
vn 0.1445 0.9451 0.2929
vn 0.1445 0.9452 0.2929
vn 0.2065 0.9430 0.2611
vn 0.2187 0.9217 0.3202
vn 0.2222 0.9744 0.0351
vn 0.2456 0.9397 0.2379
vn 0.0858 0.9834 -0.1600
vn 0.1133 0.9336 -0.3398
vn 0.0742 0.9484 -0.3084
vn -0.1836 0.9180 -0.3515
vn -0.0548 0.9387 -0.3403
vn -0.3286 0.8840 -0.3325
vn 0.1836 -0.9180 0.3516
vn 0.6788 -0.7022 -0.2146
vn -0.1445 -0.9452 -0.2929
vn -0.2187 -0.9217 -0.3202
vn -0.2066 -0.9430 -0.2611
vn -0.2456 -0.9397 -0.2379
vn -0.2221 -0.9744 -0.0351
vn -0.0859 -0.9834 0.1600
vn -0.1133 -0.9336 0.3398
vn -0.0742 -0.9484 0.3083
vn 0.1836 -0.9180 0.3515
vn 0.0548 -0.9387 0.3403
vn 0.3286 -0.8840 0.3325
vn -0.1406 0.7616 0.6327
vn -0.3708 0.9213 -0.1172
vn 0.3163 0.9448 -0.0859
vn 0.3162 0.9448 -0.0859
vn 0.3365 0.9194 -0.2034
vn 0.4255 0.8862 -0.1835
vn 0.1053 0.9130 -0.3941
vn 0.4376 0.8868 -0.1485
vn -0.1210 0.9485 -0.2927
vn -0.2811 0.8784 -0.3865
vn -0.2068 0.9406 -0.2693
vn -0.3708 0.9213 -0.1171
vn -0.2973 0.9311 -0.2112
vn -0.4342 0.8998 0.0430
vn 0.3709 -0.9213 0.1171
vn 0.1406 -0.7616 -0.6327
vn -0.3163 -0.9448 0.0859
vn -0.4255 -0.8862 0.1835
vn -0.3365 -0.9194 0.2034
vn -0.3162 -0.9448 0.0859
vn -0.4376 -0.8868 0.1484
vn -0.1053 -0.9130 0.3941
vn 0.1210 -0.9485 0.2927
vn 0.2811 -0.8784 0.3865
vn 0.2069 -0.9406 0.2693
vn 0.3708 -0.9213 0.1171
vn 0.2973 -0.9311 0.2113
vn 0.4342 -0.8998 -0.0430
vn -0.5277 0.8326 0.1681
vn -0.2497 0.9324 0.2614
vn -0.7800 0.6240 0.0468
vn 0.2497 -0.9324 -0.2614
vn 0.5277 -0.8326 -0.1681
vn 0.7800 -0.6240 -0.0468
vn -0.3247 0.7627 -0.5593
vn 0.3435 0.9211 -0.1834
vn -0.2303 0.9292 0.2890
vn -0.2303 0.9292 0.2889
vn -0.1407 0.9224 0.3596
vn -0.2379 0.9010 0.3627
vn 0.0978 0.9461 0.3088
vn -0.0351 0.9097 0.4138
vn 0.2302 0.9678 0.1015
vn 0.4211 0.9046 0.0663
vn 0.3434 0.9211 -0.1834
vn 0.2897 0.9003 -0.3249
vn 0.3671 0.9258 -0.0899
vn 0.3867 0.9219 0.0234
vn -0.3435 -0.9211 0.1834
vn 0.3247 -0.7627 0.5593
vn 0.2303 -0.9292 -0.2890
vn 0.2379 -0.9010 -0.3627
vn 0.1407 -0.9224 -0.3596
vn 0.2303 -0.9292 -0.2889
vn 0.0351 -0.9097 -0.4138
vn -0.0978 -0.9461 -0.3088
vn -0.2302 -0.9678 -0.1015
vn -0.4211 -0.9046 -0.0663
vn -0.3434 -0.9211 0.1834
vn -0.3672 -0.9258 0.0898
vn -0.2897 -0.9003 0.3249
vn -0.3867 -0.9219 -0.0234
vn 0.0701 0.9956 -0.0625
vn 0.0703 0.9956 -0.0625
vn 0.0704 0.9956 -0.0625
vn -0.0703 -0.9956 0.0625
vn -0.0701 -0.9956 0.0625
vn -0.2892 0.9534 -0.0859
vn -0.2892 0.9534 -0.0860
vn 0.2892 -0.9534 0.0860
vn -0.0936 0.9786 -0.1833
vn -0.0936 0.9786 -0.1832
vn -0.2304 0.9686 0.0937
vn 0.0703 0.8785 -0.4725
vn 0.2304 -0.9686 -0.0937
vn 0.0936 -0.9786 0.1832
vn -0.0703 -0.8785 0.4725
vn 0.0507 0.9832 -0.1756
vn -0.2497 0.9597 -0.1287
vn 0.3898 0.8965 -0.2105
vn 0.2497 -0.9597 0.1287
vn -0.0507 -0.9832 0.1756
vn -0.3898 -0.8965 0.2105
vn -0.0351 0.9877 0.1523
vn 0.0156 0.9876 0.1561
vn -0.0353 0.9877 0.1523
vn -0.0899 0.9848 0.1485
vn 0.0352 -0.9877 -0.1523
vn -0.0156 -0.9876 -0.1561
vn 0.0351 -0.9877 -0.1523
vn 0.0899 -0.9848 -0.1485
vn -0.1991 0.9765 -0.0820
vn -0.2187 0.9730 -0.0743
vn -0.1992 0.9765 -0.0820
vn -0.1834 0.9793 -0.0859
vn 0.1992 -0.9765 0.0820
vn 0.2187 -0.9730 0.0743
vn 0.1991 -0.9765 0.0820
vn 0.1834 -0.9793 0.0859
vn 0.1911 0.9750 0.1131
vn 0.1911 0.9750 0.1132
vn 0.1957 0.9741 0.1135
vn -0.1911 -0.9750 -0.1131
vn -0.1911 -0.9750 -0.1132
vn -0.1957 -0.9741 -0.1135
vn -0.1797 0.9573 0.2266
vn -0.1798 0.9573 0.2266
vn 0.1797 -0.9573 -0.2266
vn 0.1798 -0.9572 -0.2266
vn 0.1798 -0.9573 -0.2265
vn 0.1994 0.9578 -0.2072
vn 0.1995 0.9585 -0.2034
vn 0.1995 0.9577 -0.2073
vn 0.1992 0.9570 -0.2110
vn -0.1994 -0.9578 0.2072
vn -0.1995 -0.9585 0.2034
vn -0.1992 -0.9570 0.2110
vn 0.0273 0.7185 0.6950
vn -0.3752 0.9263 0.0351
vn 0.3715 0.9152 -0.1565
vn 0.3715 0.9152 -0.1564
vn 0.3665 0.9045 -0.2183
vn 0.4414 0.8594 -0.2579
vn 0.1209 0.9485 -0.2928
vn 0.4255 0.8861 -0.1835
vn -0.1406 0.9690 -0.2032
vn -0.3277 0.9090 -0.2575
vn -0.2846 0.9394 -0.1910
vn -0.3752 0.9263 0.0352
vn -0.3361 0.9379 -0.0860
vn -0.3947 0.8597 0.3243
vn 0.3752 -0.9263 -0.0351
vn -0.0273 -0.7185 -0.6950
vn -0.3715 -0.9151 0.1565
vn -0.4415 -0.8594 0.2578
vn -0.3665 -0.9044 0.2183
vn -0.3715 -0.9152 0.1564
vn -0.4255 -0.8861 0.1835
vn -0.1209 -0.9485 0.2928
vn 0.1406 -0.9690 0.2032
vn 0.3277 -0.9090 0.2575
vn 0.2845 -0.9394 0.1910
vn 0.3361 -0.9379 0.0860
vn 0.3947 -0.8597 -0.3243
vn 0.6297 0.7040 0.3285
vn -0.0858 0.9084 0.4093
vn 0.0547 0.9580 -0.2815
vn -0.0508 0.9535 -0.2970
vn -0.0157 0.9029 -0.4296
vn -0.2771 0.9481 -0.1560
vn -0.0547 0.9445 -0.3240
vn -0.2224 0.9715 0.0819
vn -0.3949 0.9072 0.1447
vn -0.2304 0.9645 0.1289
vn -0.1643 0.9465 0.2777
vn 0.1525 0.8095 0.5670
vn 0.0858 -0.9083 -0.4094
vn -0.6297 -0.7040 -0.3285
vn -0.0548 -0.9580 0.2816
vn 0.0157 -0.9028 0.4297
vn 0.0508 -0.9535 0.2970
vn -0.0547 -0.9580 0.2815
vn 0.0545 -0.9446 0.3237
vn 0.2771 -0.9481 0.1560
vn 0.2224 -0.9715 -0.0819
vn 0.3949 -0.9072 -0.1447
vn 0.2304 -0.9645 -0.1289
vn 0.0858 -0.9084 -0.4093
vn 0.1643 -0.9465 -0.2777
vn -0.1525 -0.8095 -0.5670
vn 0.2148 0.9766 0.0078
vn 0.1833 0.9826 0.0312
vn 0.2462 0.9690 -0.0196
vn -0.2148 -0.9766 -0.0078
vn -0.1833 -0.9826 -0.0312
vn -0.2462 -0.9690 0.0195
vn 0.2148 0.9647 0.1523
vn 0.1328 0.9806 -0.1445
vn 0.2811 0.8354 0.4724
vn -0.1328 -0.9806 0.1445
vn -0.2148 -0.9647 -0.1523
vn -0.2811 -0.8354 -0.4724
vn 0.1719 0.9847 0.0274
vn 0.1719 0.9847 0.0273
vn 0.2971 0.9225 -0.2463
vn 0.0117 0.9430 0.3326
vn -0.2971 -0.9225 0.2463
vn -0.1719 -0.9847 -0.0274
vn -0.1719 -0.9847 -0.0273
vn -0.0117 -0.9430 -0.3326
vn 0.2227 0.9260 -0.3048
vn -0.0781 0.8940 -0.4412
vn 0.5941 0.8013 -0.0704
vn 0.0781 -0.8940 0.4412
vn -0.2227 -0.9260 0.3048
vn -0.5941 -0.8013 0.0704
vn 0.5039 0.8632 0.0313
vn 0.4681 0.8075 0.3589
vn 0.4731 0.8094 -0.3480
vn -0.4681 -0.8075 -0.3589
vn -0.5039 -0.8632 -0.0312
vn -0.5039 -0.8632 -0.0313
vn -0.4731 -0.8094 0.3480
vn -0.0468 0.9291 0.3670
vn -0.0468 0.9291 0.3669
vn -0.2965 0.9365 0.1873
vn 0.2389 0.8145 0.5286
vn 0.2965 -0.9365 -0.1873
vn 0.0468 -0.9291 -0.3669
vn 0.0468 -0.9291 -0.3670
vn -0.2389 -0.8145 -0.5286
vn 0.0898 0.8746 -0.4764
vn -0.1793 0.9235 -0.3391
vn 0.4022 0.7068 -0.5819
vn 0.1793 -0.9235 0.3390
vn -0.0898 -0.8746 0.4764
vn -0.4022 -0.7068 0.5819
vn -0.0936 0.9947 -0.0429
vn -0.1173 0.9931 -0.0000
vn -0.3902 0.8935 0.2224
vn -0.1680 0.8794 -0.4455
vn -0.1681 0.8794 -0.4455
vn -0.2189 0.8797 -0.4222
vn -0.2034 0.8061 -0.5557
vn -0.4186 0.9076 0.0313
vn -0.3866 0.9022 -0.1914
vn -0.2422 0.8829 -0.4023
vn -0.5075 0.8354 0.2108
vn -0.4567 0.8705 0.1835
vn -0.4375 0.8750 0.2070
vn 0.1797 0.8751 0.4493
vn 0.3902 -0.8935 -0.2224
vn 0.1173 -0.9931 -0.0000
vn 0.0936 -0.9947 0.0429
vn 0.1680 -0.8794 0.4455
vn 0.2034 -0.8061 0.5557
vn 0.2189 -0.8797 0.4222
vn 0.1681 -0.8794 0.4455
vn 0.4186 -0.9076 -0.0313
vn 0.2423 -0.8829 0.4023
vn 0.3867 -0.9022 0.1913
vn 0.5075 -0.8354 -0.2108
vn 0.4567 -0.8705 -0.1835
vn 0.4375 -0.8750 -0.2070
vn -0.1797 -0.8751 -0.4493
vn -0.2186 0.8782 -0.4254
vn -0.1445 0.9294 -0.3397
vn -0.0118 0.7981 -0.6024
vn 0.4226 0.8959 -0.1369
vn 0.4225 0.8960 -0.1369
vn 0.3869 0.9185 -0.0821
vn 0.5264 0.8422 -0.1170
vn 0.2342 0.9445 -0.2303
vn 0.3246 0.9416 0.0900
vn 0.1370 0.8959 -0.4225
vn 0.0156 0.8635 -0.5040
vn 0.0742 0.8439 -0.5313
vn -0.0117 0.7981 -0.6025
vn 0.0703 0.8077 -0.5853
vn 0.7700 0.0782 -0.6332
vn 0.0118 -0.7981 0.6025
vn 0.1445 -0.9294 0.3397
vn 0.2185 -0.8782 0.4254
vn -0.4226 -0.8959 0.1369
vn -0.5264 -0.8422 0.1170
vn -0.3870 -0.9184 0.0821
vn -0.4225 -0.8960 0.1370
vn -0.3246 -0.9416 -0.0900
vn -0.2342 -0.9445 0.2303
vn -0.1370 -0.8960 0.4225
vn -0.0156 -0.8635 0.5041
vn -0.0742 -0.8439 0.5313
vn 0.0117 -0.7981 0.6025
vn -0.0703 -0.8077 0.5853
vn -0.7700 -0.0782 0.6332
vn 0.5145 0.8574 0.0117
vn -0.1682 0.9266 0.3362
vn -0.1795 0.9048 -0.3861
vn -0.1794 0.9049 -0.3861
vn -0.2269 0.9034 -0.3638
vn -0.2223 0.8775 -0.4250
vn -0.2927 0.9407 -0.1717
vn -0.2887 0.9010 -0.3237
vn -0.2817 0.9587 0.0391
vn -0.3160 0.9324 0.1756
vn -0.3510 0.9205 0.1716
vn -0.1681 0.9267 0.3362
vn -0.2924 0.9200 0.2612
vn -0.1056 0.9270 0.3599
vn 0.1681 -0.9266 -0.3363
vn -0.5145 -0.8574 -0.0117
vn 0.1795 -0.9048 0.3861
vn 0.2223 -0.8775 0.4250
vn 0.2269 -0.9034 0.3638
vn 0.1794 -0.9049 0.3861
vn 0.2887 -0.9010 0.3237
vn 0.2927 -0.9407 0.1717
vn 0.2817 -0.9587 -0.0391
vn 0.3159 -0.9324 -0.1756
vn 0.3510 -0.9205 -0.1716
vn 0.1681 -0.9267 -0.3362
vn 0.2924 -0.9199 -0.2612
vn 0.1056 -0.9270 -0.3599
vn 0.5040 0.8634 -0.0234
vn -0.1840 0.9000 0.3952
vn -0.2934 0.9073 -0.3011
vn -0.2933 0.9074 -0.3011
vn -0.2964 0.9164 -0.2691
vn -0.3783 0.8500 -0.3665
vn -0.2924 0.9552 -0.0467
vn -0.2848 0.9286 -0.2380
vn -0.2769 0.9517 0.1326
vn -0.2344 0.9294 0.2851
vn -0.3084 0.9135 0.2654
vn -0.1839 0.9000 0.3952
vn -0.3086 0.8869 0.3438
vn -0.0039 0.9102 0.4141
vn 0.1840 -0.9000 -0.3952
vn -0.5040 -0.8634 0.0234
vn 0.2934 -0.9073 0.3012
vn 0.3783 -0.8500 0.3665
vn 0.2964 -0.9164 0.2691
vn 0.2933 -0.9074 0.3011
vn 0.2848 -0.9286 0.2379
vn 0.2924 -0.9552 0.0468
vn 0.2769 -0.9517 -0.1326
vn 0.2344 -0.9294 -0.2851
vn 0.3084 -0.9135 -0.2655
vn 0.1839 -0.9000 -0.3952
vn 0.3086 -0.8869 -0.3438
vn 0.0039 -0.9102 -0.4141
vn -0.2655 0.8745 0.4060
vn 0.1993 0.9454 -0.2579
vn 0.6103 0.7433 0.2739
vn 0.6103 0.7433 0.2738
vn 0.5665 0.7814 0.2618
vn 0.7220 0.6323 0.2809
vn 0.4603 0.8778 0.1326
vn 0.5035 0.8197 0.2731
vn 0.4025 0.9144 -0.0429
vn 0.3203 0.9414 -0.1055
vn 0.4181 0.8948 -0.1563
vn 0.1993 0.9454 -0.2578
vn 0.3630 0.8977 -0.2498
vn 0.3010 0.8953 -0.3284
vn -0.1993 -0.9454 0.2579
vn 0.2655 -0.8745 -0.4060
vn -0.6103 -0.7434 -0.2738
vn -0.7220 -0.6323 -0.2809
vn -0.5665 -0.7814 -0.2618
vn -0.5035 -0.8197 -0.2731
vn -0.4604 -0.8778 -0.1327
vn -0.4025 -0.9144 0.0430
vn -0.3203 -0.9414 0.1055
vn -0.4181 -0.8948 0.1563
vn -0.1993 -0.9454 0.2578
vn -0.3630 -0.8977 0.2498
vn -0.3010 -0.8953 0.3284
vn -0.3904 0.7575 -0.5232
vn -0.3905 0.7575 -0.5232
vn -0.1680 0.9375 0.3048
vn -0.1680 0.9375 0.3047
vn -0.1757 0.9446 0.2772
vn -0.1721 0.8724 0.4576
vn 0.0039 0.9871 0.1599
vn -0.2892 0.9300 0.2267
vn 0.1953 0.9805 0.0235
vn 0.3206 0.9461 -0.0469
vn 0.2927 0.9561 -0.0156
vn 0.2971 0.9226 -0.2462
vn 0.3283 0.9382 -0.1095
vn 0.1991 0.8901 -0.4099
vn -0.2972 -0.9225 0.2463
vn 0.3905 -0.7575 0.5232
vn 0.1680 -0.9375 -0.3048
vn 0.1721 -0.8723 -0.4576
vn 0.1757 -0.9446 -0.2771
vn 0.1679 -0.9375 -0.3046
vn 0.2892 -0.9300 -0.2267
vn -0.0039 -0.9871 -0.1600
vn -0.1953 -0.9805 -0.0235
vn -0.3206 -0.9461 0.0469
vn -0.2927 -0.9561 0.0156
vn -0.2971 -0.9226 0.2462
vn -0.3284 -0.9382 0.1095
vn -0.1991 -0.8901 0.4099
vn -0.0000 0.8637 -0.5041
vn -0.0000 0.8636 -0.5041
vn 0.3785 0.9209 0.0937
vn -0.3165 0.9221 0.2227
vn -0.3160 0.9050 0.2848
vn -0.3714 0.8835 0.2854
vn -0.1015 0.9215 0.3749
vn -0.3396 0.8939 0.2928
vn 0.1170 0.9441 0.3082
vn 0.2694 0.8821 0.3864
vn 0.2504 0.9078 0.3365
vn 0.3784 0.9209 0.0937
vn 0.3203 0.9217 0.2187
vn 0.3952 0.9077 0.1409
vn -0.3785 -0.9208 -0.0936
vn -0.0000 -0.8636 0.5041
vn -0.0000 -0.8637 0.5041
vn 0.3164 -0.9221 -0.2228
vn 0.3714 -0.8835 -0.2854
vn 0.3160 -0.9050 -0.2848
vn 0.3164 -0.9221 -0.2227
vn 0.3396 -0.8939 -0.2928
vn 0.1015 -0.9215 -0.3749
vn -0.1170 -0.9441 -0.3082
vn -0.2693 -0.8821 -0.3864
vn -0.2504 -0.9078 -0.3365
vn -0.3784 -0.9209 -0.0937
vn -0.3203 -0.9217 -0.2187
vn -0.3952 -0.9077 -0.1409
vn -0.3285 0.8408 0.4302
vn -0.1445 0.9451 -0.2930
vn 0.3632 0.9293 -0.0664
vn 0.3631 0.9294 -0.0664
vn 0.3480 0.9345 -0.0743
vn 0.4926 0.8638 -0.1054
vn 0.1995 0.9625 -0.1839
vn 0.3279 0.9447 -0.0040
vn 0.0507 0.9639 -0.2614
vn -0.0547 0.9416 -0.3321
vn -0.0234 0.9457 -0.3243
vn -0.1444 0.9452 -0.2929
vn -0.0704 0.9378 -0.3400
vn -0.1874 0.9446 -0.2693
vn 0.1445 -0.9451 0.2930
vn 0.3285 -0.8408 -0.4302
vn -0.3632 -0.9293 0.0664
vn -0.4926 -0.8638 0.1054
vn -0.3480 -0.9345 0.0743
vn -0.3631 -0.9294 0.0664
vn -0.3279 -0.9447 0.0039
vn -0.1995 -0.9625 0.1839
vn -0.0507 -0.9639 0.2615
vn 0.0547 -0.9417 0.3321
vn 0.0234 -0.9457 0.3243
vn 0.1445 -0.9452 0.2929
vn 0.0703 -0.9378 0.3400
vn 0.1874 -0.9446 0.2693
vn 0.1173 0.8410 -0.5281
vn 0.3673 0.9182 0.1485
vn -0.3318 0.9290 0.1640
vn -0.3318 0.9290 0.1639
vn -0.3281 0.9180 0.2227
vn -0.4143 0.8794 0.2346
vn -0.1210 0.9328 0.3396
vn -0.3441 0.9111 0.2268
vn 0.0547 0.9544 0.2934
vn 0.2068 0.9286 0.3082
vn 0.1053 0.9442 0.3121
vn 0.3672 0.9182 0.1485
vn 0.2267 0.9224 0.3127
vn 0.4837 0.8192 -0.3082
vn -0.3673 -0.9182 -0.1485
vn -0.1173 -0.8410 0.5281
vn 0.3318 -0.9290 -0.1640
vn 0.4143 -0.8794 -0.2347
vn 0.3281 -0.9180 -0.2227
vn 0.3318 -0.9290 -0.1639
vn 0.3441 -0.9111 -0.2268
vn 0.1210 -0.9328 -0.3395
vn -0.0547 -0.9544 -0.2934
vn -0.2068 -0.9286 -0.3082
vn -0.1053 -0.9442 -0.3121
vn -0.3672 -0.9182 -0.1485
vn -0.2267 -0.9224 -0.3127
vn -0.4837 -0.8192 0.3082
vn 0.2582 0.7903 0.5556
vn -0.3870 0.9107 0.1446
vn 0.2576 0.9171 -0.3044
vn 0.2575 0.9171 -0.3044
vn 0.2192 0.9279 -0.3015
vn 0.2813 0.8712 -0.4024
vn 0.0234 0.9756 -0.2185
vn 0.1755 0.9400 -0.2925
vn -0.1524 0.9809 -0.1212
vn -0.2698 0.9618 -0.0469
vn -0.2886 0.9477 -0.1365
vn -0.3869 0.9107 0.1446
vn -0.3751 0.9260 -0.0430
vn -0.2809 0.8623 0.4214
vn 0.3870 -0.9107 -0.1446
vn -0.2582 -0.7903 -0.5556
vn -0.2576 -0.9171 0.3044
vn -0.2813 -0.8712 0.4024
vn -0.2192 -0.9279 0.3015
vn -0.2575 -0.9171 0.3044
vn -0.1755 -0.9400 0.2925
vn -0.0234 -0.9756 0.2185
vn 0.1524 -0.9809 0.1212
vn 0.2697 -0.9618 0.0469
vn 0.2886 -0.9477 0.1365
vn 0.3869 -0.9107 -0.1446
vn 0.3751 -0.9260 0.0430
vn 0.2809 -0.8623 -0.4214
vn -0.4798 0.8739 0.0780
vn -0.4799 0.8739 0.0780
vn 0.3158 0.9475 -0.0507
vn 0.1758 0.7304 0.6600
vn 0.1639 0.7572 0.6323
vn 0.2230 0.6532 0.7236
vn 0.2305 0.8632 0.4491
vn 0.1408 0.7859 0.6021
vn 0.3245 0.9111 0.2542
vn 0.3631 0.9253 0.1093
vn 0.4186 0.8995 0.1252
vn 0.3158 0.9475 -0.0506
vn 0.4137 0.9094 0.0430
vn 0.1252 0.9821 -0.1408
vn -0.3158 -0.9475 0.0507
vn 0.4799 -0.8739 -0.0780
vn -0.1758 -0.7304 -0.6601
vn -0.2230 -0.6532 -0.7236
vn -0.1639 -0.7572 -0.6323
vn -0.1758 -0.7304 -0.6600
vn -0.1408 -0.7859 -0.6021
vn -0.2305 -0.8632 -0.4491
vn -0.3245 -0.9111 -0.2542
vn -0.3631 -0.9253 -0.1093
vn -0.4186 -0.8995 -0.1252
vn -0.3158 -0.9475 0.0506
vn -0.4137 -0.9094 -0.0430
vn -0.1252 -0.9821 0.1408
vn -0.2615 0.9525 -0.1561
vn -0.2616 0.9525 -0.1561
vn -0.6343 0.7518 -0.1801
vn 0.0508 0.8669 -0.4959
vn 0.0507 0.8669 -0.4959
vn -0.0078 0.8857 -0.4643
vn 0.1172 0.8047 -0.5820
vn -0.1875 0.9062 -0.3789
vn -0.1328 0.8753 -0.4650
vn -0.3783 0.8581 -0.3472
vn -0.4771 0.8213 -0.3129
vn -0.5463 0.7492 -0.3746
vn -0.6052 0.7418 -0.2889
vn -0.6204 0.7843 -0.0039
vn 0.6343 -0.7518 0.1801
vn 0.2616 -0.9525 0.1561
vn -0.0507 -0.8669 0.4959
vn -0.1172 -0.8047 0.5820
vn 0.0078 -0.8857 0.4643
vn 0.1328 -0.8753 0.4650
vn 0.1875 -0.9062 0.3789
vn 0.3783 -0.8581 0.3472
vn 0.4771 -0.8213 0.3129
vn 0.5463 -0.7492 0.3746
vn 0.6051 -0.7419 0.2889
vn 0.6204 -0.7843 0.0039
vn -0.0196 0.9711 0.2379
vn -0.0313 0.9726 0.2304
vn 0.2341 0.8938 0.3825
vn -0.5170 0.8342 0.1919
vn -0.5278 0.8092 0.2580
vn -0.5824 0.7818 0.2227
vn -0.3753 0.8405 0.3909
vn -0.5312 0.7890 0.3086
vn -0.1485 0.8907 0.4297
vn -0.0195 0.8747 0.4842
vn -0.0430 0.8483 0.5277
vn 0.2342 0.8938 0.3825
vn 0.0897 0.8662 0.4916
vn 0.3008 0.9182 0.2578
vn -0.2341 -0.8938 -0.3825
vn 0.0313 -0.9726 -0.2304
vn 0.0195 -0.9711 -0.2379
vn 0.5170 -0.8342 -0.1919
vn 0.5824 -0.7817 -0.2229
vn 0.5278 -0.8092 -0.2580
vn 0.5312 -0.7890 -0.3086
vn 0.3753 -0.8405 -0.3909
vn 0.1485 -0.8907 -0.4297
vn 0.0195 -0.8747 -0.4842
vn 0.0430 -0.8483 -0.5277
vn -0.2342 -0.8938 -0.3825
vn -0.0897 -0.8662 -0.4916
vn -0.3008 -0.9182 -0.2578
vn -0.2306 0.9692 -0.0860
vn -0.6289 0.7773 -0.0157
vn -0.0743 0.8758 -0.4770
vn -0.0546 0.8736 -0.4836
vn -0.0664 0.8519 -0.5194
vn -0.2541 0.8914 -0.3753
vn 0.0507 0.8861 -0.4606
vn -0.4655 0.8489 -0.2504
vn -0.5990 0.7947 -0.0978
vn -0.6094 0.7773 -0.1562
vn -0.6518 0.7493 -0.1171
vn -0.5162 0.8329 0.1994
vn 0.6288 -0.7774 0.0157
vn 0.2306 -0.9692 0.0860
vn 0.0743 -0.8758 0.4770
vn 0.0664 -0.8519 0.5194
vn 0.0546 -0.8735 0.4837
vn -0.0507 -0.8861 0.4606
vn 0.2542 -0.8914 0.3753
vn 0.4655 -0.8489 0.2504
vn 0.5990 -0.7948 0.0979
vn 0.6094 -0.7773 0.1562
vn 0.6289 -0.7774 0.0157
vn 0.6518 -0.7493 0.1171
vn 0.5162 -0.8329 -0.1994
vn 0.1211 0.9882 -0.0937
vn 0.1328 0.9878 -0.0820
vn -0.2581 0.8918 -0.3716
vn 0.4606 0.8667 -0.1913
vn 0.3945 0.8944 -0.2109
vn 0.5733 0.7840 -0.2379
vn 0.2145 0.9400 -0.2652
vn 0.3090 0.9153 -0.2582
vn 0.0509 0.9389 -0.3403
vn -0.0273 0.9218 -0.3867
vn -0.0156 0.8856 -0.4642
vn -0.1329 0.8833 -0.4495
vn -0.2578 0.8711 -0.4180
vn 0.2582 -0.8918 0.3716
vn -0.1328 -0.9878 0.0820
vn -0.1211 -0.9882 0.0937
vn -0.4606 -0.8667 0.1913
vn -0.5734 -0.7840 0.2379
vn -0.3944 -0.8944 0.2109
vn -0.3091 -0.9153 0.2581
vn -0.2145 -0.9400 0.2652
vn -0.0509 -0.9389 0.3403
vn 0.0273 -0.9218 0.3867
vn 0.0156 -0.8856 0.4643
vn 0.2581 -0.8918 0.3716
vn 0.1329 -0.8833 0.4495
vn 0.2578 -0.8711 0.4180
vn -0.0195 0.9954 0.0937
vn 0.0469 0.9974 0.0548
vn 0.3559 0.9309 -0.0822
vn 0.0391 0.9229 0.3832
vn 0.0391 0.9228 0.3832
vn 0.0663 0.9009 0.4290
vn -0.0078 0.8192 0.5735
vn 0.2419 0.8583 0.4526
vn -0.1290 0.9372 0.3241
vn 0.3557 0.8874 0.2932
vn 0.4729 0.7973 0.3752
vn 0.3902 0.8662 0.3121
vn 0.3559 0.9309 -0.0821
vn 0.3746 0.9212 0.1054
vn 0.2427 0.9039 -0.3522
vn -0.3559 -0.9309 0.0821
vn -0.0469 -0.9974 -0.0548
vn 0.0195 -0.9954 -0.0937
vn -0.0391 -0.9229 -0.3832
vn 0.0078 -0.8192 -0.5735
vn -0.0663 -0.9009 -0.4290
vn 0.1290 -0.9372 -0.3241
vn -0.2419 -0.8583 -0.4526
vn -0.3558 -0.8874 -0.2932
vn -0.4729 -0.7973 -0.3752
vn -0.3902 -0.8662 -0.3121
vn -0.3747 -0.9211 -0.1054
vn -0.2427 -0.9039 0.3522
vn 0.0391 0.9990 -0.0196
vn 0.0468 0.9985 -0.0273
vn 0.3904 0.8980 -0.2030
vn 0.1134 0.9116 0.3951
vn 0.1135 0.9116 0.3951
vn 0.1327 0.8857 0.4448
vn 0.1288 0.8472 0.5153
vn 0.3512 0.8663 0.3551
vn -0.0352 0.8867 0.4610
vn 0.4257 0.8945 0.1367
vn 0.5463 0.8350 0.0663
vn 0.4457 0.8875 0.1173
vn 0.4533 0.8910 -0.0234
vn 0.4104 0.8872 -0.2110
vn -0.3904 -0.8980 0.2030
vn -0.0468 -0.9985 0.0273
vn -0.0391 -0.9990 0.0196
vn -0.1135 -0.9116 -0.3951
vn -0.1288 -0.8472 -0.5154
vn -0.1327 -0.8857 -0.4448
vn 0.0352 -0.8867 -0.4610
vn -0.3513 -0.8663 -0.3551
vn -0.4257 -0.8945 -0.1367
vn -0.5463 -0.8350 -0.0663
vn -0.4457 -0.8875 -0.1173
vn -0.4533 -0.8910 0.0234
vn -0.4104 -0.8872 0.2110
vn -0.1406 0.9881 0.0625
vn -0.1994 0.8561 0.4769
vn -0.4371 0.8744 -0.2107
vn -0.4378 0.8741 -0.2105
vn -0.4296 0.8825 -0.1913
vn -0.4608 0.8591 -0.2226
vn -0.3592 0.9333 -0.0000
vn -0.4523 0.8852 -0.1092
vn -0.3246 0.9229 0.2072
vn -0.2149 0.9065 0.3634
vn -0.3118 0.8612 0.4014
vn -0.3051 0.8330 0.4615
vn 0.0273 0.8972 0.4408
vn 0.1994 -0.8560 -0.4769
vn 0.1406 -0.9881 -0.0625
vn 0.4371 -0.8744 0.2107
vn 0.4608 -0.8591 0.2226
vn 0.4295 -0.8825 0.1913
vn 0.4372 -0.8743 0.2107
vn 0.4523 -0.8852 0.1092
vn 0.3592 -0.9333 -0.0001
vn 0.3246 -0.9229 -0.2072
vn 0.2149 -0.9065 -0.3634
vn 0.3118 -0.8612 -0.4014
vn 0.1994 -0.8561 -0.4768
vn 0.3051 -0.8330 -0.4615
vn -0.0273 -0.8972 -0.4408
vn -0.0665 0.9889 0.1329
vn -0.0235 0.9919 0.1250
vn 0.3563 0.9161 0.1840
vn -0.2460 0.8708 0.4256
vn -0.2035 0.8612 0.4658
vn -0.2698 0.8250 0.4966
vn -0.0000 0.8791 0.4767
vn -0.1876 0.8521 0.4886
vn 0.1641 0.9185 0.3596
vn 0.3364 0.8686 0.3639
vn 0.2931 0.8950 0.3361
vn 0.3562 0.9161 0.1840
vn 0.3324 0.9072 0.2581
vn 0.4099 0.7183 0.5622
vn -0.3563 -0.9161 -0.1840
vn 0.0235 -0.9919 -0.1250
vn 0.0665 -0.9889 -0.1329
vn 0.2460 -0.8708 -0.4256
vn 0.2698 -0.8250 -0.4966
vn 0.2035 -0.8612 -0.4658
vn 0.1876 -0.8521 -0.4886
vn -0.0001 -0.8791 -0.4767
vn -0.1641 -0.9186 -0.3596
vn -0.3364 -0.8686 -0.3639
vn -0.2931 -0.8950 -0.3361
vn -0.3562 -0.9161 -0.1840
vn -0.3324 -0.9072 -0.2581
vn -0.4099 -0.7183 -0.5622
vn -0.2149 0.9765 0.0157
vn -0.4334 0.8316 0.3474
vn -0.3243 0.8597 -0.3946
vn -0.3438 0.8557 -0.3867
vn -0.3588 0.8118 -0.4608
vn -0.4217 0.8863 -0.1913
vn -0.3396 0.8627 -0.3747
vn -0.4807 0.8754 0.0508
vn -0.5038 0.8396 0.2030
vn -0.5507 0.8125 0.1914
vn -0.5278 0.8054 0.2698
vn -0.2701 0.8651 0.4227
vn 0.4334 -0.8315 -0.3475
vn 0.2149 -0.9765 -0.0157
vn 0.2148 -0.9765 -0.0156
vn 0.3243 -0.8597 0.3946
vn 0.3589 -0.8118 0.4606
vn 0.3438 -0.8557 0.3867
vn 0.3396 -0.8627 0.3747
vn 0.4217 -0.8863 0.1913
vn 0.4807 -0.8754 -0.0508
vn 0.5037 -0.8396 -0.2031
vn 0.5507 -0.8125 -0.1914
vn 0.4334 -0.8316 -0.3474
vn 0.5278 -0.8054 -0.2698
vn 0.2701 -0.8651 -0.4227
vn 0.3713 0.7231 0.5824
vn -0.3436 0.8785 0.3319
vn 0.2109 0.9527 -0.2187
vn 0.2108 0.9528 -0.2186
vn 0.1093 0.9328 -0.3435
vn 0.2153 0.9277 -0.3051
vn -0.1484 0.9214 -0.3592
vn 0.0312 0.8971 -0.4407
vn -0.2534 0.9593 -0.1248
vn -0.4095 0.9008 -0.1443
vn -0.3714 0.9189 -0.1330
vn -0.3436 0.8786 0.3318
vn -0.3784 0.9205 0.0975
vn -0.1603 0.7939 0.5866
vn 0.3436 -0.8785 -0.3319
vn -0.3713 -0.7231 -0.5824
vn -0.2108 -0.9527 0.2187
vn -0.2153 -0.9276 0.3052
vn -0.1093 -0.9328 0.3435
vn -0.2108 -0.9528 0.2186
vn -0.0312 -0.8971 0.4407
vn 0.1484 -0.9214 0.3592
vn 0.2534 -0.9593 0.1248
vn 0.4095 -0.9008 0.1443
vn 0.3715 -0.9189 0.1329
vn 0.3436 -0.8786 -0.3318
vn 0.3783 -0.9205 -0.0975
vn 0.1603 -0.7939 -0.5866
vn 0.6601 0.7070 0.2539
vn -0.0470 0.9071 0.4183
vn 0.0624 0.9518 -0.3004
vn 0.0624 0.9518 -0.3003
vn -0.0469 0.9526 -0.3006
vn -0.0039 0.9187 -0.3949
vn -0.1951 0.9677 -0.1600
vn -0.1330 0.9467 -0.2934
vn -0.1680 0.9848 0.0429
vn -0.2815 0.9541 0.1017
vn -0.2616 0.9606 0.0937
vn -0.0469 0.9071 0.4183
vn -0.1678 0.9483 0.2693
vn 0.0507 0.8780 0.4760
vn 0.0470 -0.9071 -0.4183
vn -0.6601 -0.7070 -0.2539
vn -0.0624 -0.9518 0.3004
vn 0.0039 -0.9187 0.3949
vn 0.0468 -0.9526 0.3006
vn -0.0624 -0.9518 0.3003
vn 0.1330 -0.9467 0.2934
vn 0.1951 -0.9677 0.1600
vn 0.1680 -0.9848 -0.0429
vn 0.2815 -0.9541 -0.1017
vn 0.2616 -0.9606 -0.0937
vn 0.0469 -0.9071 -0.4183
vn 0.1678 -0.9483 -0.2693
vn -0.0507 -0.8780 -0.4760
vn 0.2033 0.9304 -0.3049
vn -0.0626 0.9851 -0.1603
vn 0.4799 0.7608 -0.4370
vn 0.0626 -0.9851 0.1603
vn -0.2033 -0.9304 0.3049
vn -0.4799 -0.7608 0.4370
vn -0.6320 0.7022 0.3277
vn -0.2808 0.9128 -0.2965
vn 0.1759 0.9421 0.2853
vn 0.1759 0.9421 0.2854
vn 0.2928 0.9369 0.1913
vn 0.2700 0.9146 0.3009
vn 0.3087 0.9496 -0.0548
vn 0.3902 0.9171 0.0820
vn 0.1093 0.9835 -0.1444
vn 0.1212 0.9496 -0.2891
vn 0.1171 0.9641 -0.2382
vn -0.2808 0.9128 -0.2964
vn -0.0663 0.9552 -0.2885
vn 0.2808 -0.9128 0.2965
vn 0.6320 -0.7022 -0.3277
vn -0.1759 -0.9421 -0.2854
vn -0.2700 -0.9146 -0.3009
vn -0.2928 -0.9369 -0.1913
vn -0.1759 -0.9421 -0.2853
vn -0.3902 -0.9171 -0.0820
vn -0.3087 -0.9496 0.0547
vn -0.1093 -0.9835 0.1444
vn -0.1212 -0.9496 0.2891
vn -0.1171 -0.9641 0.2381
vn 0.0662 -0.9552 0.2884
vn -0.0939 0.7040 -0.7040
vn 0.3788 0.9175 -0.1210
vn -0.3126 0.9456 0.0899
vn -0.2924 0.9435 0.1560
vn -0.3517 0.9223 0.1602
vn -0.0702 0.9750 0.2106
vn -0.2768 0.9393 0.2026
vn 0.1405 0.9836 0.1132
vn 0.3127 0.9342 0.1719
vn 0.2925 0.9476 0.1286
vn 0.3787 0.9176 -0.1210
vn 0.3443 0.9389 0.0039
vn 0.3835 0.8844 -0.2661
vn -0.3788 -0.9176 0.1210
vn 0.0939 -0.7040 0.7040
vn 0.3126 -0.9456 -0.0899
vn 0.3517 -0.9223 -0.1602
vn 0.2924 -0.9435 -0.1560
vn 0.3125 -0.9456 -0.0899
vn 0.2768 -0.9393 -0.2026
vn 0.0702 -0.9751 -0.2106
vn -0.1405 -0.9836 -0.1132
vn -0.3127 -0.9342 -0.1719
vn -0.2925 -0.9476 -0.1287
vn -0.3787 -0.9176 0.1210
vn -0.3443 -0.9389 -0.0039
vn -0.3835 -0.8844 0.2661
vn -0.5983 0.7625 -0.2463
vn 0.1795 0.9205 -0.3471
vn 0.0313 0.9442 0.3278
vn 0.0312 0.9443 0.3277
vn 0.1408 0.9192 0.3677
vn 0.1055 0.8871 0.4494
vn 0.3706 0.9128 0.1716
vn 0.0703 0.8867 0.4570
vn 0.3084 0.9487 -0.0702
vn 0.4294 0.8782 -0.2108
vn 0.3004 0.9403 -0.1600
vn 0.1794 0.9205 -0.3471
vn 0.2582 0.9310 -0.2582
vn 0.0313 0.9002 -0.4344
vn -0.1795 -0.9205 0.3472
vn 0.5983 -0.7625 0.2463
vn -0.0313 -0.9442 -0.3278
vn -0.1055 -0.8871 -0.4494
vn -0.1408 -0.9192 -0.3677
vn -0.0312 -0.9443 -0.3277
vn -0.0703 -0.8867 -0.4570
vn -0.3706 -0.9128 -0.1716
vn -0.3084 -0.9487 0.0702
vn -0.4294 -0.8782 0.2108
vn -0.3004 -0.9403 0.1599
vn -0.1794 -0.9205 0.3471
vn -0.2582 -0.9310 0.2582
vn -0.0313 -0.9002 0.4344
vn -0.0742 0.8315 -0.5505
vn -0.0742 0.8316 -0.5505
vn -0.2145 0.9319 -0.2924
vn 0.0897 0.6241 -0.7762
vn 0.2145 -0.9319 0.2924
vn 0.0742 -0.8316 0.5505
vn 0.0742 -0.8315 0.5505
vn -0.0897 -0.6241 0.7762
vn 0.6091 0.7613 -0.2225
vn 0.6090 0.7613 -0.2225
vn 0.1209 0.9209 0.3707
vn -0.2422 0.9297 -0.2774
vn -0.2422 0.9298 -0.2773
vn -0.3283 0.9224 -0.2033
vn -0.3160 0.9012 -0.2965
vn -0.3206 0.9462 0.0430
vn -0.4020 0.9095 -0.1054
vn -0.1404 0.9674 0.2106
vn -0.1404 0.9049 0.4018
vn 0.2698 0.8993 0.3441
vn 0.0234 0.9266 0.3753
vn -0.0898 0.9212 0.3786
vn -0.1209 -0.9208 -0.3707
vn -0.6090 -0.7613 0.2225
vn 0.2422 -0.9297 0.2774
vn 0.3160 -0.9012 0.2965
vn 0.3283 -0.9224 0.2033
vn 0.2422 -0.9298 0.2773
vn 0.4020 -0.9095 0.1054
vn 0.3206 -0.9462 -0.0431
vn 0.1404 -0.9674 -0.2106
vn 0.1404 -0.9049 -0.4018
vn -0.1209 -0.9209 -0.3706
vn -0.0235 -0.9266 -0.3753
vn -0.2698 -0.8993 -0.3441
vn 0.0898 -0.9212 -0.3786
vn 0.0507 0.9957 0.0781
vn 0.0508 0.9957 0.0781
vn 0.0509 0.9956 0.0781
vn -0.0508 -0.9957 -0.0781
vn -0.0507 -0.9957 -0.0782
vn -0.0509 -0.9956 -0.0781
vn 0.1329 0.9537 -0.2697
vn -0.1329 -0.9537 0.2697
vn 0.1950 0.9788 -0.0624
vn -0.0508 0.9689 -0.2422
vn 0.4529 0.8785 0.1523
vn 0.0508 -0.9689 0.2422
vn -0.1950 -0.9788 0.0624
vn -0.4529 -0.8785 -0.1523
vn 0.1639 0.9831 0.0819
vn 0.1677 0.9595 -0.2262
vn 0.1405 0.8977 0.4176
vn -0.1677 -0.9595 0.2262
vn -0.1639 -0.9831 -0.0819
vn -0.1405 -0.8977 -0.4176
vn -0.1444 0.9875 -0.0625
vn -0.1561 0.9877 -0.0117
vn -0.1328 0.9846 -0.1133
vn 0.1444 -0.9875 0.0625
vn 0.1561 -0.9877 0.0117
vn 0.1444 -0.9875 0.0624
vn 0.1328 -0.9846 0.1134
vn 0.1133 0.9765 -0.1836
vn 0.1095 0.9730 -0.2032
vn 0.1170 0.9789 -0.1677
vn -0.1133 -0.9765 0.1836
vn -0.1095 -0.9730 0.2032
vn -0.1132 -0.9765 0.1836
vn -0.1170 -0.9789 0.1676
vn -0.1443 0.9746 0.1715
vn -0.1443 0.9752 0.1677
vn -0.1442 0.9746 0.1715
vn -0.1448 0.9744 0.1722
vn 0.1443 -0.9746 -0.1715
vn 0.1443 -0.9752 -0.1677
vn 0.1448 -0.9743 -0.1723
vn -0.1915 0.9577 -0.2150
vn -0.1912 0.9577 -0.2149
vn -0.1916 0.9576 -0.2150
vn 0.1912 -0.9577 0.2149
vn 0.1915 -0.9577 0.2150
vn 0.1916 -0.9576 0.2150
vn 0.1720 0.9577 0.2306
vn 0.1683 0.9583 0.2309
vn 0.1721 0.9577 0.2307
vn -0.1720 -0.9577 -0.2306
vn -0.1682 -0.9583 -0.2309
vn -0.1721 -0.9577 -0.2307
vn -0.6882 0.7195 -0.0938
vn 0.0313 0.9264 -0.3752
vn 0.0899 0.9144 0.3947
vn 0.1521 0.9048 0.3978
vn 0.1793 0.8602 0.4773
vn 0.2657 0.9493 0.1680
vn 0.1056 0.8870 0.4495
vn 0.2265 0.9687 -0.1015
vn 0.3086 0.9099 -0.2773
vn 0.2379 0.9397 -0.2457
vn 0.1409 0.9392 -0.3131
vn -0.2501 0.8597 -0.4455
vn -0.0313 -0.9264 0.3753
vn 0.6882 -0.7195 0.0938
vn -0.0899 -0.9144 -0.3947
vn -0.1793 -0.8602 -0.4773
vn -0.1521 -0.9048 -0.3978
vn -0.0899 -0.9144 -0.3946
vn -0.1056 -0.8870 -0.4495
vn -0.2657 -0.9493 -0.1679
vn -0.2265 -0.9687 0.1015
vn -0.3085 -0.9099 0.2773
vn -0.2379 -0.9397 0.2457
vn -0.0313 -0.9264 0.3752
vn -0.1409 -0.9392 0.3131
vn 0.2501 -0.8597 0.4455
vn -0.4338 0.7035 0.5628
vn -0.3865 0.9096 -0.1523
vn 0.2696 0.9576 0.1016
vn 0.3009 0.9536 0.0039
vn 0.4227 0.9043 0.0588
vn 0.1991 0.9486 -0.2460
vn 0.3279 0.9447 -0.0000
vn -0.0429 0.9722 -0.2303
vn -0.0743 0.9070 -0.4144
vn -0.0859 0.9645 -0.2499
vn -0.3865 0.9097 -0.1522
vn -0.2463 0.9459 -0.2111
vn -0.5860 0.8087 0.0508
vn 0.3865 -0.9096 0.1523
vn 0.4338 -0.7035 -0.5628
vn -0.2697 -0.9576 -0.1016
vn -0.4227 -0.9044 -0.0588
vn -0.3009 -0.9536 -0.0039
vn -0.2696 -0.9576 -0.1016
vn -0.3279 -0.9447 -0.0000
vn -0.1991 -0.9486 0.2460
vn 0.0429 -0.9722 0.2303
vn 0.0743 -0.9070 0.4144
vn 0.0859 -0.9645 0.2499
vn 0.3865 -0.9097 0.1522
vn 0.2462 -0.9459 0.2111
vn 0.5860 -0.8087 -0.0508
vn -0.0430 0.9774 0.2072
vn -0.0624 0.9825 0.1755
vn -0.0234 0.9689 0.2461
vn 0.0430 -0.9774 -0.2072
vn 0.0624 -0.9825 -0.1755
vn 0.0234 -0.9689 -0.2461
vn -0.1875 0.9649 0.1836
vn 0.1173 0.9807 0.1563
vn -0.5120 0.8364 0.1954
vn -0.1173 -0.9807 -0.1563
vn 0.1875 -0.9650 -0.1836
vn 0.1875 -0.9649 -0.1836
vn 0.5120 -0.8364 -0.1954
vn -0.0547 0.9849 0.1642
vn -0.0547 0.9849 0.1641
vn 0.1915 0.9222 0.3361
vn -0.3322 0.9420 -0.0469
vn -0.1915 -0.9222 -0.3361
vn 0.0547 -0.9849 -0.1641
vn 0.0547 -0.9849 -0.1642
vn 0.3323 -0.9420 0.0469
vn 0.2617 0.9256 0.2734
vn 0.4456 0.8952 -0.0000
vn -0.0352 0.8009 0.5978
vn -0.4456 -0.8952 -0.0000
vn -0.2617 -0.9256 -0.2734
vn 0.0352 -0.8009 -0.5978
vn -0.1173 0.8644 0.4889
vn -0.4334 0.8084 0.3983
vn 0.2617 0.8084 0.5272
vn 0.4335 -0.8084 -0.3983
vn 0.1174 -0.8644 -0.4889
vn -0.2617 -0.8084 -0.5272
vn -0.3516 0.9297 -0.1094
vn -0.1327 0.9367 -0.3239
vn -0.5632 0.8135 0.1447
vn 0.1327 -0.9367 0.3239
vn 0.3516 -0.9297 0.1094
vn 0.5632 -0.8135 -0.1447
vn 0.4530 0.8748 0.1718
vn 0.3628 0.9245 -0.1170
vn 0.5039 0.7071 0.4961
vn -0.3628 -0.9245 0.1170
vn -0.4530 -0.8748 -0.1719
vn -0.4530 -0.8748 -0.1718
vn -0.5039 -0.7071 -0.4961
vn -0.6090 0.0351 0.7924
vn 0.7924 0.0352 0.6090
vn 0.3558 -0.0039 0.9345
vn -0.9343 0.0235 0.3557
vn 0.7062 0.0508 0.7062
vn -0.7043 0.0900 0.7042
vn 0.7341 0.0703 0.6754
vn -0.6755 -0.0703 0.7340
vn 0.4455 -0.0860 0.8911
vn -0.8952 -0.0078 0.4457
vn 0.7924 0.0351 0.6090
vn 0.6090 0.0352 -0.7924
vn 0.9342 0.0274 -0.3557
vn 0.3559 -0.0039 0.9345
vn 0.7042 -0.0900 -0.7043
vn 0.7062 0.0507 0.7062
vn 0.6754 0.0703 -0.7341
vn 0.7340 0.0703 0.6755
vn 0.8952 0.0078 -0.4457
vn 0.4456 -0.0860 0.8911
vn -0.4456 0.0860 -0.8911
vn -0.7340 -0.0703 -0.6755
vn -0.7062 -0.0507 -0.7062
vn -0.7042 0.0900 0.7043
vn -0.3553 0.0547 -0.9331
vn -0.7924 0.0351 -0.6090
vn -0.6090 0.0352 0.7924
vn 0.6090 0.0351 -0.7924
vn -0.7924 0.0352 -0.6090
vn -0.3553 0.0547 -0.9332
vn 0.9342 0.0274 -0.3558
vn -0.7062 -0.0508 -0.7062
vn 0.7043 -0.0900 -0.7042
vn -0.7341 -0.0703 -0.6754
vn 0.6755 0.0703 -0.7340
vn -0.4455 0.0860 -0.8911
vn 0.4574 0.8873 -0.0586
vn 0.4535 0.8875 -0.0821
vn 0.3277 0.9441 0.0352
vn 0.1796 0.9796 0.0897
vn -0.0352 0.9023 0.4296
vn -0.3906 0.8631 -0.3203
vn -0.3925 0.8625 -0.3194
vn -0.3903 0.8703 -0.3005
vn -0.4216 0.8392 -0.3434
vn -0.3550 0.9322 -0.0703
vn -0.4215 0.8781 -0.2265
vn -0.2768 0.9433 0.1832
vn 0.5463 0.8155 0.1912
vn -0.1482 0.8892 0.4329
vn -0.2582 0.8763 0.4068
vn -0.2425 0.8878 0.3911
vn -0.3549 0.9322 -0.0702
vn 0.3638 0.9115 0.1917
vn 0.2653 0.9521 0.1521
vn 0.1406 0.9844 0.1055
vn -0.2776 0.8876 0.3675
vn -0.3747 0.9212 -0.1053
vn 0.1600 0.9210 -0.3552
vn -0.3747 0.9211 -0.1054
vn -0.0547 0.9222 -0.3829
vn -0.3945 0.8204 -0.4140
vn -0.5356 0.7584 -0.3714
vn -0.4143 0.8716 0.2619
vn -0.4767 0.8597 0.1837
vn -0.5301 0.8067 0.2611
vn -0.6836 0.7265 0.0703
vn -0.7014 0.6937 -0.1637
vn -0.6714 0.6324 -0.3864
vn -0.8315 0.5544 -0.0351
vn -0.7473 0.6300 -0.2113
vn -0.2815 0.9503 0.1330
vn -0.2893 0.9500 0.1173
vn -0.1838 0.8914 0.4144
vn -0.5389 0.8318 -0.1328
vn -0.4646 0.8435 0.2694
vn -0.4647 0.8435 0.2695
vn -0.6161 0.7877 -0.0039
vn -0.6291 0.7737 0.0742
vn -0.5708 0.8210 0.0156
vn -0.2070 0.8477 0.4883
vn -0.2268 0.8447 0.4849
vn -0.2339 0.7877 0.5700
vn -0.2305 0.8203 0.5234
vn -0.3823 0.8816 0.2769
vn -0.4773 0.8765 -0.0626
vn -0.1286 0.8615 0.4912
vn -0.3238 0.9167 0.2341
vn -0.0821 0.9929 -0.0860
vn -0.0937 0.9919 -0.0859
vn -0.4765 0.8554 -0.2031
vn 0.1832 0.9241 -0.3353
vn -0.1131 0.9170 -0.3824
vn -0.1132 0.9170 -0.3824
vn 0.1447 0.9037 -0.4030
vn 0.1133 0.9066 -0.4064
vn 0.1447 0.9462 -0.2893
vn -0.4531 0.8124 -0.3671
vn -0.4147 0.8178 -0.3991
vn -0.5277 0.7231 -0.4456
vn -0.3510 0.8697 -0.3471
vn -0.0664 0.9450 -0.3202
vn 0.2418 0.9322 -0.2691
vn -0.3164 0.9023 -0.2930
vn -0.0117 0.9332 -0.3592
vn 0.0352 0.9622 -0.2699
vn 0.0273 0.9927 -0.1173
vn -0.0234 0.9990 -0.0390
vn 0.2581 0.8799 0.3989
vn -0.3395 0.7844 0.5191
vn -0.3395 0.7844 0.5190
vn -0.3040 0.8186 0.4873
vn -0.4020 0.7104 0.5777
vn -0.0939 0.8649 0.4931
vn -0.2696 0.8517 0.4493
vn 0.1055 0.8682 0.4849
vn 0.2812 0.7967 0.5350
vn 0.2850 0.8317 0.4764
vn 0.2773 0.8670 0.4140
vn 0.2806 0.8964 0.3430
vn 0.5045 0.8135 -0.2894
vn 0.5045 0.8134 -0.2894
vn 0.3944 0.8906 -0.2265
vn 0.2732 0.9485 -0.1600
vn 0.0352 0.9147 0.4026
vn -0.3827 0.8708 -0.3085
vn -0.4611 0.8638 0.2032
vn -0.3827 0.8709 -0.3085
vn -0.4612 0.8637 0.2032
vn -0.5202 0.8410 -0.1486
vn -0.6331 0.7739 0.0195
vn -0.6178 0.7860 0.0235
vn -0.1131 0.8658 0.4875
vn -0.2577 0.8198 0.5114
vn -0.1565 0.7510 0.6415
vn -0.3404 0.8256 0.4500
vn -0.4569 0.8592 0.2304
vn -0.5547 0.8320 0.0078
vn -0.2615 0.8625 0.4332
vn -0.4379 0.8601 0.2619
vn -0.1250 0.9377 -0.3243
vn -0.0664 0.9842 -0.1640
vn 0.0703 0.9919 -0.1055
vn 0.4418 0.8680 0.2267
vn -0.2113 0.8529 0.4774
vn -0.2112 0.8530 0.4773
vn -0.1484 0.7850 0.6015
vn -0.2535 0.7876 0.5616
vn 0.1015 0.7377 0.6674
vn -0.1016 0.7189 0.6876
vn 0.2619 0.8367 0.4809
vn 0.4526 0.7413 0.4955
vn 0.4177 0.7964 0.4373
vn 0.4418 0.8680 0.2268
vn 0.4365 0.8496 0.2962
vn 0.4371 0.8821 0.1756
vn -0.7078 0.7039 -0.0587
vn -0.6334 0.7703 -0.0743
vn -0.5663 0.8241 -0.0078
vn -0.3977 0.9161 0.0507
vn -0.2308 0.9699 0.0782
vn -0.2151 0.9738 0.0743
vn 0.0858 0.8856 0.4565
vn 0.0508 0.9658 0.2542
vn 0.1484 0.9805 0.1290
vn -0.3753 0.9225 -0.0899
vn 0.3437 0.8828 -0.3202
vn 0.3437 0.8828 -0.3203
vn 0.2775 0.8248 -0.4926
vn 0.3827 0.8317 -0.4022
vn 0.0117 0.7506 -0.6607
vn 0.1952 0.7222 -0.6636
vn -0.1481 0.8967 -0.4172
vn -0.3008 0.7813 -0.5469
vn -0.2773 0.8632 -0.4219
vn -0.3752 0.9226 -0.0899
vn -0.3472 0.9129 -0.2146
vn -0.4096 0.9093 -0.0741
vn -0.0820 0.9340 0.3478
vn -0.0821 0.9340 0.3478
vn -0.0273 0.9834 0.1795
vn 0.0547 0.9937 0.0978
vn -0.2698 0.9386 -0.2151
vn 0.4562 0.8890 0.0390
vn 0.2112 0.8958 -0.3911
vn 0.2112 0.8958 -0.3912
vn 0.4723 0.8587 -0.1991
vn 0.4488 0.7962 -0.4058
vn 0.4110 0.8533 -0.3210
vn -0.2699 0.9386 -0.2151
vn -0.1800 0.8883 -0.4226
vn -0.1016 0.8711 -0.4805
vn -0.2378 0.7757 -0.5846
vn -0.0625 0.8831 -0.4650
vn 0.1718 0.9173 -0.3591
vn 0.3943 0.8980 -0.1952
vn 0.1717 0.9248 -0.3395
vn -0.0039 0.9117 -0.4109
vn -0.2855 0.9582 0.0195
vn 0.3785 0.7961 -0.4722
vn -0.1794 0.8776 -0.4446
vn 0.1015 0.7806 -0.6167
vn -0.1172 0.7384 -0.6641
vn -0.0078 0.8491 -0.5282
vn -0.2855 0.9582 0.0196
vn -0.3979 0.9089 -0.1248
vn -0.3908 0.8950 -0.2149
vn -0.5979 0.7854 -0.1602
vn -0.3755 0.8996 -0.2230
vn -0.1640 0.9217 -0.3515
vn 0.1248 0.8928 -0.4328
vn -0.3326 0.9352 -0.1213
vn -0.1251 0.9262 -0.3556
vn 0.1992 0.9687 -0.1484
vn 0.1837 0.8597 -0.4767
vn 0.1758 0.9532 0.2461
vn 0.3902 0.9093 -0.1444
vn 0.3903 0.9093 -0.1444
vn 0.3513 0.9251 0.1444
vn 0.4653 0.8837 0.0510
vn 0.4760 0.8780 0.0507
vn 0.1837 0.8596 -0.4767
vn 0.3754 0.7899 -0.4849
vn 0.3977 0.8070 -0.4366
vn 0.4889 0.6454 -0.5869
vn 0.3401 0.8639 -0.3714
vn 0.4259 0.8868 -0.1797
vn 0.5083 0.8601 0.0430
vn 0.3325 0.8527 -0.4029
vn 0.4500 0.8686 -0.2073
vn -0.4643 0.8857 0.0078
vn -0.3127 0.9498 0.0078
vn -0.2154 0.9748 -0.0587
vn 0.2340 0.9247 -0.3004
vn 0.3238 0.8738 0.3628
vn 0.3238 0.8738 0.3627
vn 0.3200 0.8860 0.3356
vn 0.3748 0.8316 0.4099
vn 0.3199 0.9402 0.1170
vn 0.3322 0.8990 0.2853
vn 0.2966 0.9524 -0.0702
vn 0.2776 0.9265 -0.2541
vn 0.3048 0.9260 -0.2227
vn 0.2341 0.9246 -0.3004
vn 0.3084 0.9135 -0.2654
vn 0.3284 0.8953 -0.3010
vn -0.3510 0.9166 -0.1911
vn -0.2190 0.9700 -0.1056
vn -0.1095 0.9892 -0.0978
vn 0.3663 0.9199 -0.1403
vn 0.1287 0.8544 0.5033
vn 0.1288 0.8545 0.5033
vn 0.1565 0.8604 0.4850
vn 0.1482 0.7916 0.5927
vn 0.2654 0.9095 0.3201
vn 0.2034 0.8718 0.4457
vn 0.3434 0.9248 0.1639
vn 0.3793 0.9229 0.0665
vn 0.4412 0.8902 0.1132
vn 0.3664 0.9198 -0.1403
vn 0.4534 0.8912 0.0078
vn -0.0391 0.9110 -0.4105
vn 0.4370 0.7374 0.5150
vn 0.4014 0.7756 0.4872
vn 0.3706 0.8465 0.3823
vn 0.2895 0.9309 0.2230
vn 0.2071 0.9730 0.1016
vn 0.1990 0.9755 0.0936
vn -0.6596 0.7493 -0.0585
vn -0.5737 0.8157 -0.0741
vn -0.5236 0.8519 -0.0078
vn -0.3797 0.9235 0.0548
vn -0.2223 0.9712 0.0858
vn 0.3519 0.7389 0.5747
vn 0.3124 0.7850 0.5350
vn 0.3053 0.8494 0.4306
vn 0.2574 0.9281 0.2691
vn 0.1951 0.9718 0.1327
vn 0.0586 0.9414 0.3320
vn 0.0586 0.9414 0.3321
vn 0.0861 0.9857 0.1447
vn 0.1134 0.9932 -0.0273
vn 0.1329 0.9774 -0.1642
vn 0.1407 0.9811 -0.1328
vn -0.1446 0.9692 -0.1993
vn -0.0469 0.9500 -0.3088
vn 0.0508 0.9105 -0.4103
vn 0.1446 0.8559 -0.4964
vn 0.1444 0.8587 -0.4918
vn 0.1877 -0.9737 -0.1290
vn 0.1759 -0.9579 -0.2268
vn 0.1368 -0.9734 -0.1837
vn 0.0936 -0.9862 -0.1364
vn -0.1722 -0.8572 -0.4853
vn 0.3595 0.7698 0.5275
vn 0.3554 0.7772 0.5194
vn 0.3128 0.8602 0.4027
vn 0.2502 0.9342 0.2542
vn 0.1952 0.9717 0.1326
vn 0.1952 0.9718 0.1327
vn -0.6281 0.7256 0.2809
vn -0.5815 0.7767 0.2420
vn -0.4773 0.8412 0.2543
vn -0.3013 0.9271 0.2230
vn -0.1486 0.9738 0.1721
vn -0.1368 0.9769 0.1641
vn 0.2029 -0.9717 -0.1210
vn 0.1918 -0.9584 -0.2112
vn 0.1446 -0.9730 -0.1798
vn 0.1053 -0.9833 -0.1483
vn -0.1760 -0.8566 -0.4850
vn 0.4180 0.8086 -0.4141
vn 0.3826 0.8392 -0.3865
vn 0.2660 0.8878 -0.3755
vn 0.1014 0.9394 -0.3274
vn -0.0313 0.9624 -0.2699
vn -0.0351 0.9623 -0.2699
vn -0.0624 -0.9756 -0.2107
vn -0.1833 -0.9528 -0.2420
vn -0.1287 -0.9753 -0.1795
vn -0.0780 -0.9901 -0.1169
vn -0.4965 -0.8680 0.0078
vn -0.0352 -0.9695 0.2424
vn 0.0587 -0.9398 0.3368
vn 0.0351 -0.9677 0.2497
vn 0.0078 -0.9877 0.1562
vn 0.4342 -0.8606 0.2660
vn -0.2581 -0.9658 -0.0234
vn -0.3122 -0.9480 0.0623
vn -0.2504 -0.9664 0.0587
vn -0.1914 -0.9802 0.0508
vn -0.1836 -0.8554 0.4844
vn -0.0235 0.8886 0.4580
vn 0.0038 0.8873 0.4612
vn -0.0936 0.9441 0.3160
vn -0.1210 0.9797 0.1601
vn -0.4177 0.9020 -0.1093
vn 0.3824 0.8624 -0.3317
vn 0.3631 0.8706 -0.3319
vn 0.4103 0.8397 -0.3557
vn 0.1327 0.9326 -0.3356
vn 0.2927 0.8781 -0.3786
vn -0.1325 0.9434 -0.3041
vn -0.4178 0.9020 -0.1093
vn -0.2813 0.8166 0.5040
vn -0.3981 0.8899 -0.2225
vn -0.3560 0.8763 -0.3247
vn -0.3403 0.8881 -0.3091
vn -0.2542 0.9111 0.3246
vn -0.1989 0.9517 0.2340
vn -0.1289 0.9842 0.1211
vn -0.3130 0.8882 -0.3364
vn 0.3238 0.9206 0.2184
vn 0.1678 0.9211 -0.3512
vn 0.1678 0.9211 -0.3513
vn 0.3868 0.9221 0.0117
vn 0.4765 0.8202 -0.3164
vn 0.4580 0.7595 -0.4619
vn -0.3130 0.8882 -0.3365
vn -0.1876 0.8714 -0.4533
vn -0.0978 0.8602 -0.5005
vn -0.1639 0.8080 -0.5660
vn 0.0469 0.7275 -0.6845
vn 0.2807 0.6941 -0.6629
vn 0.4993 0.6319 -0.5929
vn 0.1797 0.5547 -0.8124
vn 0.3364 0.6298 -0.7002
vn -0.0823 0.9512 -0.2975
vn -0.0665 0.9501 -0.3049
vn -0.3752 0.8914 -0.2541
vn 0.2264 0.8314 -0.5075
vn -0.1837 0.8440 -0.5040
vn 0.2264 0.8314 -0.5074
vn -0.1836 0.8439 -0.5040
vn 0.1093 0.7886 -0.6051
vn 0.0352 0.7735 -0.6328
vn 0.0859 0.8199 -0.5661
vn -0.3753 0.8914 -0.2541
vn -0.4421 0.8490 -0.2895
vn -0.4378 0.8444 -0.3088
vn -0.5188 0.7880 -0.3316
vn -0.4759 0.8192 -0.3199
vn -0.2067 0.8813 -0.4250
vn 0.1449 0.8770 -0.4581
vn -0.4600 0.8616 -0.2144
vn -0.1756 0.9167 -0.3589
vn 0.0977 0.9930 -0.0665
vn 0.1015 0.9918 -0.0780
vn 0.2814 0.8559 -0.4338
vn 0.3001 0.9238 0.2377
vn 0.3978 0.9165 -0.0429
vn 0.3001 0.9238 0.2378
vn 0.3715 0.9032 0.2150
vn 0.3795 0.9075 0.1799
vn 0.2580 0.9462 0.1955
vn 0.4379 0.8133 -0.3832
vn 0.4653 0.8172 -0.3402
vn 0.5314 0.7229 -0.4416
vn 0.4019 0.8703 -0.2849
vn 0.3244 0.9459 -0.0078
vn 0.2224 0.9324 0.2848
vn 0.3436 0.9019 -0.2616
vn 0.3588 0.9320 0.0507
vn 0.2583 0.9626 0.0822
vn 0.1095 0.9929 0.0469
vn 0.0430 0.9990 -0.0156
vn -0.4380 0.8800 0.1838
vn -0.4533 0.7852 -0.4219
vn -0.4532 0.7853 -0.4219
vn -0.4250 0.8188 -0.3860
vn -0.4967 0.7118 -0.4966
vn -0.4697 0.8651 -0.1761
vn -0.3947 0.8520 -0.3439
vn -0.4965 0.8678 0.0195
vn -0.5743 0.7969 0.1875
vn -0.5191 0.8312 0.1990
vn -0.4534 0.8678 0.2033
vn -0.3862 0.8971 0.2145
vn 0.1993 0.8129 0.5472
vn 0.1561 0.8896 0.4292
vn 0.1093 0.9487 0.2967
vn -0.4026 0.9147 -0.0352
vn 0.3708 0.8704 -0.3240
vn -0.1173 0.8644 -0.4889
vn 0.2382 0.8396 -0.4881
vn 0.0939 0.7744 -0.6257
vn 0.0822 0.7873 -0.6111
vn -0.4603 0.8661 -0.1951
vn -0.4570 0.8203 -0.3437
vn -0.6056 0.7501 -0.2657
vn -0.3833 0.8253 -0.4146
vn -0.1482 0.8582 -0.4915
vn 0.0899 0.8323 -0.5470
vn -0.3791 0.8637 -0.3322
vn -0.1799 0.8603 -0.4771
vn 0.3400 0.9381 -0.0664
vn 0.1757 0.9837 -0.0391
vn 0.0899 0.9922 0.0859
vn -0.2975 0.8690 0.3953
vn -0.4343 0.8529 -0.2896
vn -0.4343 0.8530 -0.2895
vn -0.5665 0.7852 -0.2500
vn -0.5075 0.7885 -0.3475
vn -0.6751 0.7375 -0.0156
vn -0.6601 0.7187 -0.2187
vn -0.5196 0.8361 0.1758
vn -0.5662 0.7419 0.3592
vn -0.5034 0.7962 0.3356
vn -0.3665 0.8501 0.3782
vn -0.2495 0.8812 0.4016
vn 0.1797 0.7034 -0.6877
vn 0.1839 0.7706 -0.6102
vn 0.1094 0.8246 -0.5550
vn 0.0195 0.9171 -0.3981
vn -0.0352 0.9704 -0.2387
vn -0.0352 0.9742 -0.2230
vn -0.2581 0.9661 0.0078
vn -0.1524 0.9804 0.1250
vn 0.1524 0.9221 -0.3556
vn 0.2539 0.8831 0.3946
vn 0.2540 0.8831 0.3946
vn 0.4381 0.8254 0.3560
vn 0.3280 0.8313 0.4488
vn 0.6489 0.7505 0.1250
vn 0.6208 0.7224 0.3046
vn 0.4366 0.8966 -0.0740
vn 0.5925 0.7796 -0.2027
vn 0.4646 0.8628 -0.1992
vn 0.1524 0.9222 -0.3555
vn 0.2730 0.9126 -0.3042
vn 0.1444 0.9093 -0.3903
vn -0.3282 0.9341 -0.1406
vn -0.3283 0.9340 -0.1407
vn -0.1717 0.9834 -0.0585
vn -0.1057 0.9936 0.0391
vn 0.2582 0.9391 -0.2269
vn -0.1171 0.8898 0.4410
vn 0.3480 0.8954 0.2777
vn 0.3480 0.8954 0.2776
vn 0.1132 0.8588 0.4997
vn 0.3204 0.7971 0.5119
vn 0.2426 0.8532 0.4618
vn 0.2583 0.9390 -0.2270
vn 0.4494 0.8871 -0.1055
vn 0.4919 0.8705 -0.0156
vn 0.6163 0.7762 -0.1326
vn 0.4689 0.8831 0.0195
vn 0.3241 0.9176 0.2304
vn 0.1250 0.8981 0.4217
vn 0.3045 0.9252 0.2263
vn 0.4066 0.9109 0.0704
vn 0.0313 0.9579 -0.2855
vn 0.3979 0.7958 0.4564
vn 0.4683 0.8782 -0.0975
vn 0.4684 0.8781 -0.0976
vn 0.5895 0.7808 0.2069
vn 0.6752 0.7376 -0.0000
vn 0.5208 0.8497 0.0822
vn 0.0312 0.9579 -0.2855
vn 0.1911 0.9089 -0.3706
vn 0.2776 0.8954 -0.3480
vn 0.2624 0.7863 -0.5594
vn 0.2853 0.8990 -0.3322
vn 0.3749 0.9215 -0.1015
vn 0.4020 0.8937 0.1990
vn 0.1798 0.9340 -0.3087
vn 0.3713 0.9264 -0.0625
vn 0.1094 0.9687 0.2227
vn 0.4374 0.8592 0.2655
vn -0.2734 0.9532 0.1289
vn 0.0742 0.9092 0.4097
vn -0.2735 0.9532 0.1289
vn 0.0741 0.9092 0.4097
vn -0.2030 0.9253 0.3202
vn -0.1328 0.8834 0.4495
vn -0.1326 0.8778 0.4604
vn 0.4374 0.8592 0.2656
vn 0.4109 0.7906 0.4540
vn 0.3622 0.8064 0.4675
vn 0.4931 0.6456 0.5831
vn 0.3087 0.8636 0.3986
vn 0.1015 0.8859 0.4526
vn -0.1329 0.8601 0.4926
vn 0.3400 0.8518 0.3986
vn 0.1251 0.8678 0.4808
vn 0.0740 0.8848 -0.4600
vn 0.0469 0.9500 -0.3088
vn 0.0939 0.9745 -0.2036
vn 0.2535 0.9245 0.2848
vn -0.4133 0.8734 0.2574
vn -0.4133 0.8735 0.2574
vn -0.3867 0.8866 0.2539
vn -0.4687 0.8320 0.2969
vn -0.1715 0.9396 0.2963
vn -0.3364 0.8998 0.2778
vn 0.0197 0.9527 0.3033
vn 0.1996 0.9272 0.3170
vn 0.1641 0.9260 0.3399
vn 0.2108 0.9137 0.3475
vn 0.2423 0.8948 0.3751
vn 0.2496 0.9167 -0.3121
vn 0.2497 0.9167 -0.3120
vn 0.1446 0.9692 -0.1993
vn 0.1173 0.9890 -0.0900
vn 0.0742 0.9210 0.3824
vn -0.5187 0.8540 0.0390
vn -0.5187 0.8541 0.0390
vn -0.5047 0.8607 0.0665
vn -0.6087 0.7920 0.0468
vn -0.3596 0.9107 0.2033
vn -0.4762 0.8704 0.1249
vn -0.2225 0.9249 0.3083
vn -0.1292 0.9239 0.3602
vn -0.1875 0.8907 0.4141
vn 0.0741 0.9210 0.3824
vn -0.0860 0.8911 0.4456
vn 0.4106 0.9113 0.0313
vn -0.5815 0.7375 0.3434
vn -0.5500 0.7762 0.3082
vn -0.4406 0.8460 0.3002
vn -0.2699 0.9308 0.2464
vn -0.1367 0.9727 0.1875
vn -0.1287 0.9753 0.1794
vn 0.1717 0.7491 -0.6398
vn 0.1720 0.8167 -0.5509
vn 0.1015 0.8510 -0.5153
vn 0.0117 0.9235 -0.3835
vn -0.0429 0.9713 -0.2340
vn -0.6262 0.7397 0.2466
vn -0.5816 0.7846 0.2147
vn -0.4773 0.8489 0.2269
vn -0.3083 0.9286 0.2068
vn -0.1640 0.9721 0.1679
vn -0.3361 0.9418 -0.0000
vn -0.1565 0.9859 0.0587
vn 0.0078 0.9931 0.1173
vn 0.1369 0.9775 0.1603
vn 0.1094 0.9804 0.1640
vn 0.2226 0.9687 -0.1094
vn 0.2227 0.9687 -0.1093
vn 0.3127 0.9498 0.0078
vn 0.3948 0.9108 0.1212
vn 0.4646 0.8550 0.2303
vn 0.4573 0.8599 0.2267
vn 0.0938 -0.9738 0.2073
vn 0.1563 -0.9733 0.1681
vn 0.1171 -0.9867 0.1131
vn 0.5085 -0.8567 -0.0860
vn -0.5816 0.7690 0.2654
vn -0.5741 0.7772 0.2578
vn -0.4499 0.8606 0.2386
vn -0.2932 0.9342 0.2033
vn -0.1678 0.7257 -0.6672
vn -0.1406 0.7773 -0.6133
vn -0.1680 0.8401 -0.5157
vn -0.1681 0.9266 -0.3363
vn -0.1447 0.9737 -0.1760
vn -0.1406 0.9764 -0.1641
vn 0.0859 -0.9720 0.2186
vn 0.1759 -0.9579 0.2267
vn 0.1523 -0.9726 0.1758
vn 0.1287 -0.9833 0.1288
vn 0.5085 -0.8567 -0.0861
vn 0.3357 0.8081 0.4841
vn 0.3123 0.8393 0.4450
vn 0.3244 0.8871 0.3283
vn 0.3042 0.9398 0.1560
vn 0.2737 0.9617 0.0156
vn 0.2700 0.9628 0.0117
vn 0.2185 -0.9755 -0.0234
vn 0.2732 -0.9522 -0.1366
vn 0.1989 -0.9752 -0.0975
vn 0.1287 -0.9902 -0.0546
vn 0.0781 -0.8671 -0.4920
vn -0.2307 -0.9699 -0.0782
vn -0.3442 -0.9389 -0.0000
vn -0.2499 -0.9682 -0.0078
vn -0.1561 -0.9875 -0.0195
vn -0.3403 -0.8604 0.3794
vn 0.0665 -0.9659 -0.2503
vn -0.0078 -0.9487 -0.3162
vn -0.0117 -0.9660 -0.2581
vn -0.0195 -0.9798 -0.1991
vn -0.4456 -0.8561 -0.2619
vn -0.3558 0.0039 -0.9346
vn -0.7924 -0.0351 -0.6090
vn 0.6090 -0.0351 -0.7924
vn 0.9343 -0.0234 -0.3557
vn -0.7063 -0.0507 -0.7061
vn 0.6755 0.0702 -0.7340
vn -0.9342 -0.0274 0.3556
vn -0.6090 -0.0351 0.7924
vn -0.3559 0.0039 -0.9345
vn -0.6754 -0.0702 0.7341
vn 0.6754 0.0702 -0.7341
vn 0.7042 -0.0899 -0.7043
vn 0.3553 -0.0546 0.9331
vn 0.9343 -0.0235 -0.3557
vn 0.7924 -0.0351 0.6090
vn 0.3553 -0.0547 0.9332
vn -0.9342 -0.0274 0.3557
vn -0.7043 0.0899 0.7042
vn -0.8952 -0.0079 0.4457
vn -0.3277 -0.9441 -0.0351
vn -0.4535 -0.8875 0.0821
vn -0.4574 -0.8873 0.0586
vn -0.1796 -0.9796 -0.0897
vn 0.0352 -0.9023 -0.4296
vn 0.3906 -0.8631 0.3203
vn 0.4216 -0.8392 0.3435
vn 0.3903 -0.8702 0.3005
vn 0.3905 -0.8631 0.3202
vn 0.4214 -0.8781 0.2265
vn 0.3550 -0.9322 0.0703
vn 0.2768 -0.9433 -0.1832
vn 0.1482 -0.8892 -0.4329
vn -0.5463 -0.8155 -0.1912
vn 0.2582 -0.8763 -0.4068
vn 0.2426 -0.8878 -0.3911
vn 0.3549 -0.9322 0.0702
vn -0.2653 -0.9521 -0.1521
vn -0.3638 -0.9115 -0.1917
vn -0.1407 -0.9844 -0.1055
vn 0.2776 -0.8876 -0.3675
vn 0.3747 -0.9212 0.1054
vn 0.0547 -0.9222 0.3829
vn 0.3747 -0.9211 0.1054
vn -0.1600 -0.9210 0.3552
vn 0.3945 -0.8203 0.4141
vn 0.5356 -0.7584 0.3714
vn 0.4143 -0.8716 -0.2619
vn 0.5301 -0.8067 -0.2611
vn 0.4767 -0.8597 -0.1837
vn 0.6836 -0.7265 -0.0703
vn 0.7015 -0.6937 0.1637
vn 0.6714 -0.6324 0.3864
vn 0.8315 -0.5544 0.0351
vn 0.7473 -0.6300 0.2113
vn 0.1838 -0.8914 -0.4144
vn 0.2893 -0.9500 -0.1173
vn 0.2815 -0.9503 -0.1330
vn 0.5389 -0.8318 0.1327
vn 0.4646 -0.8435 -0.2694
vn 0.6161 -0.7877 0.0039
vn 0.4647 -0.8435 -0.2695
vn 0.5389 -0.8318 0.1328
vn 0.6291 -0.7737 -0.0742
vn 0.5708 -0.8210 -0.0156
vn 0.2071 -0.8477 -0.4883
vn 0.1837 -0.8914 -0.4144
vn 0.2339 -0.7877 -0.5700
vn 0.2268 -0.8446 -0.4849
vn 0.2305 -0.8203 -0.5234
vn 0.3823 -0.8816 -0.2770
vn 0.4774 -0.8765 0.0626
vn 0.1286 -0.8615 -0.4912
vn 0.3236 -0.9168 -0.2339
vn 0.4765 -0.8554 0.2031
vn 0.0937 -0.9919 0.0859
vn 0.0821 -0.9929 0.0860
vn -0.1832 -0.9241 0.3353
vn 0.1131 -0.9170 0.3824
vn -0.1447 -0.9037 0.4030
vn 0.1132 -0.9170 0.3824
vn -0.1133 -0.9066 0.4064
vn -0.1447 -0.9462 0.2893
vn 0.4531 -0.8124 0.3671
vn 0.5277 -0.7231 0.4456
vn 0.4147 -0.8178 0.3991
vn 0.3510 -0.8697 0.3471
vn 0.0664 -0.9450 0.3202
vn -0.2418 -0.9322 0.2691
vn 0.3164 -0.9023 0.2929
vn 0.0117 -0.9332 0.3592
vn -0.0273 -0.9927 0.1173
vn -0.0352 -0.9622 0.2699
vn 0.0234 -0.9990 0.0391
vn -0.2581 -0.8799 -0.3989
vn 0.3396 -0.7844 -0.5191
vn 0.4020 -0.7104 -0.5777
vn 0.3041 -0.8186 -0.4873
vn 0.3395 -0.7844 -0.5190
vn 0.2696 -0.8517 -0.4493
vn 0.0939 -0.8649 -0.4931
vn -0.1055 -0.8682 -0.4849
vn -0.2812 -0.7967 -0.5350
vn -0.2850 -0.8317 -0.4765
vn -0.2773 -0.8670 -0.4140
vn -0.2806 -0.8964 -0.3430
vn -0.3945 -0.8905 0.2265
vn -0.5045 -0.8134 0.2894
vn -0.5045 -0.8135 0.2894
vn -0.2733 -0.9485 0.1601
vn -0.0352 -0.9147 -0.4026
vn 0.3827 -0.8708 0.3085
vn 0.4611 -0.8638 -0.2032
vn 0.5202 -0.8410 0.1486
vn 0.4612 -0.8637 -0.2032
vn 0.3827 -0.8709 0.3085
vn 0.6330 -0.7739 -0.0195
vn 0.6178 -0.7860 -0.0235
vn 0.1131 -0.8658 -0.4875
vn 0.1565 -0.7510 -0.6415
vn 0.2577 -0.8198 -0.5114
vn 0.3404 -0.8256 -0.4500
vn 0.4569 -0.8591 -0.2304
vn 0.5547 -0.8320 -0.0078
vn 0.2615 -0.8625 -0.4332
vn 0.4379 -0.8601 -0.2619
vn 0.0664 -0.9842 0.1640
vn 0.1250 -0.9377 0.3243
vn -0.0703 -0.9919 0.1055
vn -0.4418 -0.8680 -0.2267
vn 0.2113 -0.8529 -0.4774
vn 0.2535 -0.7877 -0.5615
vn 0.1484 -0.7850 -0.6014
vn 0.2112 -0.8530 -0.4773
vn 0.1016 -0.7189 -0.6876
vn -0.1015 -0.7377 -0.6674
vn -0.2619 -0.8367 -0.4809
vn -0.4527 -0.7413 -0.4955
vn -0.4177 -0.7964 -0.4373
vn -0.4418 -0.8680 -0.2268
vn -0.4365 -0.8496 -0.2962
vn -0.4371 -0.8821 -0.1756
vn 0.5663 -0.8241 0.0078
vn 0.6334 -0.7703 0.0743
vn 0.7079 -0.7039 0.0587
vn 0.3977 -0.9161 -0.0507
vn 0.2307 -0.9699 -0.0782
vn 0.2150 -0.9738 -0.0743
vn -0.0508 -0.9658 -0.2542
vn -0.0858 -0.8856 -0.4565
vn -0.1484 -0.9805 -0.1290
vn 0.3753 -0.9225 0.0899
vn -0.3437 -0.8828 0.3202
vn -0.3827 -0.8317 0.4022
vn -0.2775 -0.8248 0.4926
vn -0.3437 -0.8828 0.3203
vn -0.1952 -0.7222 0.6636
vn -0.0118 -0.7506 0.6607
vn 0.1481 -0.8967 0.4172
vn 0.3008 -0.7813 0.5469
vn 0.2773 -0.8632 0.4219
vn 0.3752 -0.9226 0.0899
vn 0.3472 -0.9129 0.2146
vn 0.4097 -0.9092 0.0741
vn 0.0273 -0.9834 -0.1795
vn 0.0821 -0.9340 -0.3478
vn 0.0820 -0.9340 -0.3478
vn -0.0547 -0.9937 -0.0978
vn 0.2698 -0.9386 0.2151
vn -0.4562 -0.8890 -0.0390
vn -0.2112 -0.8958 0.3911
vn -0.4723 -0.8587 0.1990
vn -0.2112 -0.8958 0.3912
vn -0.4488 -0.7961 0.4059
vn -0.4110 -0.8533 0.3209
vn 0.1800 -0.8883 0.4226
vn 0.2699 -0.9386 0.2151
vn 0.2378 -0.7756 0.5847
vn 0.1016 -0.8711 0.4805
vn 0.0625 -0.8831 0.4650
vn -0.1718 -0.9173 0.3592
vn -0.3943 -0.8980 0.1952
vn -0.1717 -0.9248 0.3395
vn 0.2855 -0.9582 -0.0195
vn 0.0039 -0.9117 0.4109
vn -0.3785 -0.7961 0.4722
vn 0.1794 -0.8776 0.4446
vn -0.1015 -0.7806 0.6167
vn 0.1172 -0.7384 0.6642
vn 0.0078 -0.8491 0.5282
vn 0.3979 -0.9089 0.1248
vn 0.2855 -0.9582 -0.0196
vn 0.5979 -0.7854 0.1602
vn 0.3908 -0.8950 0.2149
vn 0.3755 -0.8996 0.2230
vn 0.1640 -0.9217 0.3515
vn -0.1248 -0.8928 0.4328
vn 0.3326 -0.9352 0.1213
vn 0.1251 -0.9262 0.3556
vn -0.1836 -0.8597 0.4767
vn -0.1992 -0.9687 0.1484
vn -0.1758 -0.9532 -0.2461
vn -0.3902 -0.9093 0.1444
vn -0.3513 -0.9251 -0.1444
vn -0.3903 -0.9093 0.1444
vn -0.4653 -0.8837 -0.0509
vn -0.4760 -0.8780 -0.0505
vn -0.3754 -0.7899 0.4849
vn -0.1837 -0.8596 0.4767
vn -0.4889 -0.6454 0.5869
vn -0.3976 -0.8070 0.4367
vn -0.3401 -0.8639 0.3714
vn -0.4259 -0.8868 0.1797
vn -0.5082 -0.8602 -0.0430
vn -0.3325 -0.8527 0.4029
vn -0.4500 -0.8686 0.2074
vn 0.3127 -0.9498 -0.0078
vn 0.4643 -0.8857 -0.0078
vn 0.2154 -0.9748 0.0587
vn -0.2340 -0.9247 0.3004
vn -0.3238 -0.8738 -0.3628
vn -0.3748 -0.8316 -0.4099
vn -0.3200 -0.8860 -0.3356
vn -0.3238 -0.8738 -0.3627
vn -0.3323 -0.8990 -0.2853
vn -0.3199 -0.9402 -0.1170
vn -0.2967 -0.9524 0.0702
vn -0.2776 -0.9265 0.2541
vn -0.3048 -0.9260 0.2227
vn -0.2341 -0.9246 0.3004
vn -0.3084 -0.9135 0.2654
vn -0.3284 -0.8953 0.3010
vn 0.2190 -0.9700 0.1056
vn 0.3510 -0.9166 0.1911
vn 0.1095 -0.9892 0.0977
vn -0.3663 -0.9198 0.1403
vn -0.1287 -0.8544 -0.5033
vn -0.1482 -0.7917 -0.5927
vn -0.1565 -0.8604 -0.4850
vn -0.1288 -0.8545 -0.5033
vn -0.2033 -0.8718 -0.4457
vn -0.2654 -0.9095 -0.3201
vn -0.3434 -0.9248 -0.1639
vn -0.3793 -0.9229 -0.0665
vn -0.4412 -0.8902 -0.1132
vn -0.3664 -0.9198 0.1402
vn -0.4534 -0.8913 -0.0078
vn 0.0391 -0.9110 0.4105
vn -0.3706 -0.8465 -0.3822
vn -0.4014 -0.7756 -0.4872
vn -0.4370 -0.7374 -0.5150
vn -0.2895 -0.9309 -0.2230
vn -0.2071 -0.9730 -0.1016
vn -0.1990 -0.9755 -0.0936
vn 0.5236 -0.8519 0.0078
vn 0.5737 -0.8157 0.0741
vn 0.6596 -0.7494 0.0585
vn 0.3796 -0.9235 -0.0548
vn 0.2223 -0.9712 -0.0858
vn -0.3053 -0.8494 -0.4305
vn -0.3125 -0.7849 -0.5350
vn -0.3518 -0.7389 -0.5747
vn -0.2574 -0.9281 -0.2691
vn -0.1951 -0.9718 -0.1327
vn -0.0861 -0.9857 -0.1447
vn -0.0586 -0.9414 -0.3321
vn -0.0586 -0.9414 -0.3320
vn -0.1134 -0.9932 0.0273
vn -0.1329 -0.9774 0.1642
vn -0.1407 -0.9811 0.1328
vn 0.0469 -0.9500 0.3088
vn 0.1446 -0.9692 0.1994
vn 0.1446 -0.9692 0.1993
vn -0.0508 -0.9105 0.4103
vn -0.1446 -0.8560 0.4964
vn -0.1444 -0.8587 0.4918
vn -0.1368 0.9734 0.1837
vn -0.1759 0.9579 0.2268
vn -0.1877 0.9737 0.1290
vn -0.0935 0.9862 0.1365
vn 0.1722 0.8572 0.4853
vn -0.3128 -0.8602 -0.4027
vn -0.3554 -0.7772 -0.5194
vn -0.3595 -0.7697 -0.5275
vn -0.2502 -0.9343 -0.2541
vn -0.1952 -0.9718 -0.1327
vn 0.4773 -0.8412 -0.2543
vn 0.5815 -0.7767 -0.2420
vn 0.6281 -0.7256 -0.2809
vn 0.3013 -0.9271 -0.2230
vn 0.1486 -0.9738 -0.1721
vn 0.1368 -0.9769 -0.1641
vn -0.1446 0.9730 0.1797
vn -0.1918 0.9584 0.2112
vn -0.2029 0.9717 0.1210
vn -0.1053 0.9833 0.1483
vn 0.1760 0.8566 0.4850
vn -0.2659 -0.8879 0.3755
vn -0.3826 -0.8392 0.3865
vn -0.4180 -0.8086 0.4141
vn -0.1014 -0.9394 0.3274
vn 0.0312 -0.9624 0.2699
vn 0.0351 -0.9623 0.2699
vn 0.1287 0.9753 0.1795
vn 0.1833 0.9528 0.2420
vn 0.0624 0.9755 0.2107
vn 0.0780 0.9901 0.1169
vn 0.4964 0.8680 -0.0078
vn -0.0351 0.9677 -0.2497
vn -0.0587 0.9398 -0.3368
vn 0.0352 0.9695 -0.2424
vn -0.0079 0.9877 -0.1562
vn -0.4342 0.8606 -0.2660
vn 0.2504 0.9664 -0.0587
vn 0.3122 0.9480 -0.0624
vn 0.2581 0.9658 0.0235
vn 0.1914 0.9802 -0.0508
vn 0.1836 0.8554 -0.4844
vn 0.0936 -0.9441 -0.3160
vn -0.0038 -0.8873 -0.4612
vn 0.0235 -0.8886 -0.4580
vn 0.1210 -0.9797 -0.1601
vn 0.4178 -0.9020 0.1093
vn -0.3825 -0.8624 0.3317
vn -0.4103 -0.8397 0.3557
vn -0.3631 -0.8707 0.3318
vn -0.3824 -0.8624 0.3317
vn -0.2927 -0.8781 0.3786
vn -0.1327 -0.9326 0.3356
vn 0.1325 -0.9434 0.3041
vn 0.4177 -0.9020 0.1094
vn 0.3981 -0.8899 0.2225
vn 0.2813 -0.8166 -0.5040
vn 0.3560 -0.8763 0.3247
vn 0.3404 -0.8880 0.3090
vn 0.1989 -0.9517 -0.2340
vn 0.2542 -0.9111 -0.3246
vn 0.1289 -0.9842 -0.1211
vn 0.3130 -0.8882 0.3365
vn -0.3237 -0.9206 -0.2184
vn -0.1678 -0.9211 0.3512
vn -0.3868 -0.9221 -0.0117
vn -0.1678 -0.9211 0.3513
vn -0.3238 -0.9206 -0.2184
vn -0.4765 -0.8203 0.3164
vn -0.4580 -0.7595 0.4620
vn 0.1876 -0.8714 0.4533
vn 0.1639 -0.8080 0.5660
vn 0.0977 -0.8602 0.5005
vn -0.0470 -0.7275 0.6845
vn -0.2808 -0.6941 0.6629
vn -0.4993 -0.6319 0.5929
vn -0.1797 -0.5546 0.8125
vn -0.3364 -0.6298 0.7002
vn 0.3753 -0.8914 0.2541
vn 0.0665 -0.9500 0.3049
vn 0.0822 -0.9512 0.2975
vn -0.2264 -0.8314 0.5074
vn 0.1836 -0.8440 0.5040
vn -0.1093 -0.7886 0.6051
vn 0.1837 -0.8439 0.5040
vn -0.0352 -0.7735 0.6328
vn -0.0859 -0.8199 0.5661
vn 0.4421 -0.8490 0.2895
vn 0.5188 -0.7880 0.3316
vn 0.4378 -0.8444 0.3088
vn 0.4759 -0.8192 0.3199
vn 0.2067 -0.8813 0.4251
vn -0.1449 -0.8770 0.4581
vn 0.4600 -0.8616 0.2144
vn 0.1755 -0.9167 0.3589
vn -0.2814 -0.8559 0.4338
vn -0.1015 -0.9918 0.0780
vn -0.0977 -0.9930 0.0664
vn -0.3001 -0.9238 -0.2377
vn -0.3978 -0.9165 0.0429
vn -0.3715 -0.9032 -0.2150
vn -0.3001 -0.9238 -0.2378
vn -0.3794 -0.9075 -0.1799
vn -0.2581 -0.9461 -0.1955
vn -0.4379 -0.8133 0.3832
vn -0.5314 -0.7229 0.4416
vn -0.4653 -0.8171 0.3402
vn -0.4019 -0.8703 0.2849
vn -0.3244 -0.9459 0.0078
vn -0.2224 -0.9324 -0.2848
vn -0.3436 -0.9019 0.2616
vn -0.3588 -0.9320 -0.0507
vn -0.1095 -0.9929 -0.0469
vn -0.2583 -0.9626 -0.0822
vn -0.2582 -0.9626 -0.0822
vn -0.0429 -0.9990 0.0156
vn 0.4381 -0.8800 -0.1838
vn 0.4532 -0.7852 0.4220
vn 0.4967 -0.7118 0.4967
vn 0.4250 -0.8188 0.3860
vn 0.4532 -0.7853 0.4219
vn 0.3948 -0.8520 0.3439
vn 0.4697 -0.8651 0.1761
vn 0.4965 -0.8678 -0.0195
vn 0.5742 -0.7969 -0.1875
vn 0.5191 -0.8312 -0.1990
vn 0.4381 -0.8800 -0.1837
vn 0.4533 -0.8679 -0.2032
vn 0.3862 -0.8971 -0.2145
vn -0.1561 -0.8896 -0.4292
vn -0.1993 -0.8129 -0.5472
vn -0.1093 -0.9487 -0.2968
vn 0.4026 -0.9147 0.0352
vn -0.3708 -0.8704 0.3240
vn 0.1173 -0.8644 0.4889
vn -0.2382 -0.8396 0.4882
vn -0.0939 -0.7744 0.6257
vn -0.0823 -0.7873 0.6110
vn 0.4603 -0.8661 0.1951
vn 0.6056 -0.7501 0.2657
vn 0.4570 -0.8203 0.3438
vn 0.3833 -0.8253 0.4146
vn 0.1482 -0.8582 0.4915
vn -0.0899 -0.8323 0.5470
vn 0.3791 -0.8637 0.3322
vn 0.1799 -0.8603 0.4771
vn -0.1757 -0.9837 0.0390
vn -0.3400 -0.9381 0.0664
vn -0.0899 -0.9922 -0.0859
vn 0.2975 -0.8690 -0.3953
vn 0.4343 -0.8529 0.2896
vn 0.5075 -0.7885 0.3474
vn 0.5665 -0.7852 0.2500
vn 0.4343 -0.8530 0.2895
vn 0.6601 -0.7187 0.2187
vn 0.6751 -0.7376 0.0156
vn 0.5196 -0.8361 -0.1758
vn 0.5662 -0.7419 -0.3592
vn 0.5034 -0.7962 -0.3357
vn 0.2975 -0.8690 -0.3954
vn 0.3665 -0.8501 -0.3782
vn 0.2495 -0.8812 -0.4016
vn -0.1094 -0.8247 0.5549
vn -0.1839 -0.7706 0.6102
vn -0.1797 -0.7034 0.6877
vn -0.0195 -0.9171 0.3981
vn 0.0352 -0.9705 0.2387
vn 0.0352 -0.9742 0.2230
vn 0.2582 -0.9661 -0.0078
vn 0.1524 -0.9804 -0.1250
vn -0.1524 -0.9221 0.3556
vn -0.2539 -0.8831 -0.3946
vn -0.3280 -0.8313 -0.4488
vn -0.4381 -0.8254 -0.3560
vn -0.2540 -0.8831 -0.3946
vn -0.6208 -0.7224 -0.3046
vn -0.6489 -0.7505 -0.1251
vn -0.4366 -0.8966 0.0740
vn -0.5925 -0.7796 0.2027
vn -0.4646 -0.8628 0.1991
vn -0.1524 -0.9222 0.3555
vn -0.2730 -0.9126 0.3042
vn -0.1444 -0.9093 0.3903
vn 0.1717 -0.9834 0.0585
vn 0.3282 -0.9341 0.1406
vn 0.3283 -0.9340 0.1407
vn 0.1056 -0.9936 -0.0391
vn -0.2582 -0.9390 0.2270
vn 0.1171 -0.8898 -0.4410
vn -0.3480 -0.8955 -0.2776
vn -0.1132 -0.8588 -0.4997
vn -0.3480 -0.8954 -0.2776
vn -0.3204 -0.7971 -0.5118
vn -0.2426 -0.8532 -0.4618
vn -0.4494 -0.8871 0.1055
vn -0.2583 -0.9390 0.2270
vn -0.6164 -0.7762 0.1325
vn -0.4919 -0.8705 0.0156
vn -0.4690 -0.8830 -0.0192
vn -0.3241 -0.9176 -0.2304
vn -0.1249 -0.8981 -0.4217
vn -0.3044 -0.9253 -0.2263
vn -0.0313 -0.9579 0.2854
vn -0.4066 -0.9109 -0.0704
vn -0.3979 -0.7958 -0.4564
vn -0.4683 -0.8782 0.0975
vn -0.5895 -0.7808 -0.2069
vn -0.4684 -0.8781 0.0976
vn -0.6752 -0.7376 -0.0000
vn -0.5208 -0.8497 -0.0822
vn -0.1911 -0.9089 0.3706
vn -0.0312 -0.9579 0.2855
vn -0.2624 -0.7863 0.5594
vn -0.2776 -0.8954 0.3480
vn -0.2853 -0.8990 0.3322
vn -0.3748 -0.9215 0.1015
vn -0.4020 -0.8937 -0.1990
vn -0.1798 -0.9340 0.3087
vn -0.3713 -0.9264 0.0625
vn -0.4373 -0.8592 -0.2656
vn -0.1094 -0.9687 -0.2227
vn 0.2735 -0.9532 -0.1289
vn -0.0742 -0.9092 -0.4097
vn 0.2030 -0.9253 -0.3202
vn -0.0741 -0.9092 -0.4097
vn 0.1329 -0.8833 -0.4495
vn 0.1326 -0.8778 -0.4603
vn -0.4109 -0.7906 -0.4540
vn -0.4374 -0.8592 -0.2656
vn -0.4931 -0.6457 -0.5831
vn -0.3623 -0.8064 -0.4675
vn -0.3087 -0.8636 -0.3986
vn -0.1015 -0.8859 -0.4526
vn 0.1329 -0.8601 -0.4926
vn -0.3400 -0.8518 -0.3986
vn -0.1251 -0.8678 -0.4808
vn -0.0469 -0.9500 0.3088
vn -0.0740 -0.8848 0.4600
vn -0.0741 -0.8848 0.4600
vn -0.0939 -0.9746 0.2035
vn -0.2536 -0.9245 -0.2847
vn 0.4134 -0.8734 -0.2573
vn 0.4687 -0.8320 -0.2968
vn 0.3867 -0.8866 -0.2539
vn 0.4133 -0.8735 -0.2574
vn 0.3364 -0.8998 -0.2778
vn 0.1715 -0.9396 -0.2963
vn -0.0195 -0.9523 -0.3044
vn -0.1995 -0.9272 -0.3169
vn -0.1641 -0.9260 -0.3399
vn -0.2535 -0.9245 -0.2848
vn -0.2108 -0.9137 -0.3475
vn -0.2423 -0.8948 -0.3751
vn -0.1446 -0.9692 0.1993
vn -0.2497 -0.9167 0.3120
vn -0.1173 -0.9890 0.0900
vn -0.0741 -0.9210 -0.3824
vn 0.5187 -0.8540 -0.0390
vn 0.6087 -0.7920 -0.0468
vn 0.5047 -0.8607 -0.0665
vn 0.5187 -0.8541 -0.0390
vn 0.4762 -0.8704 -0.1249
vn 0.3596 -0.9107 -0.2032
vn 0.2225 -0.9249 -0.3083
vn 0.1292 -0.9239 -0.3602
vn 0.1875 -0.8907 -0.4141
vn 0.0860 -0.8911 -0.4456
vn -0.4106 -0.9113 -0.0313
vn 0.4405 -0.8461 -0.3002
vn 0.5500 -0.7762 -0.3081
vn 0.5814 -0.7376 -0.3434
vn 0.2699 -0.9308 -0.2464
vn 0.1367 -0.9727 -0.1875
vn 0.1287 -0.9753 -0.1794
vn -0.1015 -0.8510 0.5152
vn -0.1720 -0.8167 0.5509
vn -0.1717 -0.7491 0.6398
vn -0.0118 -0.9235 0.3835
vn 0.0429 -0.9713 0.2340
vn 0.4772 -0.8490 -0.2269
vn 0.5816 -0.7846 -0.2147
vn 0.6262 -0.7397 -0.2466
vn 0.3083 -0.9286 -0.2068
vn 0.1640 -0.9721 -0.1679
vn 0.1565 -0.9859 -0.0587
vn 0.3362 -0.9418 0.0001
vn 0.3361 -0.9418 -0.0000
vn -0.0078 -0.9931 -0.1173
vn -0.1369 -0.9775 -0.1603
vn -0.1094 -0.9804 -0.1640
vn -0.3127 -0.9498 -0.0078
vn -0.2227 -0.9687 0.1094
vn -0.3948 -0.9108 -0.1212
vn -0.4646 -0.8550 -0.2304
vn -0.4573 -0.8599 -0.2267
vn -0.1563 0.9733 -0.1681
vn -0.0938 0.9738 -0.2073
vn -0.1170 0.9867 -0.1131
vn -0.5085 0.8567 0.0860
vn 0.4498 -0.8606 -0.2386
vn 0.5741 -0.7772 -0.2578
vn 0.5816 -0.7690 -0.2654
vn 0.2932 -0.9342 -0.2033
vn 0.1680 -0.8401 0.5157
vn 0.1406 -0.7773 0.6133
vn 0.1678 -0.7257 0.6672
vn 0.1681 -0.9266 0.3363
vn 0.1447 -0.9737 0.1760
vn 0.1406 -0.9764 0.1641
vn -0.1523 0.9726 -0.1758
vn -0.1759 0.9579 -0.2267
vn -0.0859 0.9720 -0.2186
vn -0.1288 0.9833 -0.1288
vn -0.5086 0.8567 0.0861
vn -0.3244 -0.8872 -0.3282
vn -0.3123 -0.8393 -0.4450
vn -0.3357 -0.8081 -0.4841
vn -0.3042 -0.9398 -0.1560
vn -0.2737 -0.9617 -0.0156
vn -0.2700 -0.9628 -0.0117
vn -0.1989 0.9752 0.0975
vn -0.2732 0.9522 0.1366
vn -0.2185 0.9756 0.0234
vn -0.1286 0.9902 0.0546
vn -0.0781 0.8671 0.4920
vn 0.2499 0.9682 0.0078
vn 0.3442 0.9389 -0.0000
vn 0.2307 0.9699 0.0782
vn 0.1561 0.9875 0.0195
vn 0.3403 0.8604 -0.3794
vn 0.0117 0.9660 0.2581
vn 0.0078 0.9487 0.3162
vn -0.0665 0.9659 0.2503
vn 0.0195 0.9798 0.1991
vn 0.4456 0.8561 0.2619
vn 0.0001 -1.0000 -0.0000
vn -0.8046 -0.0039 0.5938
vn -0.5932 0.0429 -0.8039
vn -0.0000 -1.0000 0.0001
vn 0.8041 -0.0351 -0.5934
vn -0.0000 -1.0000 -0.0001
vn 0.5936 -0.0820 0.8006
vn -0.0001 -1.0000 -0.0000
vn -0.6833 0.0078 -0.7301
vn -0.7301 -0.0156 0.6832
vn 0.6833 -0.0078 0.7301
vn 0.7301 0.0156 -0.6832
vn -0.4463 0.0665 0.8924
vn 0.8934 0.0624 0.4448
vn -0.8934 -0.0624 -0.4448
vn 0.4463 -0.0665 -0.8924
vn -0.8041 0.0351 0.5934
vn 0.5932 -0.0429 0.8039
vn -0.0001 1.0000 -0.0001
vn 0.8046 0.0039 -0.5937
vn -0.0001 1.0000 -0.0000
vn -0.5936 0.0820 -0.8006
vn 0.0001 1.0000 -0.0000
vn -0.0001 1.0000 0.0001
vn 0.7300 0.0156 -0.6833
vn 0.4462 -0.0665 -0.8924
vt 0.500000 0.004944
vt 0.004944 0.004944
vt 0.004944 0.500000
vt 0.995056 0.004944
vt 0.500000 0.500000
vt 0.995056 0.500000
vt 0.995056 0.995056
vt 0.496964 0.927399
vt 0.004944 0.995056
vt 0.509659 0.929077
vt 0.719330 0.995056
vt 0.509659 0.927704
vt 0.294968 0.513580
vt 0.194077 0.670944
vt 0.486420 0.794815
vt -0.006760 0.380325
vt 0.004944 0.992981
vt 0.995056 0.992981
vt 0.501160 0.796692
vt 0.507385 0.796692
vt 0.507385 0.795135
vt 0.501160 0.795135
vt 0.507385 0.793579
vt 0.501160 0.793579
vt 0.507385 0.792023
vt 0.501160 0.792023
vt 0.507385 0.790466
vt 0.501160 0.790466
vt 0.500000 0.665024
vt 0.496964 0.928772
vt 0.004944 0.665024
vt 0.004944 0.334976
vt 0.995056 0.665024
vt 0.995056 0.334976
vt 0.500000 0.334976
vt 0.004944 0.475708
vt 0.995056 0.344666
vt 0.995056 0.529251
vt 0.004944 0.588104
vt 0.995056 0.500565
vt 0.004944 0.512329
vt 0.721909 0.987167
s 1
usemtl Leaf
f 1/1/1 2/2/2 3/3/3
f 4/4/4 5/1/5 6/5/6
f 6/5/6 7/6/7 4/4/4
f 8/3/3 6/5/6 5/1/5
f 9/7/8 7/6/7 6/5/6
f 10/8/9 8/3/3 11/9/10
f 10/8/9 6/5/6 8/3/3
f 12/10/11 9/7/8 6/5/6
f 10/8/9 12/10/11 6/5/6
f 12/10/11 13/11/12 9/7/8
f 14/12/11 15/8/9 16/8/13
f 16/8/13 17/12/14 14/12/11
f 18/3/15 19/2/16 20/1/17
f 21/5/18 22/1/19 23/4/20
f 23/4/20 24/6/21 21/5/18
f 22/1/19 21/5/18 25/3/15
f 21/5/18 24/6/21 26/7/22
f 27/9/23 25/3/15 28/8/24
f 25/3/15 21/5/18 28/8/24
f 21/5/18 26/7/22 29/10/25
f 21/5/18 29/10/25 28/8/24
f 26/7/22 30/11/26 29/10/25
f 31/8/27 32/8/24 33/12/28
f 33/12/28 34/12/29 31/8/27
f 35/1/30 36/2/31 37/3/32
f 38/4/33 39/1/34 40/5/35
f 40/5/35 41/6/36 38/4/33
f 42/3/37 40/5/35 39/1/34
f 43/7/38 41/6/36 40/5/35
f 44/8/39 42/3/37 45/9/40
f 44/8/39 40/5/35 42/3/37
f 46/10/41 43/7/38 40/5/35
f 44/8/39 46/10/41 40/5/35
f 46/10/41 47/11/42 43/7/38
f 48/12/43 49/8/44 50/8/45
f 50/8/45 51/12/45 48/12/43
f 52/3/46 53/2/47 54/1/48
f 55/5/49 56/1/50 57/4/51
f 57/4/51 58/6/52 55/5/49
f 56/1/50 55/5/49 59/3/53
f 55/5/49 58/6/52 60/7/54
f 61/9/55 59/3/53 62/8/56
f 59/3/53 55/5/49 62/8/56
f 55/5/49 60/7/54 63/10/57
f 55/5/49 63/10/57 62/8/56
f 60/7/54 64/11/58 63/10/57
f 65/8/59 66/8/60 67/12/61
f 67/12/61 68/12/62 65/8/59
f 69/1/63 70/2/64 71/3/65
f 72/4/66 73/1/67 74/5/68
f 75/3/65 74/5/68 73/1/67
f 76/8/69 75/3/65 77/9/70
f 76/8/69 74/5/68 75/3/65
f 74/5/68 78/6/71 79/4/66
f 80/7/72 78/6/71 74/5/68
f 76/8/69 81/10/73 74/5/68
f 81/10/73 80/7/72 74/5/68
f 81/10/73 82/11/74 80/7/72
f 83/12/75 84/8/69 85/8/76
f 85/8/76 86/12/76 83/12/75
f 87/3/77 88/2/78 89/1/79
f 90/5/80 91/1/81 92/4/82
f 91/1/81 90/5/80 93/3/77
f 94/9/83 93/3/77 95/8/84
f 93/3/77 90/5/80 95/8/84
f 96/4/82 97/6/85 90/5/80
f 90/5/80 97/6/85 98/7/86
f 90/5/80 99/10/87 95/8/84
f 90/5/80 98/7/86 99/10/87
f 98/7/86 100/11/88 99/10/87
f 101/8/89 102/8/84 103/12/90
f 103/12/90 104/12/91 101/8/89
f 105/1/92 106/2/93 107/3/94
f 108/4/95 109/1/96 110/5/97
f 110/5/97 111/6/98 108/4/95
f 112/3/94 110/5/97 109/1/96
f 113/7/99 111/6/98 110/5/97
f 114/8/100 112/3/94 115/9/101
f 114/8/100 110/5/97 112/3/94
f 116/10/102 113/7/99 110/5/97
f 114/8/100 116/10/102 110/5/97
f 116/10/102 117/11/103 113/7/99
f 118/12/102 119/8/104 120/8/105
f 120/8/105 121/12/106 118/12/102
f 122/3/107 123/2/108 124/1/109
f 125/5/110 126/1/111 127/4/112
f 127/4/112 128/6/113 125/5/110
f 126/1/111 125/5/110 129/3/107
f 125/5/110 128/6/113 130/7/114
f 131/9/115 129/3/107 132/8/116
f 129/3/107 125/5/110 132/8/116
f 125/5/110 130/7/114 133/10/117
f 125/5/110 133/10/117 132/8/116
f 130/7/114 134/11/118 133/10/117
f 135/8/119 136/8/120 137/12/121
f 137/12/121 138/12/122 135/8/119
f 139/1/123 140/2/124 141/3/125
f 142/4/126 143/1/123 144/5/127
f 144/5/127 145/6/128 142/4/126
f 146/3/125 144/5/127 143/1/123
f 147/7/129 145/6/128 144/5/127
f 148/8/130 146/3/125 149/9/131
f 148/8/130 144/5/127 146/3/125
f 150/10/132 147/7/129 144/5/127
f 148/8/130 150/10/132 144/5/127
f 150/10/132 151/11/133 147/7/129
f 152/12/134 153/8/130 154/8/135
f 154/8/135 155/12/135 152/12/134
f 156/3/136 157/2/137 158/1/138
f 159/5/139 160/1/138 161/4/140
f 161/4/140 162/6/141 159/5/139
f 160/1/138 159/5/139 163/3/136
f 159/5/139 162/6/141 164/7/142
f 165/9/143 163/3/136 166/8/144
f 163/3/136 159/5/139 166/8/144
f 159/5/139 164/7/142 167/10/145
f 159/5/139 167/10/145 166/8/144
f 164/7/142 168/11/146 167/10/145
f 169/8/147 170/8/148 171/12/149
f 171/12/149 172/12/147 169/8/147
f 173/1/150 174/2/151 175/3/152
f 176/4/153 177/1/154 178/5/155
f 179/3/152 178/5/155 177/1/154
f 180/8/156 179/3/152 181/9/157
f 180/8/156 178/5/155 179/3/152
f 178/5/155 182/6/158 183/4/153
f 184/7/159 182/6/158 178/5/155
f 180/8/156 185/10/160 178/5/155
f 185/10/160 184/7/159 178/5/155
f 185/10/160 186/11/161 184/7/159
f 187/12/162 188/8/163 189/8/164
f 189/8/164 190/12/165 187/12/162
f 191/3/166 192/2/167 193/1/168
f 194/5/169 195/1/170 196/4/171
f 195/1/170 194/5/169 197/3/172
f 198/9/173 197/3/172 199/8/174
f 197/3/172 194/5/169 199/8/174
f 200/4/171 201/6/175 194/5/169
f 194/5/169 201/6/175 202/7/176
f 194/5/169 203/10/177 199/8/174
f 194/5/169 202/7/176 203/10/177
f 202/7/176 204/11/178 203/10/177
f 205/8/179 206/8/180 207/12/177
f 207/12/177 208/12/179 205/8/179
f 209/8/181 210/12/181 211/12/182
f 211/12/182 212/8/183 209/8/181
f 213/8/184 214/3/185 215/9/186
f 216/1/187 217/2/188 214/3/185
f 213/8/184 218/5/189 214/3/185
f 214/3/185 218/5/189 216/1/187
f 219/4/190 216/1/187 218/5/189
f 218/5/189 220/6/191 219/4/190
f 213/8/184 221/10/192 218/5/189
f 222/7/193 220/6/191 218/5/189
f 221/10/192 222/7/193 218/5/189
f 221/10/192 223/11/194 222/7/193
f 224/12/195 225/12/196 226/8/196
f 226/8/196 227/8/197 224/12/195
f 228/9/198 229/3/199 230/8/200
f 229/3/199 231/2/201 232/1/202
f 229/3/199 233/5/203 230/8/200
f 232/1/202 233/5/203 229/3/199
f 233/5/203 232/1/202 234/4/204
f 234/4/204 235/6/205 233/5/203
f 233/5/203 236/10/206 230/8/200
f 233/5/203 235/6/205 237/7/207
f 233/5/203 237/7/207 236/10/206
f 237/7/207 238/11/208 236/10/206
f 239/8/209 240/12/209 241/12/210
f 241/12/210 242/8/211 239/8/209
f 243/8/212 244/3/213 245/9/214
f 246/1/215 247/2/216 244/3/213
f 243/8/212 248/5/217 244/3/213
f 244/3/213 248/5/217 246/1/215
f 249/4/218 246/1/215 248/5/217
f 248/5/217 250/6/219 249/4/218
f 243/8/212 251/10/220 248/5/217
f 252/7/221 250/6/219 248/5/217
f 251/10/220 252/7/221 248/5/217
f 251/10/220 253/11/222 252/7/221
f 254/12/223 255/12/224 256/8/224
f 256/8/224 257/8/225 254/12/223
f 258/9/226 259/3/227 260/8/228
f 259/3/227 261/2/229 262/1/230
f 259/3/227 263/5/231 260/8/228
f 262/1/230 263/5/231 259/3/227
f 263/5/231 262/1/230 264/4/232
f 264/4/232 265/6/233 263/5/231
f 263/5/231 266/10/234 260/8/228
f 263/5/231 265/6/233 267/7/235
f 263/5/231 267/7/235 266/10/234
f 267/7/235 268/11/236 266/10/234
f 269/8/237 270/12/238 271/12/239
f 271/12/239 272/8/240 269/8/237
f 273/8/241 274/3/242 275/9/243
f 273/8/241 276/5/244 274/3/242
f 273/8/241 277/10/245 276/5/244
f 278/1/246 279/2/247 280/3/242
f 280/3/242 281/5/248 278/1/246
f 282/4/249 278/1/246 281/5/248
f 281/5/248 283/6/250 282/4/249
f 284/7/251 283/6/250 281/5/248
f 285/10/239 284/7/251 281/5/248
f 285/10/239 286/11/252 284/7/251
f 287/12/253 288/12/254 289/8/255
f 289/8/255 290/8/256 287/12/253
f 291/9/257 292/3/258 293/8/259
f 292/3/258 294/5/260 293/8/259
f 294/5/260 295/10/253 293/8/259
f 296/3/258 297/2/261 298/1/262
f 298/1/262 299/5/260 296/3/258
f 299/5/260 298/1/262 300/4/263
f 300/4/263 301/6/264 299/5/260
f 299/5/260 301/6/264 302/7/265
f 299/5/260 302/7/265 303/10/253
f 302/7/265 304/11/266 303/10/253
f 305/8/267 306/12/268 307/12/269
f 307/12/269 308/8/270 305/8/267
f 309/8/271 310/3/272 311/9/273
f 312/1/274 313/2/275 310/3/272
f 309/8/271 314/5/276 310/3/272
f 310/3/272 314/5/276 312/1/274
f 315/4/277 312/1/274 314/5/276
f 314/5/276 316/6/278 315/4/277
f 309/8/271 317/10/279 314/5/276
f 318/7/280 316/6/278 314/5/276
f 317/10/279 318/7/280 314/5/276
f 317/10/279 319/11/281 318/7/280
f 320/12/282 321/12/283 322/8/284
f 322/8/284 323/8/285 320/12/282
f 324/9/286 325/3/287 326/8/288
f 325/3/287 327/2/289 328/1/290
f 325/3/287 329/5/291 326/8/288
f 328/1/290 329/5/291 325/3/287
f 329/5/291 328/1/290 330/4/292
f 330/4/292 331/6/293 329/5/291
f 329/5/291 332/10/294 326/8/288
f 329/5/291 331/6/293 333/7/295
f 329/5/291 333/7/295 332/10/294
f 333/7/295 334/11/296 332/10/294
f 335/8/297 336/12/297 337/12/298
f 337/12/298 338/8/299 335/8/297
f 339/8/299 340/3/300 341/9/301
f 342/1/302 343/2/303 340/3/300
f 339/8/299 344/5/304 340/3/300
f 340/3/300 344/5/304 342/1/302
f 345/4/305 342/1/302 344/5/304
f 344/5/304 346/6/306 345/4/305
f 339/8/299 347/10/307 344/5/304
f 348/7/308 346/6/306 344/5/304
f 347/10/307 348/7/308 344/5/304
f 347/10/307 349/11/309 348/7/308
f 350/12/310 351/12/311 352/8/311
f 352/8/311 353/8/312 350/12/310
f 354/9/313 355/3/314 356/8/315
f 355/3/314 357/2/316 358/1/317
f 355/3/314 359/5/318 356/8/315
f 358/1/317 359/5/318 355/3/314
f 359/5/318 358/1/317 360/4/319
f 360/4/319 361/6/320 359/5/318
f 359/5/318 362/10/321 356/8/315
f 359/5/318 361/6/320 363/7/322
f 359/5/318 363/7/322 362/10/321
f 363/7/322 364/11/323 362/10/321
f 365/8/324 366/12/324 367/12/325
f 367/12/325 368/8/326 365/8/324
f 369/8/327 370/3/328 371/9/329
f 372/1/330 373/2/331 370/3/328
f 369/8/327 374/5/332 370/3/328
f 370/3/328 374/5/332 372/1/330
f 375/4/333 372/1/330 374/5/332
f 374/5/332 376/6/334 375/4/333
f 369/8/327 377/10/335 374/5/332
f 378/7/336 376/6/334 374/5/332
f 377/10/335 378/7/336 374/5/332
f 377/10/335 379/11/337 378/7/336
f 380/12/338 381/12/339 382/8/339
f 382/8/339 383/8/340 380/12/338
f 384/9/341 385/3/342 386/8/343
f 385/3/342 387/2/344 388/1/345
f 385/3/342 389/5/346 386/8/343
f 388/1/345 389/5/346 385/3/342
f 389/5/346 388/1/345 390/4/347
f 390/4/347 391/6/348 389/5/346
f 389/5/346 392/10/349 386/8/343
f 389/5/346 391/6/348 393/7/350
f 389/5/346 393/7/350 392/10/349
f 393/7/350 394/11/351 392/10/349
f 395/8/352 396/12/353 397/12/354
f 397/12/354 398/8/355 395/8/352
f 399/8/356 400/3/357 401/9/358
f 402/1/359 403/2/360 400/3/357
f 399/8/356 404/5/361 400/3/357
f 400/3/357 404/5/361 402/1/359
f 405/4/362 402/1/359 404/5/361
f 404/5/361 406/6/363 405/4/362
f 399/8/356 407/10/364 404/5/361
f 408/7/365 406/6/363 404/5/361
f 407/10/364 408/7/365 404/5/361
f 407/10/364 409/11/366 408/7/365
f 410/12/367 411/12/368 412/8/369
f 412/8/369 413/8/370 410/12/367
f 414/9/371 415/3/372 416/8/370
f 415/3/372 417/2/373 418/1/374
f 415/3/372 419/5/375 416/8/370
f 418/1/374 419/5/375 415/3/372
f 419/5/375 418/1/374 420/4/376
f 420/4/376 421/6/377 419/5/375
f 419/5/375 422/10/367 416/8/370
f 419/5/375 421/6/377 423/7/378
f 419/5/375 423/7/378 422/10/367
f 423/7/378 424/11/379 422/10/367
f 425/8/380 426/12/380 427/12/381
f 427/12/381 428/8/382 425/8/380
f 429/8/382 430/3/383 431/9/384
f 432/1/385 433/2/386 430/3/383
f 429/8/382 434/5/387 430/3/383
f 430/3/383 434/5/387 432/1/385
f 435/4/388 432/1/385 434/5/387
f 434/5/387 436/6/389 435/4/388
f 429/8/382 437/10/390 434/5/387
f 438/7/391 436/6/389 434/5/387
f 437/10/390 438/7/391 434/5/387
f 437/10/390 439/11/392 438/7/391
f 440/12/393 441/12/394 442/8/394
f 442/8/394 443/8/395 440/12/393
f 444/9/396 445/3/397 446/8/395
f 445/3/397 447/2/398 448/1/399
f 445/3/397 449/5/400 446/8/395
f 448/1/399 449/5/400 445/3/397
f 449/5/400 448/1/399 450/4/401
f 450/4/401 451/6/402 449/5/400
f 449/5/400 452/10/403 446/8/395
f 449/5/400 451/6/402 453/7/404
f 449/5/400 453/7/404 452/10/403
f 453/7/404 454/11/405 452/10/403
f 455/8/406 456/12/406 457/12/407
f 457/12/407 458/8/408 455/8/406
f 459/8/409 460/3/410 461/9/411
f 462/1/412 463/2/413 460/3/410
f 459/8/409 464/5/414 460/3/410
f 460/3/410 464/5/414 462/1/412
f 465/4/415 462/1/412 464/5/414
f 464/5/414 466/6/416 465/4/415
f 459/8/409 467/10/417 464/5/414
f 468/7/418 466/6/416 464/5/414
f 467/10/417 468/7/418 464/5/414
f 467/10/417 469/11/419 468/7/418
f 470/12/420 471/12/421 472/8/421
f 472/8/421 473/8/422 470/12/420
f 474/9/423 475/3/424 476/8/425
f 475/3/424 477/2/426 478/1/427
f 475/3/424 479/5/428 476/8/425
f 478/1/427 479/5/428 475/3/424
f 479/5/428 478/1/427 480/4/429
f 480/4/429 481/6/430 479/5/428
f 479/5/428 482/10/431 476/8/425
f 479/5/428 481/6/430 483/7/432
f 479/5/428 483/7/432 482/10/431
f 483/7/432 484/11/433 482/10/431
f 485/8/434 486/12/434 487/12/435
f 487/12/435 488/8/436 485/8/434
f 489/8/437 490/3/438 491/9/439
f 492/1/440 493/2/441 490/3/438
f 489/8/437 494/5/442 490/3/438
f 490/3/438 494/5/442 492/1/440
f 495/4/443 492/1/440 494/5/442
f 494/5/442 496/6/444 495/4/443
f 489/8/437 497/10/435 494/5/442
f 498/7/445 496/6/444 494/5/442
f 497/10/435 498/7/445 494/5/442
f 497/10/435 499/11/446 498/7/445
f 500/12/447 501/12/448 502/8/448
f 502/8/448 503/8/449 500/12/447
f 504/9/450 505/3/451 506/8/452
f 505/3/451 507/2/453 508/1/454
f 505/3/451 509/5/455 506/8/452
f 508/1/454 509/5/455 505/3/451
f 509/5/455 508/1/454 510/4/456
f 510/4/456 511/6/457 509/5/455
f 509/5/455 512/10/447 506/8/452
f 509/5/455 511/6/457 513/7/458
f 509/5/455 513/7/458 512/10/447
f 513/7/458 514/11/459 512/10/447
f 515/8/460 516/12/460 517/12/461
f 517/12/461 518/8/462 515/8/460
f 519/8/463 520/3/464 521/9/465
f 522/1/466 523/2/467 520/3/464
f 519/8/463 524/5/468 520/3/464
f 520/3/464 524/5/468 522/1/466
f 525/4/469 522/1/466 524/5/468
f 524/5/468 526/6/470 525/4/469
f 519/8/463 527/10/471 524/5/468
f 528/7/472 526/6/470 524/5/468
f 527/10/471 528/7/472 524/5/468
f 527/10/471 529/11/473 528/7/472
f 530/12/474 531/12/475 532/8/475
f 532/8/475 533/8/476 530/12/474
f 534/9/477 535/3/478 536/8/479
f 535/3/478 537/2/480 538/1/481
f 535/3/478 539/5/482 536/8/479
f 538/1/481 539/5/482 535/3/478
f 539/5/482 538/1/481 540/4/483
f 540/4/483 541/6/484 539/5/482
f 539/5/482 542/10/485 536/8/479
f 539/5/482 541/6/484 543/7/486
f 539/5/482 543/7/486 542/10/485
f 543/7/486 544/11/487 542/10/485
f 545/8/488 546/12/488 547/12/489
f 547/12/489 548/8/490 545/8/488
f 549/8/491 550/3/492 551/9/493
f 552/1/494 553/2/495 550/3/492
f 549/8/491 554/5/496 550/3/492
f 550/3/492 554/5/496 552/1/494
f 555/4/497 552/1/494 554/5/496
f 554/5/496 556/6/498 555/4/497
f 549/8/491 557/10/489 554/5/496
f 558/7/499 556/6/498 554/5/496
f 557/10/489 558/7/499 554/5/496
f 557/10/489 559/11/500 558/7/499
f 560/12/501 561/12/502 562/8/502
f 562/8/502 563/8/503 560/12/501
f 564/9/504 565/3/505 566/8/506
f 565/3/505 567/2/507 568/1/508
f 565/3/505 569/5/509 566/8/506
f 568/1/508 569/5/509 565/3/505
f 569/5/509 568/1/508 570/4/510
f 570/4/510 571/6/511 569/5/509
f 569/5/509 572/10/501 566/8/506
f 569/5/509 571/6/511 573/7/512
f 569/5/509 573/7/512 572/10/501
f 573/7/512 574/11/513 572/10/501
f 575/8/514 576/12/514 577/12/515
f 577/12/515 578/8/516 575/8/514
f 579/8/517 580/3/518 581/9/519
f 582/1/520 583/2/521 580/3/518
f 579/8/517 584/5/522 580/3/518
f 580/3/518 584/5/522 582/1/520
f 585/4/523 582/1/520 584/5/522
f 584/5/522 586/6/524 585/4/523
f 579/8/517 587/10/525 584/5/522
f 588/7/526 586/6/524 584/5/522
f 587/10/525 588/7/526 584/5/522
f 587/10/525 589/11/527 588/7/526
f 590/12/528 591/12/529 592/8/529
f 592/8/529 593/8/530 590/12/528
f 594/9/531 595/3/532 596/8/533
f 595/3/532 597/2/534 598/1/535
f 595/3/532 599/5/536 596/8/533
f 598/1/535 599/5/536 595/3/532
f 599/5/536 598/1/535 600/4/537
f 600/4/537 601/6/538 599/5/536
f 599/5/536 602/10/539 596/8/533
f 599/5/536 601/6/538 603/7/540
f 599/5/536 603/7/540 602/10/539
f 603/7/540 604/11/541 602/10/539
f 605/8/542 606/12/542 607/12/543
f 607/12/543 608/8/544 605/8/542
f 609/8/545 610/3/546 611/9/547
f 612/1/548 613/2/549 610/3/546
f 609/8/545 614/5/550 610/3/546
f 610/3/546 614/5/550 612/1/548
f 615/4/551 612/1/548 614/5/550
f 614/5/550 616/6/552 615/4/551
f 609/8/545 617/10/543 614/5/550
f 618/7/553 616/6/552 614/5/550
f 617/10/543 618/7/553 614/5/550
f 617/10/543 619/11/554 618/7/553
f 620/12/555 621/12/556 622/8/556
f 622/8/556 623/8/557 620/12/555
f 624/9/558 625/3/559 626/8/557
f 625/3/559 627/2/560 628/1/561
f 625/3/559 629/5/562 626/8/557
f 628/1/561 629/5/562 625/3/559
f 629/5/562 628/1/561 630/4/563
f 630/4/563 631/6/564 629/5/562
f 629/5/562 632/10/555 626/8/557
f 629/5/562 631/6/564 633/7/565
f 629/5/562 633/7/565 632/10/555
f 633/7/565 634/11/566 632/10/555
f 635/8/567 636/12/568 637/12/569
f 637/12/569 638/8/570 635/8/567
f 639/8/571 640/3/572 641/9/573
f 642/1/574 643/2/575 640/3/572
f 639/8/571 644/5/576 640/3/572
f 640/3/572 644/5/576 642/1/574
f 645/4/577 642/1/574 644/5/576
f 644/5/576 646/6/578 645/4/577
f 639/8/571 647/10/569 644/5/576
f 648/7/579 646/6/578 644/5/576
f 647/10/569 648/7/579 644/5/576
f 647/10/569 649/11/580 648/7/579
f 650/12/581 651/12/582 652/8/583
f 652/8/583 653/8/584 650/12/581
f 654/9/585 655/3/586 656/8/587
f 655/3/586 657/2/588 658/1/589
f 655/3/586 659/5/590 656/8/587
f 658/1/589 659/5/590 655/3/586
f 659/5/590 658/1/589 660/4/591
f 660/4/591 661/6/592 659/5/590
f 659/5/590 662/10/581 656/8/587
f 659/5/590 661/6/592 663/7/593
f 659/5/590 663/7/593 662/10/581
f 663/7/593 664/11/594 662/10/581
f 665/8/595 666/12/595 667/12/596
f 667/12/596 668/8/597 665/8/595
f 669/8/598 670/3/599 671/9/600
f 672/1/601 673/2/602 670/3/599
f 669/8/598 674/5/603 670/3/599
f 670/3/599 674/5/603 672/1/601
f 675/4/604 672/1/601 674/5/603
f 674/5/603 676/6/605 675/4/604
f 669/8/598 677/10/606 674/5/603
f 678/7/607 676/6/605 674/5/603
f 677/10/606 678/7/607 674/5/603
f 677/10/606 679/11/608 678/7/607
f 680/12/609 681/12/610 682/8/610
f 682/8/610 683/8/611 680/12/609
f 684/9/612 685/3/613 686/8/614
f 685/3/613 687/2/615 688/1/616
f 685/3/613 689/5/617 686/8/614
f 688/1/616 689/5/617 685/3/613
f 689/5/617 688/1/616 690/4/618
f 690/4/618 691/6/619 689/5/617
f 689/5/617 692/10/609 686/8/614
f 689/5/617 691/6/619 693/7/620
f 689/5/617 693/7/620 692/10/609
f 693/7/620 694/11/621 692/10/609
f 695/8/622 696/12/623 697/12/624
f 697/12/624 698/8/625 695/8/622
f 699/8/625 700/3/626 701/9/627
f 702/1/628 703/2/629 700/3/626
f 699/8/625 704/5/630 700/3/626
f 700/3/626 704/5/630 702/1/628
f 705/4/631 702/1/628 704/5/630
f 704/5/630 706/6/632 705/4/631
f 699/8/625 707/10/624 704/5/630
f 708/7/633 706/6/632 704/5/630
f 707/10/624 708/7/633 704/5/630
f 707/10/624 709/11/634 708/7/633
f 710/12/635 711/12/636 712/8/637
f 712/8/637 713/8/638 710/12/635
f 714/9/639 715/3/640 716/8/638
f 715/3/640 717/2/641 718/1/642
f 715/3/640 719/5/643 716/8/638
f 718/1/642 719/5/643 715/3/640
f 719/5/643 718/1/642 720/4/644
f 720/4/644 721/6/645 719/5/643
f 719/5/643 722/10/646 716/8/638
f 719/5/643 721/6/645 723/7/647
f 719/5/643 723/7/647 722/10/646
f 723/7/647 724/11/648 722/10/646
f 725/8/649 726/12/650 727/12/651
f 727/12/651 728/8/652 725/8/649
f 729/8/652 730/3/653 731/9/654
f 732/1/655 733/2/656 730/3/653
f 729/8/652 734/5/657 730/3/653
f 730/3/653 734/5/657 732/1/655
f 735/4/658 732/1/655 734/5/657
f 734/5/657 736/6/659 735/4/658
f 729/8/652 737/10/660 734/5/657
f 738/7/661 736/6/659 734/5/657
f 737/10/660 738/7/661 734/5/657
f 737/10/660 739/11/662 738/7/661
f 740/12/663 741/12/664 742/8/665
f 742/8/665 743/8/666 740/12/663
f 744/9/667 745/3/668 746/8/666
f 745/3/668 747/2/669 748/1/670
f 745/3/668 749/5/671 746/8/666
f 748/1/670 749/5/671 745/3/668
f 749/5/671 748/1/670 750/4/672
f 750/4/672 751/6/673 749/5/671
f 749/5/671 752/10/674 746/8/666
f 749/5/671 751/6/673 753/7/675
f 749/5/671 753/7/675 752/10/674
f 753/7/675 754/11/676 752/10/674
f 755/8/677 756/12/678 757/12/679
f 757/12/679 758/8/680 755/8/677
f 759/8/681 760/3/682 761/9/683
f 762/1/684 763/2/685 760/3/682
f 759/8/681 764/5/686 760/3/682
f 760/3/682 764/5/686 762/1/684
f 765/4/687 762/1/684 764/5/686
f 764/5/686 766/6/688 765/4/687
f 759/8/681 767/10/689 764/5/686
f 768/7/690 766/6/688 764/5/686
f 767/10/689 768/7/690 764/5/686
f 767/10/689 769/11/691 768/7/690
f 770/12/692 771/12/693 772/8/694
f 772/8/694 773/8/695 770/12/692
f 774/9/696 775/3/697 776/8/695
f 775/3/697 777/2/698 778/1/699
f 775/3/697 779/5/700 776/8/695
f 778/1/699 779/5/700 775/3/697
f 779/5/700 778/1/699 780/4/701
f 780/4/701 781/6/702 779/5/700
f 779/5/700 782/10/703 776/8/695
f 779/5/700 781/6/702 783/7/704
f 779/5/700 783/7/704 782/10/703
f 783/7/704 784/11/705 782/10/703
f 785/8/706 786/12/706 787/12/707
f 787/12/707 788/8/708 785/8/706
f 789/8/708 790/3/709 791/9/710
f 792/1/711 793/2/712 790/3/709
f 789/8/708 794/5/713 790/3/709
f 790/3/709 794/5/713 792/1/711
f 795/4/714 792/1/711 794/5/713
f 794/5/713 796/6/715 795/4/714
f 789/8/708 797/10/716 794/5/713
f 798/7/717 796/6/715 794/5/713
f 797/10/716 798/7/717 794/5/713
f 797/10/716 799/11/718 798/7/717
f 800/12/719 801/12/720 802/8/720
f 802/8/720 803/8/721 800/12/719
f 804/9/722 805/3/723 806/8/721
f 805/3/723 807/2/724 808/1/725
f 805/3/723 809/5/726 806/8/721
f 808/1/725 809/5/726 805/3/723
f 809/5/726 808/1/725 810/4/727
f 810/4/727 811/6/728 809/5/726
f 809/5/726 812/10/729 806/8/721
f 809/5/726 811/6/728 813/7/730
f 809/5/726 813/7/730 812/10/729
f 813/7/730 814/11/731 812/10/729
f 815/8/732 816/12/733 817/12/734
f 817/12/734 818/8/735 815/8/732
f 819/8/736 820/3/737 821/9/738
f 822/1/739 823/2/740 820/3/737
f 819/8/736 824/5/741 820/3/737
f 820/3/737 824/5/741 822/1/739
f 825/4/742 822/1/739 824/5/741
f 824/5/741 826/6/743 825/4/742
f 819/8/736 827/10/734 824/5/741
f 828/7/744 826/6/743 824/5/741
f 827/10/734 828/7/744 824/5/741
f 827/10/734 829/11/745 828/7/744
f 830/12/746 831/12/747 832/8/748
f 832/8/748 833/8/749 830/12/746
f 834/9/750 835/3/751 836/8/752
f 835/3/751 837/2/753 838/1/754
f 835/3/751 839/5/755 836/8/752
f 838/1/754 839/5/755 835/3/751
f 839/5/755 838/1/754 840/4/756
f 840/4/756 841/6/757 839/5/755
f 839/5/755 842/10/758 836/8/752
f 839/5/755 841/6/757 843/7/759
f 839/5/755 843/7/759 842/10/758
f 843/7/759 844/11/760 842/10/758
f 845/8/761 846/12/761 847/12/762
f 847/12/762 848/8/763 845/8/761
f 849/8/764 850/3/765 851/9/766
f 852/1/767 853/2/768 850/3/765
f 849/8/764 854/5/769 850/3/765
f 850/3/765 854/5/769 852/1/767
f 855/4/770 852/1/767 854/5/769
f 854/5/769 856/6/771 855/4/770
f 849/8/764 857/10/762 854/5/769
f 858/7/772 856/6/771 854/5/769
f 857/10/762 858/7/772 854/5/769
f 857/10/762 859/11/773 858/7/772
f 860/12/774 861/12/775 862/8/776
f 862/8/776 863/8/777 860/12/774
f 864/9/778 865/3/779 866/8/780
f 865/3/779 867/2/781 868/1/782
f 865/3/779 869/5/783 866/8/780
f 868/1/782 869/5/783 865/3/779
f 869/5/783 868/1/782 870/4/784
f 870/4/784 871/6/785 869/5/783
f 869/5/783 872/10/786 866/8/780
f 869/5/783 871/6/785 873/7/787
f 869/5/783 873/7/787 872/10/786
f 873/7/787 874/11/788 872/10/786
f 875/8/789 876/12/789 877/12/790
f 877/12/790 878/8/791 875/8/789
f 879/8/792 880/3/793 881/9/794
f 882/1/795 883/2/796 880/3/793
f 879/8/792 884/5/797 880/3/793
f 880/3/793 884/5/797 882/1/795
f 885/4/798 882/1/795 884/5/797
f 884/5/797 886/6/799 885/4/798
f 879/8/792 887/10/790 884/5/797
f 888/7/800 886/6/799 884/5/797
f 887/10/790 888/7/800 884/5/797
f 887/10/790 889/11/801 888/7/800
f 890/12/802 891/12/803 892/8/803
f 892/8/803 893/8/804 890/12/802
f 894/9/805 895/3/806 896/8/807
f 895/3/806 897/2/808 898/1/809
f 895/3/806 899/5/810 896/8/807
f 898/1/809 899/5/810 895/3/806
f 899/5/810 898/1/809 900/4/811
f 900/4/811 901/6/812 899/5/810
f 899/5/810 902/10/813 896/8/807
f 899/5/810 901/6/812 903/7/814
f 899/5/810 903/7/814 902/10/813
f 903/7/814 904/11/815 902/10/813
f 905/8/816 906/12/816 907/12/817
f 907/12/817 908/8/818 905/8/816
f 909/8/819 910/3/820 911/9/821
f 912/1/822 913/2/823 910/3/820
f 909/8/819 914/5/824 910/3/820
f 910/3/820 914/5/824 912/1/822
f 915/4/825 912/1/822 914/5/824
f 914/5/824 916/6/826 915/4/825
f 909/8/819 917/10/827 914/5/824
f 918/7/828 916/6/826 914/5/824
f 917/10/827 918/7/828 914/5/824
f 917/10/827 919/11/829 918/7/828
f 920/12/830 921/12/831 922/8/831
f 922/8/831 923/8/832 920/12/830
f 924/9/833 925/3/834 926/8/835
f 925/3/834 927/2/836 928/1/837
f 925/3/834 929/5/838 926/8/835
f 928/1/837 929/5/838 925/3/834
f 929/5/838 928/1/837 930/4/839
f 930/4/839 931/6/840 929/5/838
f 929/5/838 932/10/841 926/8/835
f 929/5/838 931/6/840 933/7/842
f 929/5/838 933/7/842 932/10/841
f 933/7/842 934/11/843 932/10/841
f 935/13/844 936/14/844 937/15/845
f 936/14/844 935/13/844 938/16/846
f 939/15/847 940/14/848 941/13/848
f 942/16/849 941/13/848 940/14/848
f 943/8/850 944/12/45 945/12/851
f 945/12/851 946/8/852 943/8/850
f 947/8/853 948/3/854 949/9/855
f 950/1/856 951/2/857 948/3/854
f 947/8/853 952/5/858 948/3/854
f 948/3/854 952/5/858 950/1/856
f 953/4/859 950/1/856 952/5/858
f 952/5/858 954/6/860 953/4/859
f 947/8/853 955/10/861 952/5/858
f 956/7/862 954/6/860 952/5/858
f 955/10/861 956/7/862 952/5/858
f 955/10/861 957/11/42 956/7/862
f 958/12/863 959/12/864 960/8/59
f 960/8/59 961/8/865 958/12/863
f 962/9/866 963/3/867 964/8/868
f 963/3/867 965/2/869 966/1/870
f 963/3/867 967/5/871 964/8/868
f 966/1/870 967/5/871 963/3/867
f 967/5/871 966/1/870 968/4/872
f 968/4/872 969/6/873 967/5/871
f 967/5/871 970/10/874 964/8/868
f 967/5/871 969/6/873 971/7/875
f 967/5/871 971/7/875 970/10/874
f 971/7/875 972/11/58 970/10/874
f 973/8/876 974/12/876 975/12/877
f 975/12/877 976/8/878 973/8/876
f 977/8/879 978/3/880 979/9/881
f 980/1/882 981/2/883 978/3/880
f 977/8/879 982/5/884 978/3/880
f 978/3/880 982/5/884 980/1/882
f 983/4/885 980/1/882 982/5/884
f 982/5/884 984/6/886 983/4/885
f 977/8/879 985/10/887 982/5/884
f 986/7/888 984/6/886 982/5/884
f 985/10/887 986/7/888 982/5/884
f 985/10/887 987/11/889 986/7/888
f 988/12/890 989/12/891 990/8/891
f 990/8/891 991/8/892 988/12/890
f 992/9/893 993/3/894 994/8/892
f 993/3/894 995/2/895 996/1/896
f 993/3/894 997/5/897 994/8/892
f 996/1/896 997/5/897 993/3/894
f 997/5/897 996/1/896 998/4/898
f 998/4/898 999/6/899 997/5/897
f 997/5/897 1000/10/900 994/8/892
f 997/5/897 999/6/899 1001/7/901
f 997/5/897 1001/7/901 1000/10/900
f 1001/7/901 1002/11/902 1000/10/900
f 1003/8/903 1004/12/903 1005/12/904
f 1005/12/904 1006/8/905 1003/8/903
f 1007/8/906 1008/3/907 1009/9/908
f 1010/1/909 1011/2/910 1008/3/907
f 1007/8/906 1012/5/911 1008/3/907
f 1008/3/907 1012/5/911 1010/1/909
f 1013/4/912 1010/1/909 1012/5/911
f 1012/5/911 1014/6/913 1013/4/912
f 1007/8/906 1015/10/914 1012/5/911
f 1016/7/915 1014/6/913 1012/5/911
f 1015/10/914 1016/7/915 1012/5/911
f 1015/10/914 1017/11/916 1016/7/915
f 1018/12/917 1019/12/918 1020/8/918
f 1020/8/918 1021/8/919 1018/12/917
f 1022/9/920 1023/3/921 1024/8/922
f 1023/3/921 1025/2/923 1026/1/924
f 1023/3/921 1027/5/925 1024/8/922
f 1026/1/924 1027/5/925 1023/3/921
f 1027/5/925 1026/1/924 1028/4/926
f 1028/4/926 1029/6/927 1027/5/925
f 1027/5/925 1030/10/928 1024/8/922
f 1027/5/925 1029/6/927 1031/7/929
f 1027/5/925 1031/7/929 1030/10/928
f 1031/7/929 1032/11/930 1030/10/928
f 1033/13/931 1034/14/931 1035/15/932
f 1034/14/931 1033/13/931 1036/16/933
f 1037/15/934 1038/14/935 1039/13/935
f 1040/16/936 1039/13/935 1038/14/935
f 1041/8/937 1042/12/937 1043/12/938
f 1043/12/938 1044/8/939 1041/8/937
f 1045/8/940 1046/3/941 1047/9/942
f 1048/1/943 1049/2/944 1046/3/941
f 1045/8/940 1050/5/945 1046/3/941
f 1046/3/941 1050/5/945 1048/1/943
f 1051/4/946 1048/1/943 1050/5/945
f 1045/8/940 1052/10/947 1050/5/945
f 1052/10/947 1053/11/948 1054/7/949
f 1052/10/947 1054/7/949 1050/5/945
f 1054/7/949 1055/6/950 1050/5/945
f 1050/5/945 1055/6/950 1056/4/946
f 1057/12/951 1058/12/952 1059/8/952
f 1059/8/952 1060/8/953 1057/12/951
f 1061/9/954 1062/3/955 1063/8/956
f 1062/3/955 1064/2/957 1065/1/958
f 1062/3/955 1066/5/959 1063/8/956
f 1065/1/958 1066/5/959 1062/3/955
f 1066/5/959 1065/1/958 1067/4/960
f 1066/5/959 1068/10/961 1063/8/956
f 1069/7/962 1070/11/963 1068/10/961
f 1066/5/959 1069/7/962 1068/10/961
f 1066/5/959 1071/6/964 1069/7/962
f 1072/4/960 1071/6/964 1066/5/959
f 1073/4/965 1074/2/966 1075/17/967
f 1075/17/967 1076/18/966 1073/4/965
f 1077/17/968 1078/2/968 1079/4/969
f 1079/4/969 1080/18/968 1077/17/968
f 1081/4/970 1082/2/971 1083/17/970
f 1083/17/970 1084/18/971 1081/4/970
f 1085/17/972 1086/2/972 1087/4/972
f 1087/4/972 1088/18/972 1085/17/972
f 1089/13/973 1090/14/974 1091/15/975
f 1090/14/974 1089/13/973 1092/16/976
f 1093/15/977 1094/14/978 1095/13/978
f 1096/16/979 1095/13/978 1094/14/978
f 1097/13/980 1098/14/980 1099/15/981
f 1098/14/980 1097/13/980 1100/16/982
f 1101/15/983 1102/14/984 1103/13/984
f 1104/16/985 1103/13/984 1102/14/984
f 1105/4/986 1106/2/987 1107/17/988
f 1107/17/988 1108/18/989 1105/4/986
f 1109/17/990 1110/2/991 1111/4/992
f 1111/4/992 1112/18/993 1109/17/990
f 1113/4/994 1114/2/995 1115/17/996
f 1115/17/996 1116/18/997 1113/4/994
f 1117/17/998 1118/2/999 1119/4/1000
f 1119/4/1000 1120/18/1001 1117/17/998
f 1121/4/1002 1122/2/1003 1123/17/1002
f 1123/17/1002 1124/18/1004 1121/4/1002
f 1125/17/1005 1126/2/1006 1127/4/1005
f 1127/4/1005 1128/18/1007 1125/17/1005
f 1129/4/1008 1130/2/1008 1131/17/1008
f 1131/17/1008 1132/18/1009 1129/4/1008
f 1133/17/1010 1134/2/1010 1135/4/1011
f 1135/4/1011 1136/18/1012 1133/17/1010
f 1137/4/1013 1138/2/1014 1139/17/1015
f 1139/17/1015 1140/18/1016 1137/4/1013
f 1141/17/1017 1142/2/1018 1143/4/1017
f 1143/4/1017 1144/18/1019 1141/17/1017
f 1145/8/1020 1146/12/1020 1147/12/1021
f 1147/12/1021 1148/8/1022 1145/8/1020
f 1149/8/1023 1150/3/1024 1151/9/1025
f 1152/1/1026 1153/2/1027 1150/3/1024
f 1149/8/1023 1154/5/1028 1150/3/1024
f 1150/3/1024 1154/5/1028 1152/1/1026
f 1155/4/1029 1152/1/1026 1154/5/1028
f 1154/5/1028 1156/6/1030 1155/4/1029
f 1149/8/1023 1157/10/1031 1154/5/1028
f 1158/7/1032 1156/6/1030 1154/5/1028
f 1157/10/1031 1158/7/1032 1154/5/1028
f 1157/10/1031 1159/11/1033 1158/7/1032
f 1160/12/1034 1161/12/1035 1162/8/1035
f 1162/8/1035 1163/8/1036 1160/12/1034
f 1164/9/1037 1165/3/1038 1166/8/1039
f 1165/3/1038 1167/2/1040 1168/1/1041
f 1165/3/1038 1169/5/1042 1166/8/1039
f 1168/1/1041 1169/5/1042 1165/3/1038
f 1169/5/1042 1168/1/1041 1170/4/1043
f 1170/4/1043 1171/6/1044 1169/5/1042
f 1169/5/1042 1172/10/1034 1166/8/1039
f 1169/5/1042 1171/6/1044 1173/7/1045
f 1169/5/1042 1173/7/1045 1172/10/1034
f 1173/7/1045 1174/11/1046 1172/10/1034
f 1175/8/1047 1176/12/1047 1177/12/1048
f 1177/12/1048 1178/8/1049 1175/8/1047
f 1179/8/1049 1180/3/1050 1181/9/1051
f 1182/1/1052 1183/2/1053 1180/3/1050
f 1179/8/1049 1184/5/1054 1180/3/1050
f 1180/3/1050 1184/5/1054 1182/1/1052
f 1185/4/1055 1182/1/1052 1184/5/1054
f 1184/5/1054 1186/6/1056 1185/4/1055
f 1179/8/1049 1187/10/1048 1184/5/1054
f 1188/7/1057 1186/6/1056 1184/5/1054
f 1187/10/1048 1188/7/1057 1184/5/1054
f 1187/10/1048 1189/11/1058 1188/7/1057
f 1190/12/1059 1191/12/1060 1192/8/1060
f 1192/8/1060 1193/8/1061 1190/12/1059
f 1194/9/1062 1195/3/1063 1196/8/1064
f 1195/3/1063 1197/2/1065 1198/1/1066
f 1195/3/1063 1199/5/1067 1196/8/1064
f 1198/1/1066 1199/5/1067 1195/3/1063
f 1199/5/1067 1198/1/1066 1200/4/1068
f 1200/4/1068 1201/6/1069 1199/5/1067
f 1199/5/1067 1202/10/1070 1196/8/1064
f 1199/5/1067 1201/6/1069 1203/7/1071
f 1199/5/1067 1203/7/1071 1202/10/1070
f 1203/7/1071 1204/11/1072 1202/10/1070
f 1205/4/1073 1206/2/1074 1207/17/1073
f 1207/17/1073 1208/18/1075 1205/4/1073
f 1209/17/1076 1210/2/1077 1211/4/1076
f 1211/4/1076 1212/18/1078 1209/17/1076
f 1213/13/1079 1214/14/1079 1215/15/1080
f 1214/14/1079 1213/13/1079 1216/16/1081
f 1217/15/1082 1218/14/1083 1219/13/1083
f 1220/16/1084 1219/13/1083 1218/14/1083
f 1221/13/1085 1222/14/1086 1223/15/1087
f 1222/14/1086 1221/13/1085 1224/16/1088
f 1225/15/1089 1226/14/1090 1227/13/1091
f 1228/16/1092 1227/13/1091 1226/14/1090
f 1229/13/1093 1230/14/1093 1231/15/1094
f 1230/14/1093 1229/13/1093 1232/16/1095
f 1233/15/1096 1234/14/1097 1235/13/1097
f 1236/16/1098 1235/13/1097 1234/14/1097
f 1237/13/1099 1238/14/1099 1239/15/1100
f 1238/14/1099 1237/13/1099 1240/16/1101
f 1241/15/1102 1242/14/1103 1243/13/1104
f 1244/16/1105 1243/13/1104 1242/14/1103
f 1245/13/1106 1246/14/1107 1247/15/1108
f 1246/14/1107 1245/13/1106 1248/16/1109
f 1249/15/1110 1250/14/1111 1251/13/1112
f 1252/16/1113 1251/13/1112 1250/14/1111
f 1253/13/1114 1254/14/1114 1255/15/1115
f 1254/14/1114 1253/13/1114 1256/16/1116
f 1257/15/1117 1258/14/1118 1259/13/1118
f 1260/16/1119 1259/13/1118 1258/14/1118
f 1261/8/1120 1262/12/1121 1263/12/1122
f 1263/12/1122 1264/8/1123 1261/8/1120
f 1265/8/1124 1266/3/1125 1267/9/1126
f 1265/8/1124 1268/5/1127 1266/3/1125
f 1265/8/1124 1269/10/1122 1268/5/1127
f 1270/1/1128 1271/2/1129 1272/3/1125
f 1272/3/1125 1273/5/1127 1270/1/1128
f 1274/4/1130 1270/1/1128 1273/5/1127
f 1273/5/1127 1275/6/1131 1274/4/1130
f 1276/7/1132 1275/6/1131 1273/5/1127
f 1277/10/1122 1276/7/1132 1273/5/1127
f 1277/10/1122 1278/11/1133 1276/7/1132
f 1279/12/1134 1280/12/1135 1281/8/1136
f 1281/8/1136 1282/8/1137 1279/12/1134
f 1283/9/1138 1284/3/1139 1285/8/1140
f 1284/3/1139 1286/5/1141 1285/8/1140
f 1286/5/1141 1287/10/1134 1285/8/1140
f 1288/3/1139 1289/2/1142 1290/1/1143
f 1290/1/1143 1291/5/1141 1288/3/1139
f 1291/5/1141 1290/1/1143 1292/4/1144
f 1292/4/1144 1293/6/1145 1291/5/1141
f 1291/5/1141 1293/6/1145 1294/7/1146
f 1291/5/1141 1294/7/1146 1295/10/1134
f 1294/7/1146 1296/11/1147 1295/10/1134
f 1297/8/1148 1298/12/1149 1299/12/1150
f 1299/12/1150 1300/8/1151 1297/8/1148
f 1301/8/1152 1302/3/1153 1303/9/1154
f 1304/1/1155 1305/2/1156 1302/3/1153
f 1301/8/1152 1306/5/1157 1302/3/1153
f 1302/3/1153 1306/5/1157 1304/1/1155
f 1307/4/1158 1304/1/1155 1306/5/1157
f 1306/5/1157 1308/6/1159 1307/4/1158
f 1301/8/1152 1309/10/1160 1306/5/1157
f 1310/7/1161 1308/6/1159 1306/5/1157
f 1309/10/1160 1310/7/1161 1306/5/1157
f 1309/10/1160 1311/11/1162 1310/7/1161
f 1312/12/1163 1313/12/1164 1314/8/1165
f 1314/8/1165 1315/8/1166 1312/12/1163
f 1316/9/1167 1317/3/1168 1318/8/1169
f 1317/3/1168 1319/2/1170 1320/1/1171
f 1317/3/1168 1321/5/1172 1318/8/1169
f 1320/1/1171 1321/5/1172 1317/3/1168
f 1321/5/1172 1320/1/1171 1322/4/1173
f 1322/4/1173 1323/6/1174 1321/5/1172
f 1321/5/1172 1324/10/1175 1318/8/1169
f 1321/5/1172 1323/6/1174 1325/7/1176
f 1321/5/1172 1325/7/1176 1324/10/1175
f 1325/7/1176 1326/11/1177 1324/10/1175
f 1327/8/1178 1328/12/1178 1329/12/1179
f 1329/12/1179 1330/8/1180 1327/8/1178
f 1331/8/1181 1332/3/1182 1333/9/1183
f 1334/1/1184 1335/2/1185 1332/3/1182
f 1331/8/1181 1336/5/1186 1332/3/1182
f 1332/3/1182 1336/5/1186 1334/1/1184
f 1337/4/1187 1334/1/1184 1336/5/1186
f 1336/5/1186 1338/6/1188 1337/4/1187
f 1331/8/1181 1339/10/1189 1336/5/1186
f 1340/7/1190 1338/6/1188 1336/5/1186
f 1339/10/1189 1340/7/1190 1336/5/1186
f 1339/10/1189 1341/11/1191 1340/7/1190
f 1342/12/1192 1343/12/1193 1344/8/1193
f 1344/8/1193 1345/8/1194 1342/12/1192
f 1346/9/1195 1347/3/1196 1348/8/1197
f 1347/3/1196 1349/2/1198 1350/1/1199
f 1347/3/1196 1351/5/1200 1348/8/1197
f 1350/1/1199 1351/5/1200 1347/3/1196
f 1351/5/1200 1350/1/1199 1352/4/1201
f 1352/4/1201 1353/6/1202 1351/5/1200
f 1351/5/1200 1354/10/1203 1348/8/1197
f 1351/5/1200 1353/6/1202 1355/7/1204
f 1351/5/1200 1355/7/1204 1354/10/1203
f 1355/7/1204 1356/11/1205 1354/10/1203
f 1357/8/1206 1358/12/1206 1359/12/1207
f 1359/12/1207 1360/8/1208 1357/8/1206
f 1361/8/1209 1362/3/1210 1363/9/1211
f 1364/1/1212 1365/2/1213 1362/3/1210
f 1361/8/1209 1366/5/1214 1362/3/1210
f 1362/3/1210 1366/5/1214 1364/1/1212
f 1367/4/1215 1364/1/1212 1366/5/1214
f 1366/5/1214 1368/6/1216 1367/4/1215
f 1361/8/1209 1369/10/1217 1366/5/1214
f 1370/7/1218 1368/6/1216 1366/5/1214
f 1369/10/1217 1370/7/1218 1366/5/1214
f 1369/10/1217 1371/11/1219 1370/7/1218
f 1372/12/1220 1373/12/1221 1374/8/1221
f 1374/8/1221 1375/8/1222 1372/12/1220
f 1376/9/1223 1377/3/1224 1378/8/1225
f 1377/3/1224 1379/2/1226 1380/1/1227
f 1377/3/1224 1381/5/1228 1378/8/1225
f 1380/1/1227 1381/5/1228 1377/3/1224
f 1381/5/1228 1380/1/1227 1382/4/1229
f 1382/4/1229 1383/6/1230 1381/5/1228
f 1381/5/1228 1384/10/1231 1378/8/1225
f 1381/5/1228 1383/6/1230 1385/7/1232
f 1381/5/1228 1385/7/1232 1384/10/1231
f 1385/7/1232 1386/11/1233 1384/10/1231
f 1387/8/1234 1388/12/1234 1389/12/1235
f 1389/12/1235 1390/8/1236 1387/8/1234
f 1391/8/1237 1392/3/1238 1393/9/1239
f 1394/1/1240 1395/2/1241 1392/3/1238
f 1391/8/1237 1396/5/1242 1392/3/1238
f 1392/3/1238 1396/5/1242 1394/1/1240
f 1397/4/1243 1394/1/1240 1396/5/1242
f 1396/5/1242 1398/6/1244 1397/4/1243
f 1391/8/1237 1399/10/1245 1396/5/1242
f 1400/7/1246 1398/6/1244 1396/5/1242
f 1399/10/1245 1400/7/1246 1396/5/1242
f 1399/10/1245 1401/11/1247 1400/7/1246
f 1402/12/1248 1403/12/1249 1404/8/1249
f 1404/8/1249 1405/8/1250 1402/12/1248
f 1406/9/1251 1407/3/1252 1408/8/1250
f 1407/3/1252 1409/2/1253 1410/1/1254
f 1407/3/1252 1411/5/1255 1408/8/1250
f 1410/1/1254 1411/5/1255 1407/3/1252
f 1411/5/1255 1410/1/1254 1412/4/1256
f 1412/4/1256 1413/6/1257 1411/5/1255
f 1411/5/1255 1414/10/1258 1408/8/1250
f 1411/5/1255 1413/6/1257 1415/7/1259
f 1411/5/1255 1415/7/1259 1414/10/1258
f 1415/7/1259 1416/11/1260 1414/10/1258
f 1417/8/1261 1418/12/1262 1419/12/1087
f 1419/12/1087 1420/8/1263 1417/8/1261
f 1421/8/1264 1422/3/1265 1423/9/1266
f 1424/1/1267 1425/2/1268 1422/3/1265
f 1421/8/1264 1426/5/1269 1422/3/1265
f 1422/3/1265 1426/5/1269 1424/1/1267
f 1427/4/1270 1424/1/1267 1426/5/1269
f 1426/5/1269 1428/6/1271 1427/4/1270
f 1421/8/1264 1429/10/1272 1426/5/1269
f 1430/7/1273 1428/6/1271 1426/5/1269
f 1429/10/1272 1430/7/1273 1426/5/1269
f 1429/10/1272 1431/11/1274 1430/7/1273
f 1432/12/1275 1433/12/1276 1434/8/1276
f 1434/8/1276 1435/8/1277 1432/12/1275
f 1436/9/1278 1437/3/1279 1438/8/1280
f 1437/3/1279 1439/2/1281 1440/1/1282
f 1437/3/1279 1441/5/1283 1438/8/1280
f 1440/1/1282 1441/5/1283 1437/3/1279
f 1441/5/1283 1440/1/1282 1442/4/1284
f 1442/4/1284 1443/6/1285 1441/5/1283
f 1441/5/1283 1444/10/1286 1438/8/1280
f 1441/5/1283 1443/6/1285 1445/7/1287
f 1441/5/1283 1445/7/1287 1444/10/1286
f 1445/7/1287 1446/11/1288 1444/10/1286
f 1447/8/1289 1448/12/1290 1449/12/1291
f 1449/12/1291 1450/8/1292 1447/8/1289
f 1451/8/1292 1452/3/1293 1453/9/1294
f 1454/1/1295 1455/2/1296 1452/3/1293
f 1451/8/1292 1456/5/1297 1452/3/1293
f 1452/3/1293 1456/5/1297 1454/1/1295
f 1457/4/1298 1454/1/1295 1456/5/1297
f 1456/5/1297 1458/6/1299 1457/4/1298
f 1451/8/1292 1459/10/1300 1456/5/1297
f 1460/7/1301 1458/6/1299 1456/5/1297
f 1459/10/1300 1460/7/1301 1456/5/1297
f 1459/10/1300 1461/11/1302 1460/7/1301
f 1462/12/1303 1463/12/1304 1464/8/1305
f 1464/8/1305 1465/8/1306 1462/12/1303
f 1466/9/1307 1467/3/1308 1468/8/1309
f 1467/3/1308 1469/2/1310 1470/1/1311
f 1467/3/1308 1471/5/1312 1468/8/1309
f 1470/1/1311 1471/5/1312 1467/3/1308
f 1471/5/1312 1470/1/1311 1472/4/1313
f 1472/4/1313 1473/6/1314 1471/5/1312
f 1471/5/1312 1474/10/1315 1468/8/1309
f 1471/5/1312 1473/6/1314 1475/7/1316
f 1471/5/1312 1475/7/1316 1474/10/1315
f 1475/7/1316 1476/11/1317 1474/10/1315
f 1477/8/1318 1478/12/1318 1479/12/1319
f 1479/12/1319 1480/8/1320 1477/8/1318
f 1481/8/1321 1482/3/1322 1483/9/1323
f 1484/1/1324 1485/2/1325 1482/3/1322
f 1481/8/1321 1486/5/1326 1482/3/1322
f 1482/3/1322 1486/5/1326 1484/1/1324
f 1487/4/1327 1484/1/1324 1486/5/1326
f 1486/5/1326 1488/6/1328 1487/4/1327
f 1481/8/1321 1489/10/1329 1486/5/1326
f 1490/7/1330 1488/6/1328 1486/5/1326
f 1489/10/1329 1490/7/1330 1486/5/1326
f 1489/10/1329 1491/11/1331 1490/7/1330
f 1492/12/1332 1493/12/1333 1494/8/1333
f 1494/8/1333 1495/8/1334 1492/12/1332
f 1496/9/1335 1497/3/1336 1498/8/1337
f 1497/3/1336 1499/2/1338 1500/1/1339
f 1497/3/1336 1501/5/1340 1498/8/1337
f 1500/1/1339 1501/5/1340 1497/3/1336
f 1501/5/1340 1500/1/1339 1502/4/1341
f 1502/4/1341 1503/6/1342 1501/5/1340
f 1501/5/1340 1504/10/1343 1498/8/1337
f 1501/5/1340 1503/6/1342 1505/7/1344
f 1501/5/1340 1505/7/1344 1504/10/1343
f 1505/7/1344 1506/11/1345 1504/10/1343
f 1507/8/1346 1508/12/1346 1509/12/1347
f 1509/12/1347 1510/8/1348 1507/8/1346
f 1511/8/1349 1512/3/1350 1513/9/1351
f 1514/1/1352 1515/2/1353 1512/3/1350
f 1511/8/1349 1516/5/1354 1512/3/1350
f 1512/3/1350 1516/5/1354 1514/1/1352
f 1517/4/1355 1514/1/1352 1516/5/1354
f 1516/5/1354 1518/6/1356 1517/4/1355
f 1511/8/1349 1519/10/1357 1516/5/1354
f 1520/7/1358 1518/6/1356 1516/5/1354
f 1519/10/1357 1520/7/1358 1516/5/1354
f 1519/10/1357 1521/11/1359 1520/7/1358
f 1522/12/1360 1523/12/1361 1524/8/1361
f 1524/8/1361 1525/8/1362 1522/12/1360
f 1526/9/1363 1527/3/1364 1528/8/1365
f 1527/3/1364 1529/2/1366 1530/1/1367
f 1527/3/1364 1531/5/1368 1528/8/1365
f 1530/1/1367 1531/5/1368 1527/3/1364
f 1531/5/1368 1530/1/1367 1532/4/1369
f 1532/4/1369 1533/6/1370 1531/5/1368
f 1531/5/1368 1534/10/1371 1528/8/1365
f 1531/5/1368 1533/6/1370 1535/7/1372
f 1531/5/1368 1535/7/1372 1534/10/1371
f 1535/7/1372 1536/11/1373 1534/10/1371
f 1537/8/1374 1538/12/1374 1539/12/1375
f 1539/12/1375 1540/8/1376 1537/8/1374
f 1541/8/1377 1542/3/1378 1543/9/1379
f 1544/1/1380 1545/2/1381 1542/3/1378
f 1541/8/1377 1546/5/1382 1542/3/1378
f 1542/3/1378 1546/5/1382 1544/1/1380
f 1547/4/1383 1544/1/1380 1546/5/1382
f 1546/5/1382 1548/6/1384 1547/4/1383
f 1541/8/1377 1549/10/1385 1546/5/1382
f 1550/7/1386 1548/6/1384 1546/5/1382
f 1549/10/1385 1550/7/1386 1546/5/1382
f 1549/10/1385 1551/11/1387 1550/7/1386
f 1552/12/1388 1553/12/1389 1554/8/1389
f 1554/8/1389 1555/8/1390 1552/12/1388
f 1556/9/1391 1557/3/1392 1558/8/1393
f 1557/3/1392 1559/2/1394 1560/1/1395
f 1557/3/1392 1561/5/1396 1558/8/1393
f 1560/1/1395 1561/5/1396 1557/3/1392
f 1561/5/1396 1560/1/1395 1562/4/1397
f 1562/4/1397 1563/6/1398 1561/5/1396
f 1561/5/1396 1564/10/1399 1558/8/1393
f 1561/5/1396 1563/6/1398 1565/7/1400
f 1561/5/1396 1565/7/1400 1564/10/1399
f 1565/7/1400 1566/11/1401 1564/10/1399
f 1567/8/1402 1568/12/1403 1569/12/1404
f 1569/12/1404 1570/8/1405 1567/8/1402
f 1571/8/1405 1572/3/1406 1573/9/1407
f 1574/1/1408 1575/2/1409 1572/3/1406
f 1571/8/1405 1576/5/1410 1572/3/1406
f 1572/3/1406 1576/5/1410 1574/1/1408
f 1577/4/1411 1574/1/1408 1576/5/1410
f 1576/5/1410 1578/6/1412 1577/4/1411
f 1571/8/1405 1579/10/1413 1576/5/1410
f 1580/7/1414 1578/6/1412 1576/5/1410
f 1579/10/1413 1580/7/1414 1576/5/1410
f 1579/10/1413 1581/11/1415 1580/7/1414
f 1582/12/1416 1583/12/1417 1584/8/1417
f 1584/8/1417 1585/8/1418 1582/12/1416
f 1586/9/1419 1587/3/1420 1588/8/1421
f 1587/3/1420 1589/2/1422 1590/1/1423
f 1587/3/1420 1591/5/1424 1588/8/1421
f 1590/1/1423 1591/5/1424 1587/3/1420
f 1591/5/1424 1590/1/1423 1592/4/1425
f 1592/4/1425 1593/6/1426 1591/5/1424
f 1591/5/1424 1594/10/1427 1588/8/1421
f 1591/5/1424 1593/6/1426 1595/7/1428
f 1591/5/1424 1595/7/1428 1594/10/1427
f 1595/7/1428 1596/11/1429 1594/10/1427
f 1597/8/1430 1598/12/1431 1599/12/1432
f 1599/12/1432 1600/8/1433 1597/8/1430
f 1601/8/1434 1602/3/1435 1603/9/1436
f 1604/1/1437 1605/2/1438 1602/3/1435
f 1601/8/1434 1606/5/1439 1602/3/1435
f 1602/3/1435 1606/5/1439 1604/1/1437
f 1607/4/1440 1604/1/1437 1606/5/1439
f 1606/5/1439 1608/6/1441 1607/4/1440
f 1601/8/1434 1609/10/1432 1606/5/1439
f 1610/7/1442 1608/6/1441 1606/5/1439
f 1609/10/1432 1610/7/1442 1606/5/1439
f 1609/10/1432 1611/11/1443 1610/7/1442
f 1612/12/1444 1613/12/1445 1614/8/1445
f 1614/8/1445 1615/8/1446 1612/12/1444
f 1616/9/1447 1617/3/1448 1618/8/1446
f 1617/3/1448 1619/2/1449 1620/1/1450
f 1617/3/1448 1621/5/1451 1618/8/1446
f 1620/1/1450 1621/5/1451 1617/3/1448
f 1621/5/1451 1620/1/1450 1622/4/1452
f 1622/4/1452 1623/6/1453 1621/5/1451
f 1621/5/1451 1624/10/1444 1618/8/1446
f 1621/5/1451 1623/6/1453 1625/7/1454
f 1621/5/1451 1625/7/1454 1624/10/1444
f 1625/7/1454 1626/11/1455 1624/10/1444
f 1627/8/1456 1628/12/1457 1629/12/1458
f 1629/12/1458 1630/8/1459 1627/8/1456
f 1631/8/1459 1632/3/1460 1633/9/1461
f 1634/1/1462 1635/2/1463 1632/3/1460
f 1631/8/1459 1636/5/1464 1632/3/1460
f 1632/3/1460 1636/5/1464 1634/1/1462
f 1637/4/1465 1634/1/1462 1636/5/1464
f 1636/5/1464 1638/6/1466 1637/4/1465
f 1631/8/1459 1639/10/1467 1636/5/1464
f 1640/7/1468 1638/6/1466 1636/5/1464
f 1639/10/1467 1640/7/1468 1636/5/1464
f 1639/10/1467 1641/11/1469 1640/7/1468
f 1642/12/1470 1643/12/1471 1644/8/1472
f 1644/8/1472 1645/8/1473 1642/12/1470
f 1646/9/1474 1647/3/1475 1648/8/1473
f 1647/3/1475 1649/2/1476 1650/1/1477
f 1647/3/1475 1651/5/1478 1648/8/1473
f 1650/1/1477 1651/5/1478 1647/3/1475
f 1651/5/1478 1650/1/1477 1652/4/1479
f 1652/4/1479 1653/6/1480 1651/5/1478
f 1651/5/1478 1654/10/1481 1648/8/1473
f 1651/5/1478 1653/6/1480 1655/7/1482
f 1651/5/1478 1655/7/1482 1654/10/1481
f 1655/7/1482 1656/11/1483 1654/10/1481
f 1657/8/1484 1658/12/1484 1659/12/1485
f 1659/12/1485 1660/8/1486 1657/8/1484
f 1661/8/1486 1662/3/1487 1663/9/1488
f 1664/1/1489 1665/2/1490 1662/3/1487
f 1661/8/1486 1666/5/1491 1662/3/1487
f 1662/3/1487 1666/5/1491 1664/1/1489
f 1667/4/1492 1664/1/1489 1666/5/1491
f 1666/5/1491 1668/6/1493 1667/4/1492
f 1661/8/1486 1669/10/1485 1666/5/1491
f 1670/7/1494 1668/6/1493 1666/5/1491
f 1669/10/1485 1670/7/1494 1666/5/1491
f 1669/10/1485 1671/11/1495 1670/7/1494
f 1672/12/1496 1673/12/1497 1674/8/1497
f 1674/8/1497 1675/8/1498 1672/12/1496
f 1676/9/1499 1677/3/1500 1678/8/1498
f 1677/3/1500 1679/2/1501 1680/1/1502
f 1677/3/1500 1681/5/1503 1678/8/1498
f 1680/1/1502 1681/5/1503 1677/3/1500
f 1681/5/1503 1680/1/1502 1682/4/1504
f 1682/4/1504 1683/6/1505 1681/5/1503
f 1681/5/1503 1684/10/1506 1678/8/1498
f 1681/5/1503 1683/6/1505 1685/7/1507
f 1681/5/1503 1685/7/1507 1684/10/1506
f 1685/7/1507 1686/11/1508 1684/10/1506
f 1687/8/1509 1688/12/1510 1689/12/1511
f 1689/12/1511 1690/8/1512 1687/8/1509
f 1691/8/1512 1692/3/1513 1693/9/1514
f 1694/1/1515 1695/2/1516 1692/3/1513
f 1691/8/1512 1696/5/1517 1692/3/1513
f 1692/3/1513 1696/5/1517 1694/1/1515
f 1697/4/1518 1694/1/1515 1696/5/1517
f 1696/5/1517 1698/6/1519 1697/4/1518
f 1691/8/1512 1699/10/1511 1696/5/1517
f 1700/7/1520 1698/6/1519 1696/5/1517
f 1699/10/1511 1700/7/1520 1696/5/1517
f 1699/10/1511 1701/11/1521 1700/7/1520
f 1702/12/1522 1703/12/1523 1704/8/1524
f 1704/8/1524 1705/8/1525 1702/12/1522
f 1706/9/1526 1707/3/1527 1708/8/1525
f 1707/3/1527 1709/2/1528 1710/1/1529
f 1707/3/1527 1711/5/1530 1708/8/1525
f 1710/1/1529 1711/5/1530 1707/3/1527
f 1711/5/1530 1710/1/1529 1712/4/1531
f 1712/4/1531 1713/6/1532 1711/5/1530
f 1711/5/1530 1714/10/1533 1708/8/1525
f 1711/5/1530 1713/6/1532 1715/7/1534
f 1711/5/1530 1715/7/1534 1714/10/1533
f 1715/7/1534 1716/11/1535 1714/10/1533
f 1717/8/1536 1718/12/1537 1719/12/1538
f 1719/12/1538 1720/8/1539 1717/8/1536
f 1721/8/1540 1722/3/1541 1723/9/1542
f 1724/1/1543 1725/2/1544 1722/3/1541
f 1721/8/1540 1726/5/1545 1722/3/1541
f 1722/3/1541 1726/5/1545 1724/1/1543
f 1727/4/1546 1724/1/1543 1726/5/1545
f 1726/5/1545 1728/6/1547 1727/4/1546
f 1721/8/1540 1729/10/1548 1726/5/1545
f 1730/7/1549 1728/6/1547 1726/5/1545
f 1729/10/1548 1730/7/1549 1726/5/1545
f 1729/10/1548 1731/11/1550 1730/7/1549
f 1732/12/1551 1733/12/1552 1734/8/1553
f 1734/8/1553 1735/8/1554 1732/12/1551
f 1736/9/1555 1737/3/1556 1738/8/1554
f 1737/3/1556 1739/2/1557 1740/1/1558
f 1737/3/1556 1741/5/1559 1738/8/1554
f 1740/1/1558 1741/5/1559 1737/3/1556
f 1741/5/1559 1740/1/1558 1742/4/1560
f 1742/4/1560 1743/6/1561 1741/5/1559
f 1741/5/1559 1744/10/1551 1738/8/1554
f 1741/5/1559 1743/6/1561 1745/7/1562
f 1741/5/1559 1745/7/1562 1744/10/1551
f 1745/7/1562 1746/11/1563 1744/10/1551
f 1747/8/1564 1748/12/1565 1749/12/1566
f 1749/12/1566 1750/8/1567 1747/8/1564
f 1751/8/1568 1752/3/1569 1753/9/1570
f 1754/1/1571 1755/2/1572 1752/3/1569
f 1751/8/1568 1756/5/1573 1752/3/1569
f 1752/3/1569 1756/5/1573 1754/1/1571
f 1757/4/1574 1754/1/1571 1756/5/1573
f 1756/5/1573 1758/6/1575 1757/4/1574
f 1751/8/1568 1759/10/1566 1756/5/1573
f 1760/7/1576 1758/6/1575 1756/5/1573
f 1759/10/1566 1760/7/1576 1756/5/1573
f 1759/10/1566 1761/11/1577 1760/7/1576
f 1762/12/1578 1763/12/1579 1764/8/1580
f 1764/8/1580 1765/8/1581 1762/12/1578
f 1766/9/1582 1767/3/1583 1768/8/1581
f 1767/3/1583 1769/2/1584 1770/1/1585
f 1767/3/1583 1771/5/1586 1768/8/1581
f 1770/1/1585 1771/5/1586 1767/3/1583
f 1771/5/1586 1770/1/1585 1772/4/1587
f 1772/4/1587 1773/6/1588 1771/5/1586
f 1771/5/1586 1774/10/1578 1768/8/1581
f 1771/5/1586 1773/6/1588 1775/7/1589
f 1771/5/1586 1775/7/1589 1774/10/1578
f 1775/7/1589 1776/11/1590 1774/10/1578
f 1777/8/1591 1778/12/1591 1779/12/1592
f 1779/12/1592 1780/8/1593 1777/8/1591
f 1781/8/1594 1782/3/1595 1783/9/1596
f 1784/1/1597 1785/2/1598 1782/3/1595
f 1781/8/1594 1786/5/1599 1782/3/1595
f 1782/3/1595 1786/5/1599 1784/1/1597
f 1787/4/1600 1784/1/1597 1786/5/1599
f 1786/5/1599 1788/6/1601 1787/4/1600
f 1781/8/1594 1789/10/1592 1786/5/1599
f 1790/7/1602 1788/6/1601 1786/5/1599
f 1789/10/1592 1790/7/1602 1786/5/1599
f 1789/10/1592 1791/11/1603 1790/7/1602
f 1792/12/1604 1793/12/1605 1794/8/1605
f 1794/8/1605 1795/8/1606 1792/12/1604
f 1796/9/1607 1797/3/1608 1798/8/1609
f 1797/3/1608 1799/2/1610 1800/1/1611
f 1797/3/1608 1801/5/1612 1798/8/1609
f 1800/1/1611 1801/5/1612 1797/3/1608
f 1801/5/1612 1800/1/1611 1802/4/1613
f 1802/4/1613 1803/6/1614 1801/5/1612
f 1801/5/1612 1804/10/1615 1798/8/1609
f 1801/5/1612 1803/6/1614 1805/7/1616
f 1801/5/1612 1805/7/1616 1804/10/1615
f 1805/7/1616 1806/11/1617 1804/10/1615
f 1807/8/1618 1808/12/1619 1809/12/1620
f 1809/12/1620 1810/8/1621 1807/8/1618
f 1811/8/1621 1812/3/1622 1813/9/1623
f 1814/1/1624 1815/2/1625 1812/3/1622
f 1811/8/1621 1816/5/1626 1812/3/1622
f 1812/3/1622 1816/5/1626 1814/1/1624
f 1817/4/1627 1814/1/1624 1816/5/1626
f 1816/5/1626 1818/6/1628 1817/4/1627
f 1811/8/1621 1819/10/1629 1816/5/1626
f 1820/7/1630 1818/6/1628 1816/5/1626
f 1819/10/1629 1820/7/1630 1816/5/1626
f 1819/10/1629 1821/11/1631 1820/7/1630
f 1822/12/1632 1823/12/1633 1824/8/1634
f 1824/8/1634 1825/8/1635 1822/12/1632
f 1826/9/1636 1827/3/1637 1828/8/1635
f 1827/3/1637 1829/2/1638 1830/1/1639
f 1827/3/1637 1831/5/1640 1828/8/1635
f 1830/1/1639 1831/5/1640 1827/3/1637
f 1831/5/1640 1830/1/1639 1832/4/1641
f 1832/4/1641 1833/6/1642 1831/5/1640
f 1831/5/1640 1834/10/1643 1828/8/1635
f 1831/5/1640 1833/6/1642 1835/7/1644
f 1831/5/1640 1835/7/1644 1834/10/1643
f 1835/7/1644 1836/11/1645 1834/10/1643
f 1837/8/1646 1838/12/1646 1839/12/1647
f 1839/12/1647 1840/8/1648 1837/8/1646
f 1841/8/1648 1842/3/1649 1843/9/1650
f 1844/1/1651 1845/2/1652 1842/3/1649
f 1841/8/1648 1846/5/1653 1842/3/1649
f 1842/3/1649 1846/5/1653 1844/1/1651
f 1847/4/1654 1844/1/1651 1846/5/1653
f 1846/5/1653 1848/6/1655 1847/4/1654
f 1841/8/1648 1849/10/1647 1846/5/1653
f 1850/7/1656 1848/6/1655 1846/5/1653
f 1849/10/1647 1850/7/1656 1846/5/1653
f 1849/10/1647 1851/11/1657 1850/7/1656
f 1852/12/1658 1853/12/1659 1854/8/1660
f 1854/8/1660 1855/8/1661 1852/12/1658
f 1856/9/1662 1857/3/1663 1858/8/1661
f 1857/3/1663 1859/2/1664 1860/1/1665
f 1857/3/1663 1861/5/1666 1858/8/1661
f 1860/1/1665 1861/5/1666 1857/3/1663
f 1861/5/1666 1860/1/1665 1862/4/1667
f 1862/4/1667 1863/6/1668 1861/5/1666
f 1861/5/1666 1864/10/1669 1858/8/1661
f 1861/5/1666 1863/6/1668 1865/7/1670
f 1861/5/1666 1865/7/1670 1864/10/1669
f 1865/7/1670 1866/11/1671 1864/10/1669
f 1867/8/1672 1868/12/1672 1869/12/1673
f 1869/12/1673 1870/8/1674 1867/8/1672
f 1871/8/1675 1872/3/1676 1873/9/1677
f 1874/1/1678 1875/2/1679 1872/3/1676
f 1871/8/1675 1876/5/1680 1872/3/1676
f 1872/3/1676 1876/5/1680 1874/1/1678
f 1877/4/1681 1874/1/1678 1876/5/1680
f 1876/5/1680 1878/6/1682 1877/4/1681
f 1871/8/1675 1879/10/1683 1876/5/1680
f 1880/7/1684 1878/6/1682 1876/5/1680
f 1879/10/1683 1880/7/1684 1876/5/1680
f 1879/10/1683 1881/11/1685 1880/7/1684
f 1882/12/1686 1883/12/1687 1884/8/1687
f 1884/8/1687 1885/8/1688 1882/12/1686
f 1886/9/1689 1887/3/1690 1888/8/1691
f 1887/3/1690 1889/2/1692 1890/1/1693
f 1887/3/1690 1891/5/1694 1888/8/1691
f 1890/1/1693 1891/5/1694 1887/3/1690
f 1891/5/1694 1890/1/1693 1892/4/1695
f 1892/4/1695 1893/6/1696 1891/5/1694
f 1891/5/1694 1894/10/1697 1888/8/1691
f 1891/5/1694 1893/6/1696 1895/7/1698
f 1891/5/1694 1895/7/1698 1894/10/1697
f 1895/7/1698 1896/11/1699 1894/10/1697
f 1897/8/1700 1898/12/1700 1899/12/1701
f 1899/12/1701 1900/8/1702 1897/8/1700
f 1901/8/1703 1902/3/1704 1903/9/1705
f 1904/1/1706 1905/2/1707 1902/3/1704
f 1901/8/1703 1906/5/1708 1902/3/1704
f 1902/3/1704 1906/5/1708 1904/1/1706
f 1907/4/1709 1904/1/1706 1906/5/1708
f 1906/5/1708 1908/6/1710 1907/4/1709
f 1901/8/1703 1909/10/1711 1906/5/1708
f 1910/7/1712 1908/6/1710 1906/5/1708
f 1909/10/1711 1910/7/1712 1906/5/1708
f 1909/10/1711 1911/11/1713 1910/7/1712
f 1912/12/1714 1913/12/1715 1914/8/1715
f 1914/8/1715 1915/8/1716 1912/12/1714
f 1916/9/1717 1917/3/1718 1918/8/1719
f 1917/3/1718 1919/2/1720 1920/1/1721
f 1917/3/1718 1921/5/1722 1918/8/1719
f 1920/1/1721 1921/5/1722 1917/3/1718
f 1921/5/1722 1920/1/1721 1922/4/1723
f 1922/4/1723 1923/6/1724 1921/5/1722
f 1921/5/1722 1924/10/1725 1918/8/1719
f 1921/5/1722 1923/6/1724 1925/7/1726
f 1921/5/1722 1925/7/1726 1924/10/1725
f 1925/7/1726 1926/11/1727 1924/10/1725
f 1927/13/1728 1928/14/1728 1929/15/1729
f 1928/14/1728 1927/13/1728 1930/16/1730
f 1931/15/1731 1932/14/1732 1933/13/1732
f 1934/16/1733 1933/13/1732 1932/14/1732
f 1935/8/1734 1936/12/1734 1937/12/1735
f 1937/12/1735 1938/8/1736 1935/8/1734
f 1939/8/1737 1940/3/1738 1941/9/1739
f 1942/1/1740 1943/2/1741 1940/3/1738
f 1939/8/1737 1944/5/1742 1940/3/1738
f 1940/3/1738 1944/5/1742 1942/1/1740
f 1945/4/1743 1942/1/1740 1944/5/1742
f 1944/5/1742 1946/6/1744 1945/4/1743
f 1939/8/1737 1947/10/1745 1944/5/1742
f 1948/7/1746 1946/6/1744 1944/5/1742
f 1947/10/1745 1948/7/1746 1944/5/1742
f 1947/10/1745 1949/11/133 1948/7/1746
f 1950/12/1747 1951/12/1748 1952/8/1748
f 1952/8/1748 1953/8/1749 1950/12/1747
f 1954/9/1750 1955/3/1751 1956/8/1752
f 1955/3/1751 1957/2/1753 1958/1/1754
f 1955/3/1751 1959/5/1755 1956/8/1752
f 1958/1/1754 1959/5/1755 1955/3/1751
f 1959/5/1755 1958/1/1754 1960/4/1756
f 1960/4/1756 1961/6/1757 1959/5/1755
f 1959/5/1755 1962/10/1747 1956/8/1752
f 1959/5/1755 1961/6/1757 1963/7/1758
f 1959/5/1755 1963/7/1758 1962/10/1747
f 1963/7/1758 1964/11/146 1962/10/1747
f 1965/8/1759 1966/12/1759 1967/12/1760
f 1967/12/1760 1968/8/1761 1965/8/1759
f 1969/8/1761 1970/3/1762 1971/9/1763
f 1972/1/1764 1973/2/1765 1970/3/1762
f 1969/8/1761 1974/5/1766 1970/3/1762
f 1970/3/1762 1974/5/1766 1972/1/1764
f 1975/4/1767 1972/1/1764 1974/5/1766
f 1974/5/1766 1976/6/1768 1975/4/1767
f 1969/8/1761 1977/10/1769 1974/5/1766
f 1978/7/1770 1976/6/1768 1974/5/1766
f 1977/10/1769 1978/7/1770 1974/5/1766
f 1977/10/1769 1979/11/1771 1978/7/1770
f 1980/12/1772 1981/12/1773 1982/8/1773
f 1982/8/1773 1983/8/1774 1980/12/1772
f 1984/9/1775 1985/3/1776 1986/8/1777
f 1985/3/1776 1987/2/1778 1988/1/1779
f 1985/3/1776 1989/5/1780 1986/8/1777
f 1988/1/1779 1989/5/1780 1985/3/1776
f 1989/5/1780 1988/1/1779 1990/4/1781
f 1990/4/1781 1991/6/1782 1989/5/1780
f 1989/5/1780 1992/10/1783 1986/8/1777
f 1989/5/1780 1991/6/1782 1993/7/1784
f 1989/5/1780 1993/7/1784 1992/10/1783
f 1993/7/1784 1994/11/1785 1992/10/1783
f 1995/8/1786 1996/12/1786 1997/12/1787
f 1997/12/1787 1998/8/1788 1995/8/1786
f 1999/8/1789 2000/3/1790 2001/9/1791
f 2002/1/1792 2003/2/1793 2000/3/1790
f 1999/8/1789 2004/5/1794 2000/3/1790
f 2000/3/1790 2004/5/1794 2002/1/1792
f 2005/4/1795 2002/1/1792 2004/5/1794
f 2004/5/1794 2006/6/1796 2005/4/1795
f 1999/8/1789 2007/10/1797 2004/5/1794
f 2008/7/1798 2006/6/1796 2004/5/1794
f 2007/10/1797 2008/7/1798 2004/5/1794
f 2007/10/1797 2009/11/1799 2008/7/1798
f 2010/12/1800 2011/12/1801 2012/8/1801
f 2012/8/1801 2013/8/1802 2010/12/1800
f 2014/9/1803 2015/3/1804 2016/8/1805
f 2015/3/1804 2017/2/1806 2018/1/1807
f 2015/3/1804 2019/5/1808 2016/8/1805
f 2018/1/1807 2019/5/1808 2015/3/1804
f 2019/5/1808 2018/1/1807 2020/4/1809
f 2020/4/1809 2021/6/1810 2019/5/1808
f 2019/5/1808 2022/10/1811 2016/8/1805
f 2019/5/1808 2021/6/1810 2023/7/1812
f 2019/5/1808 2023/7/1812 2022/10/1811
f 2023/7/1812 2024/11/1813 2022/10/1811
f 2025/13/1814 2026/14/1815 2027/15/1816
f 2026/14/1815 2025/13/1814 2028/16/1817
f 2029/15/1818 2030/14/1819 2031/13/1820
f 2032/16/1821 2031/13/1820 2030/14/1819
f 2033/8/1822 2034/12/1823 2035/12/1824
f 2035/12/1824 2036/8/1825 2033/8/1822
f 2037/8/1826 2038/3/1827 2039/9/1828
f 2040/1/1829 2041/2/1830 2038/3/1827
f 2037/8/1826 2042/5/1831 2038/3/1827
f 2038/3/1827 2042/5/1831 2040/1/1829
f 2043/4/1832 2040/1/1829 2042/5/1831
f 2037/8/1826 2044/10/1824 2042/5/1831
f 2044/10/1824 2045/11/1833 2046/7/1834
f 2044/10/1824 2046/7/1834 2042/5/1831
f 2046/7/1834 2047/6/1835 2042/5/1831
f 2042/5/1831 2047/6/1835 2048/4/1832
f 2049/12/1836 2050/12/1837 2051/8/1837
f 2051/8/1837 2052/8/1838 2049/12/1836
f 2053/9/1839 2054/3/1840 2055/8/1841
f 2054/3/1840 2056/2/1842 2057/1/1843
f 2054/3/1840 2058/5/1844 2055/8/1841
f 2057/1/1843 2058/5/1844 2054/3/1840
f 2058/5/1844 2057/1/1843 2059/4/1845
f 2058/5/1844 2060/10/1846 2055/8/1841
f 2061/7/1847 2062/11/1848 2060/10/1846
f 2058/5/1844 2061/7/1847 2060/10/1846
f 2058/5/1844 2063/6/1849 2061/7/1847
f 2064/4/1845 2063/6/1849 2058/5/1844
f 2065/4/1850 2066/2/1851 2067/17/1851
f 2067/17/1851 2068/18/1852 2065/4/1850
f 2069/17/1853 2070/2/1853 2071/4/1854
f 2071/4/1854 2072/18/1855 2069/17/1853
f 2073/4/1856 2074/2/1856 2075/17/1856
f 2075/17/1856 2076/18/1856 2073/4/1856
f 2077/17/1857 2078/2/1857 2079/4/1857
f 2079/4/1857 2080/18/1857 2077/17/1857
f 2081/13/1858 2082/14/1858 2083/15/1859
f 2082/14/1858 2081/13/1858 2084/16/1860
f 2085/15/1861 2086/14/1862 2087/13/1862
f 2088/16/1863 2087/13/1862 2086/14/1862
f 2089/13/1864 2090/14/1864 2091/15/1865
f 2090/14/1864 2089/13/1864 2092/16/1866
f 2093/15/1867 2094/14/1868 2095/13/1868
f 2096/16/1869 2095/13/1868 2094/14/1868
f 2097/4/1870 2098/2/1871 2099/17/1870
f 2099/17/1870 2100/18/1872 2097/4/1870
f 2101/17/1873 2102/2/1874 2103/4/1875
f 2103/4/1875 2104/18/1876 2101/17/1873
f 2105/4/1877 2106/2/1878 2107/17/1877
f 2107/17/1877 2108/18/1879 2105/4/1877
f 2109/17/1880 2110/2/1881 2111/4/1882
f 2111/4/1882 2112/18/1883 2109/17/1880
f 2113/4/1884 2114/2/1885 2115/17/1886
f 2115/17/1886 2116/18/1887 2113/4/1884
f 2117/17/1888 2118/2/1889 2119/4/1888
f 2119/4/1888 2120/18/1890 2117/17/1888
f 2121/4/1891 2122/2/1891 2123/17/1892
f 2123/17/1892 2124/18/1893 2121/4/1891
f 2125/17/1894 2126/2/1895 2127/4/1895
f 2127/4/1895 2128/18/1896 2125/17/1894
f 2129/4/1897 2130/2/1898 2131/17/1897
f 2131/17/1897 2132/18/1899 2129/4/1897
f 2133/17/1900 2134/2/1901 2135/4/1900
f 2135/4/1900 2136/18/1902 2133/17/1900
f 2137/8/1903 2138/12/1903 2139/12/1904
f 2139/12/1904 2140/8/1905 2137/8/1903
f 2141/8/1905 2142/3/1906 2143/9/1907
f 2144/1/1908 2145/2/1909 2142/3/1906
f 2141/8/1905 2146/5/1910 2142/3/1906
f 2142/3/1906 2146/5/1910 2144/1/1908
f 2147/4/1911 2144/1/1908 2146/5/1910
f 2146/5/1910 2148/6/1912 2147/4/1911
f 2141/8/1905 2149/10/1904 2146/5/1910
f 2150/7/1913 2148/6/1912 2146/5/1910
f 2149/10/1904 2150/7/1913 2146/5/1910
f 2149/10/1904 2151/11/1914 2150/7/1913
f 2152/12/1915 2153/12/1916 2154/8/1916
f 2154/8/1916 2155/8/1917 2152/12/1915
f 2156/9/1918 2157/3/1919 2158/8/1920
f 2157/3/1919 2159/2/1921 2160/1/1922
f 2157/3/1919 2161/5/1923 2158/8/1920
f 2160/1/1922 2161/5/1923 2157/3/1919
f 2161/5/1923 2160/1/1922 2162/4/1924
f 2162/4/1924 2163/6/1925 2161/5/1923
f 2161/5/1923 2164/10/1926 2158/8/1920
f 2161/5/1923 2163/6/1925 2165/7/1927
f 2161/5/1923 2165/7/1927 2164/10/1926
f 2165/7/1927 2166/11/1928 2164/10/1926
f 2167/8/1929 2168/12/1929 2169/12/1930
f 2169/12/1930 2170/8/1931 2167/8/1929
f 2171/8/1931 2172/3/1932 2173/9/1933
f 2174/1/1934 2175/2/1935 2172/3/1932
f 2171/8/1931 2176/5/1936 2172/3/1932
f 2172/3/1932 2176/5/1936 2174/1/1934
f 2177/4/1937 2174/1/1934 2176/5/1936
f 2176/5/1936 2178/6/1938 2177/4/1937
f 2171/8/1931 2179/10/1939 2176/5/1936
f 2180/7/1940 2178/6/1938 2176/5/1936
f 2179/10/1939 2180/7/1940 2176/5/1936
f 2179/10/1939 2181/11/1941 2180/7/1940
f 2182/12/1942 2183/12/1943 2184/8/1943
f 2184/8/1943 2185/8/1944 2182/12/1942
f 2186/9/1945 2187/3/1946 2188/8/1947
f 2187/3/1946 2189/2/1948 2190/1/1949
f 2187/3/1946 2191/5/1950 2188/8/1947
f 2190/1/1949 2191/5/1950 2187/3/1946
f 2191/5/1950 2190/1/1949 2192/4/1951
f 2192/4/1951 2193/6/1952 2191/5/1950
f 2191/5/1950 2194/10/1953 2188/8/1947
f 2191/5/1950 2193/6/1952 2195/7/1954
f 2191/5/1950 2195/7/1954 2194/10/1953
f 2195/7/1954 2196/11/1955 2194/10/1953
f 2197/4/1956 2198/2/1957 2199/17/1956
f 2199/17/1956 2200/18/1958 2197/4/1956
f 2201/17/1959 2202/2/1960 2203/4/1959
f 2203/4/1959 2204/18/1961 2201/17/1959
f 2205/13/1962 2206/14/1962 2207/15/1963
f 2206/14/1962 2205/13/1962 2208/16/1964
f 2209/15/1965 2210/14/1966 2211/13/1967
f 2212/16/1968 2211/13/1967 2210/14/1966
f 2213/13/1969 2214/14/1970 2215/15/1971
f 2214/14/1970 2213/13/1969 2216/16/1972
f 2217/15/1973 2218/14/1974 2219/13/1975
f 2220/16/1976 2219/13/1975 2218/14/1974
f 2221/13/1977 2222/14/1977 2223/15/1978
f 2222/14/1977 2221/13/1977 2224/16/1979
f 2225/15/1980 2226/14/1981 2227/13/1981
f 2228/16/1982 2227/13/1981 2226/14/1981
f 2229/13/1983 2230/14/1983 2231/15/1984
f 2230/14/1983 2229/13/1983 2232/16/1985
f 2233/15/1986 2234/14/1987 2235/13/1987
f 2236/16/1988 2235/13/1987 2234/14/1987
f 2237/13/1989 2238/14/1989 2239/15/1990
f 2238/14/1989 2237/13/1989 2240/16/1991
f 2241/15/1992 2242/14/1993 2243/13/1993
f 2244/16/1994 2243/13/1993 2242/14/1993
f 2245/13/1995 2246/14/1995 2247/15/1996
f 2246/14/1995 2245/13/1995 2248/16/1997
f 2249/15/1998 2250/14/1999 2251/13/2000
f 2252/16/2001 2251/13/2000 2250/14/1999
f 2253/19/2002 2254/20/2003 2255/21/2004
f 2255/21/2004 2256/22/2005 2253/19/2002
f 2256/22/2005 2255/21/2004 2257/23/2006
f 2257/23/2006 2258/24/2007 2256/22/2005
f 2258/24/2007 2257/23/2006 2259/25/2008
f 2259/25/2008 2260/26/2009 2258/24/2007
f 2260/26/2009 2259/25/2008 2261/27/2010
f 2261/27/2010 2262/28/2011 2260/26/2009
f 2263/19/2012 2264/20/2013 2265/21/2014
f 2265/21/2014 2266/22/2015 2263/19/2012
f 2266/22/2015 2265/21/2014 2267/23/2016
f 2267/23/2016 2268/24/2017 2266/22/2015
f 2268/24/2017 2267/23/2016 2269/25/2018
f 2269/25/2018 2270/26/2019 2268/24/2017
f 2270/26/2019 2269/25/2018 2271/27/2020
f 2271/27/2020 2272/28/2021 2270/26/2019
f 2273/27/2011 2274/28/2022 2275/26/2023
f 2275/26/2023 2276/25/2009 2273/27/2011
f 2276/25/2009 2275/26/2023 2277/24/2024
f 2277/24/2024 2278/23/2025 2276/25/2009
f 2278/23/2025 2277/24/2024 2279/22/2026
f 2279/22/2026 2280/21/2005 2278/23/2025
f 2280/21/2005 2279/22/2026 2281/19/2027
f 2281/19/2027 2282/20/2028 2280/21/2005
f 2283/19/2029 2284/20/2030 2285/21/2031
f 2285/21/2031 2286/22/2032 2283/19/2029
f 2286/22/2032 2285/21/2031 2287/23/2033
f 2287/23/2033 2288/24/2034 2286/22/2032
f 2288/24/2034 2287/23/2033 2289/25/2035
f 2289/25/2035 2290/26/2036 2288/24/2034
f 2290/26/2036 2289/25/2035 2291/27/2037
f 2291/27/2037 2292/28/2020 2290/26/2036
f 2293/8/2038 2294/12/2039 2295/12/2040
f 2295/12/2040 2296/8/2041 2293/8/2038
f 2296/8/2041 2295/12/2040 2297/12/2042
f 2297/12/2042 2298/8/2043 2296/8/2041
f 2299/8/2044 2300/3/2045 2301/9/2046
f 2302/1/2047 2303/2/2048 2300/3/2045
f 2300/3/2045 2304/5/2049 2302/1/2047
f 2299/8/2044 2304/5/2049 2300/3/2045
f 2299/8/2044 2305/10/2042 2304/5/2049
f 2305/10/2042 2306/11/2050 2307/7/2051
f 2305/10/2042 2307/7/2051 2304/5/2049
f 2307/7/2051 2308/6/2052 2304/5/2049
f 2304/5/2049 2308/6/2052 2309/4/2053
f 2309/4/2053 2310/1/2054 2304/5/2049
f 2311/8/2055 2312/12/2055 2313/12/2056
f 2313/12/2056 2314/8/2057 2311/8/2055
f 2314/8/2057 2313/12/2056 2315/12/2058
f 2315/12/2058 2316/8/418 2314/8/2057
f 2317/29/2059 2316/8/418 2315/12/2058
f 2318/30/2060 2319/29/2061 2320/9/2062
f 2321/31/2063 2320/9/2062 2319/29/2061
f 2322/32/2064 2321/31/2063 2319/29/2061
f 2319/29/2061 2323/10/2058 2324/11/2065
f 2325/33/2066 2324/11/2065 2326/7/2067
f 2324/11/2065 2325/33/2066 2319/29/2061
f 2325/33/2066 2327/34/2068 2319/29/2061
f 2319/29/2061 2328/35/2069 2322/32/2064
f 2328/35/2069 2319/29/2061 2327/34/2068
f 2329/2/2070 2322/32/2064 2328/35/2069
f 2330/4/2071 2328/35/2069 2327/34/2068
f 2328/35/2069 2331/1/2072 2329/2/2070
f 2328/35/2069 2330/4/2071 2331/1/2072
f 2332/8/2073 2333/12/2074 2334/12/2075
f 2334/12/2075 2335/8/2076 2332/8/2073
f 2336/29/2077 2335/8/2076 2334/12/2075
f 2337/30/2076 2338/29/2078 2339/9/2079
f 2340/31/2080 2339/9/2079 2338/29/2078
f 2341/32/2081 2340/31/2080 2338/29/2078
f 2338/29/2078 2342/10/2075 2343/11/2082
f 2344/33/2083 2343/11/2082 2345/7/2084
f 2343/11/2082 2344/33/2083 2338/29/2078
f 2344/33/2083 2346/34/2085 2338/29/2078
f 2338/29/2078 2347/35/2086 2341/32/2081
f 2347/35/2086 2338/29/2078 2346/34/2085
f 2348/2/2087 2341/32/2081 2347/35/2086
f 2349/4/2088 2347/35/2086 2346/34/2085
f 2347/35/2086 2350/1/2089 2348/2/2087
f 2347/35/2086 2349/4/2088 2350/1/2089
f 2351/8/2090 2352/12/2091 2353/12/2092
f 2353/12/2092 2354/8/2093 2351/8/2090
f 2355/29/2094 2354/8/2093 2353/12/2092
f 2356/30/2093 2357/29/2095 2358/9/2096
f 2359/31/2097 2358/9/2096 2357/29/2095
f 2360/32/2098 2359/31/2097 2357/29/2095
f 2357/29/2095 2361/10/2092 2362/11/2099
f 2363/33/2100 2362/11/2099 2364/7/2101
f 2362/11/2099 2363/33/2100 2357/29/2095
f 2363/33/2100 2365/34/2102 2357/29/2095
f 2357/29/2095 2366/35/2103 2360/32/2098
f 2366/35/2103 2357/29/2095 2365/34/2102
f 2367/2/2104 2360/32/2098 2366/35/2103
f 2368/4/2105 2366/35/2103 2365/34/2102
f 2366/35/2103 2369/1/2106 2367/2/2104
f 2366/35/2103 2368/4/2105 2369/1/2106
f 2370/8/2107 2371/12/2107 2372/12/2108
f 2372/12/2108 2373/8/2109 2370/8/2107
f 2373/8/2109 2372/12/2108 2374/12/2110
f 2374/12/2110 2375/8/2111 2373/8/2109
f 2376/8/2112 2377/3/2113 2378/9/2114
f 2379/1/2115 2380/2/2116 2377/3/2113
f 2376/8/2112 2381/5/2117 2377/3/2113
f 2377/3/2113 2381/5/2117 2379/1/2115
f 2382/4/2118 2379/1/2115 2381/5/2117
f 2381/5/2117 2383/6/2119 2382/4/2118
f 2376/8/2112 2384/10/2110 2381/5/2117
f 2385/7/2120 2383/6/2119 2381/5/2117
f 2384/10/2110 2385/7/2120 2381/5/2117
f 2384/10/2110 2386/11/2121 2385/7/2120
f 2387/8/2122 2388/12/2123 2389/12/2124
f 2389/12/2124 2390/8/2125 2387/8/2122
f 2390/8/2125 2389/12/2124 2391/12/2126
f 2391/12/2126 2392/8/2127 2390/8/2125
f 2393/29/2128 2392/8/2127 2391/12/2126
f 2394/30/2129 2395/29/2130 2396/9/2131
f 2397/31/2132 2396/9/2131 2395/29/2130
f 2398/32/2133 2397/31/2132 2395/29/2130
f 2395/29/2130 2399/10/2126 2400/11/2134
f 2401/33/2135 2400/11/2134 2402/7/2136
f 2400/11/2134 2401/33/2135 2395/29/2130
f 2401/33/2135 2403/34/2137 2395/29/2130
f 2395/29/2130 2404/35/2138 2398/32/2133
f 2404/35/2138 2395/29/2130 2403/34/2137
f 2405/2/2139 2398/32/2133 2404/35/2138
f 2406/4/2140 2404/35/2138 2403/34/2137
f 2404/35/2138 2407/1/2141 2405/2/2139
f 2404/35/2138 2406/4/2140 2407/1/2141
f 2408/8/2142 2409/12/2142 2410/12/2143
f 2410/12/2143 2411/8/2144 2408/8/2142
f 2411/8/2144 2410/12/2143 2412/12/2145
f 2412/12/2145 2413/8/2146 2411/8/2144
f 2414/8/2147 2415/3/2148 2416/9/2149
f 2417/1/2150 2418/2/2151 2415/3/2148
f 2414/8/2147 2419/5/2152 2415/3/2148
f 2415/3/2148 2419/5/2152 2417/1/2150
f 2420/4/2153 2417/1/2150 2419/5/2152
f 2419/5/2152 2421/6/2154 2420/4/2153
f 2414/8/2147 2422/10/2155 2419/5/2152
f 2423/7/2156 2421/6/2154 2419/5/2152
f 2422/10/2155 2423/7/2156 2419/5/2152
f 2422/10/2155 2424/11/2157 2423/7/2156
f 2425/4/2158 2426/2/2159 2427/36/2160
f 2427/36/2160 2428/37/2161 2425/4/2158
f 2428/37/2161 2427/36/2160 2429/17/2162
f 2429/17/2162 2430/18/2163 2428/37/2161
f 2431/8/2164 2432/12/2164 2433/12/2165
f 2433/12/2165 2434/8/2166 2431/8/2164
f 2434/8/2166 2433/12/2165 2435/12/2167
f 2435/12/2167 2436/8/2168 2434/8/2166
f 2437/8/2169 2438/3/2170 2439/9/2171
f 2440/1/2172 2441/2/2173 2438/3/2170
f 2437/8/2169 2442/5/2174 2438/3/2170
f 2438/3/2170 2442/5/2174 2440/1/2172
f 2443/4/2175 2440/1/2172 2442/5/2174
f 2442/5/2174 2444/6/2176 2443/4/2175
f 2437/8/2169 2445/10/2177 2442/5/2174
f 2446/7/2178 2444/6/2176 2442/5/2174
f 2445/10/2177 2446/7/2178 2442/5/2174
f 2445/10/2177 2447/11/2179 2446/7/2178
f 2448/8/2180 2449/12/2181 2450/12/2182
f 2450/12/2182 2451/8/2183 2448/8/2180
f 2451/8/2183 2450/12/2182 2452/12/2184
f 2452/12/2184 2453/8/2185 2451/8/2183
f 2454/29/2186 2453/8/2185 2452/12/2184
f 2455/30/2185 2456/29/2187 2457/9/2188
f 2458/31/2189 2457/9/2188 2456/29/2187
f 2459/32/2190 2458/31/2189 2456/29/2187
f 2456/29/2187 2460/10/2191 2461/11/2192
f 2462/33/2193 2461/11/2192 2463/7/2194
f 2461/11/2192 2462/33/2193 2456/29/2187
f 2462/33/2193 2464/34/2195 2456/29/2187
f 2456/29/2187 2465/35/2196 2459/32/2190
f 2465/35/2196 2456/29/2187 2464/34/2195
f 2466/2/2197 2459/32/2190 2465/35/2196
f 2467/4/2095 2465/35/2196 2464/34/2195
f 2465/35/2196 2468/1/2198 2466/2/2197
f 2465/35/2196 2467/4/2095 2468/1/2198
f 2469/8/2199 2470/12/2199 2471/12/2200
f 2471/12/2200 2472/8/2201 2469/8/2199
f 2473/29/2202 2472/8/2201 2471/12/2200
f 2474/30/2201 2475/29/2202 2476/9/2203
f 2477/31/2204 2476/9/2203 2475/29/2202
f 2478/32/2205 2477/31/2204 2475/29/2202
f 2475/29/2202 2479/10/2206 2480/11/2207
f 2481/33/2208 2480/11/2207 2482/7/2209
f 2480/11/2207 2481/33/2208 2475/29/2202
f 2481/33/2208 2483/34/2210 2475/29/2202
f 2475/29/2202 2484/35/2211 2478/32/2205
f 2484/35/2211 2475/29/2202 2483/34/2210
f 2485/2/2212 2478/32/2205 2484/35/2211
f 2486/4/2213 2484/35/2211 2483/34/2210
f 2484/35/2211 2487/1/2214 2485/2/2212
f 2484/35/2211 2486/4/2213 2487/1/2214
f 2488/8/2215 2489/12/2215 2490/12/2216
f 2490/12/2216 2491/8/2217 2488/8/2215
f 2492/29/2218 2491/8/2217 2490/12/2216
f 2493/30/2217 2494/29/2219 2495/9/2220
f 2496/31/2221 2495/9/2220 2494/29/2219
f 2497/32/2222 2496/31/2221 2494/29/2219
f 2494/29/2219 2498/10/2223 2499/11/2224
f 2500/33/2225 2499/11/2224 2501/7/2226
f 2499/11/2224 2500/33/2225 2494/29/2219
f 2500/33/2225 2502/34/2227 2494/29/2219
f 2494/29/2219 2503/35/2228 2497/32/2222
f 2503/35/2228 2494/29/2219 2502/34/2227
f 2504/2/2229 2497/32/2222 2503/35/2228
f 2505/4/2230 2503/35/2228 2502/34/2227
f 2503/35/2228 2506/1/2231 2504/2/2229
f 2503/35/2228 2505/4/2230 2506/1/2231
f 2507/8/2232 2508/12/2232 2509/12/2233
f 2509/12/2233 2510/8/2234 2507/8/2232
f 2510/8/2234 2509/12/2233 2511/12/2235
f 2511/12/2235 2512/8/2236 2510/8/2234
f 2513/8/2237 2514/3/2238 2515/9/2239
f 2516/1/2240 2517/2/2241 2514/3/2238
f 2513/8/2237 2518/5/2242 2514/3/2238
f 2514/3/2238 2518/5/2242 2516/1/2240
f 2519/4/2243 2516/1/2240 2518/5/2242
f 2518/5/2242 2520/6/2244 2519/4/2243
f 2513/8/2237 2521/10/2245 2518/5/2242
f 2522/7/2246 2520/6/2244 2518/5/2242
f 2521/10/2245 2522/7/2246 2518/5/2242
f 2521/10/2245 2523/11/2247 2522/7/2246
f 2524/8/2248 2525/12/2248 2526/12/2249
f 2526/12/2249 2527/8/2250 2524/8/2248
f 2527/8/2250 2526/12/2249 2528/12/2251
f 2528/12/2251 2529/8/2252 2527/8/2250
f 2530/8/2253 2531/3/2254 2532/9/2255
f 2533/1/2256 2534/2/2257 2531/3/2254
f 2530/8/2253 2535/5/2258 2531/3/2254
f 2531/3/2254 2535/5/2258 2533/1/2256
f 2536/4/2259 2533/1/2256 2535/5/2258
f 2535/5/2258 2537/6/2260 2536/4/2259
f 2530/8/2253 2538/10/2261 2535/5/2258
f 2539/7/2262 2537/6/2260 2535/5/2258
f 2538/10/2261 2539/7/2262 2535/5/2258
f 2538/10/2261 2540/11/2263 2539/7/2262
f 2541/4/2264 2542/2/2265 2543/36/2266
f 2543/36/2266 2544/37/2267 2541/4/2264
f 2544/37/2267 2543/36/2266 2545/17/2268
f 2545/17/2268 2546/18/2269 2544/37/2267
f 2547/4/2270 2548/2/2271 2549/36/2272
f 2549/36/2272 2550/37/2273 2547/4/2270
f 2550/37/2273 2549/36/2272 2551/17/2274
f 2551/17/2274 2552/18/2274 2550/37/2273
f 2553/4/2275 2554/2/2276 2555/36/2277
f 2555/36/2277 2556/37/2278 2553/4/2275
f 2556/37/2278 2555/36/2277 2557/17/2279
f 2557/17/2279 2558/18/2279 2556/37/2278
f 2559/17/2280 2560/18/2281 2561/38/2282
f 2561/38/2282 2562/39/2283 2559/17/2280
f 2562/39/2283 2561/38/2282 2563/4/2284
f 2563/4/2284 2564/2/2285 2562/39/2283
f 2565/17/2286 2566/18/2286 2567/40/2287
f 2567/40/2287 2568/41/2288 2565/17/2286
f 2568/41/2288 2567/40/2287 2569/4/2289
f 2569/4/2289 2570/2/2290 2568/41/2288
f 2571/17/2291 2572/2/2292 2573/4/2293
f 2574/42/2294 2571/17/2291 2573/4/2293
f 2575/18/2295 2574/42/2294 2573/4/2293
f 2576/4/2296 2577/2/2297 2578/36/2298
f 2578/36/2298 2579/37/2299 2576/4/2296
f 2579/37/2299 2578/36/2298 2580/17/2300
f 2580/17/2300 2581/18/2301 2579/37/2299
f 2582/4/2302 2583/2/2303 2584/36/2304
f 2584/36/2304 2585/37/2305 2582/4/2302
f 2585/37/2305 2584/36/2304 2586/17/2306
f 2586/17/2306 2587/18/2307 2585/37/2305
f 2588/17/2308 2589/2/2309 2590/4/2310
f 2591/42/2311 2588/17/2308 2590/4/2310
f 2592/18/2312 2591/42/2311 2590/4/2310
f 2593/4/2313 2594/2/2314 2595/36/2315
f 2595/36/2315 2596/37/2316 2593/4/2313
f 2596/37/2316 2595/36/2315 2597/17/2317
f 2597/17/2317 2598/18/2318 2596/37/2316
f 2599/17/2319 2600/2/2320 2601/4/2321
f 2602/42/2322 2599/17/2319 2601/4/2321
f 2603/18/2323 2602/42/2322 2601/4/2321
f 2604/17/2324 2605/2/2325 2606/4/2326
f 2607/42/2327 2604/17/2324 2606/4/2326
f 2608/18/2328 2607/42/2327 2606/4/2326
f 2609/17/2329 2610/2/2330 2611/4/2331
f 2612/42/2332 2609/17/2329 2611/4/2331
f 2613/18/2333 2612/42/2332 2611/4/2331
f 2614/8/2334 2615/12/2335 2616/12/2336
f 2616/12/2336 2617/8/2337 2614/8/2334
f 2617/8/2337 2616/12/2336 2618/12/2338
f 2618/12/2338 2619/8/2339 2617/8/2337
f 2620/8/2339 2621/3/2340 2622/9/2341
f 2623/1/2342 2624/2/2343 2621/3/2340
f 2621/3/2340 2625/5/2344 2623/1/2342
f 2620/8/2339 2625/5/2344 2621/3/2340
f 2620/8/2339 2626/10/2345 2625/5/2344
f 2626/10/2345 2627/11/2346 2628/7/2347
f 2626/10/2345 2628/7/2347 2625/5/2344
f 2628/7/2347 2629/6/2348 2625/5/2344
f 2625/5/2344 2629/6/2348 2630/4/2349
f 2630/4/2349 2631/1/2342 2625/5/2344
f 2632/8/2350 2633/12/2350 2634/12/2351
f 2634/12/2351 2635/8/2352 2632/8/2350
f 2635/8/2352 2634/12/2351 2636/12/2353
f 2636/12/2353 2637/8/2354 2635/8/2352
f 2638/29/2355 2637/8/2354 2636/12/2353
f 2639/30/2354 2640/29/2356 2641/9/2357
f 2642/31/2358 2641/9/2357 2640/29/2356
f 2643/32/2359 2642/31/2358 2640/29/2356
f 2640/29/2356 2644/10/2360 2645/11/2361
f 2646/33/2362 2645/11/2361 2647/7/2363
f 2645/11/2361 2646/33/2362 2640/29/2356
f 2646/33/2362 2648/34/2364 2640/29/2356
f 2640/29/2356 2649/35/2365 2643/32/2359
f 2649/35/2365 2640/29/2356 2648/34/2364
f 2650/2/2366 2643/32/2359 2649/35/2365
f 2651/4/2367 2649/35/2365 2648/34/2364
f 2649/35/2365 2652/1/2368 2650/2/2366
f 2649/35/2365 2651/4/2367 2652/1/2368
f 2653/8/2369 2654/12/2370 2655/12/2371
f 2655/12/2371 2656/8/2372 2653/8/2369
f 2657/29/2373 2656/8/2372 2655/12/2371
f 2658/30/2374 2659/29/2375 2660/9/2376
f 2661/31/2377 2660/9/2376 2659/29/2375
f 2662/32/2378 2661/31/2377 2659/29/2375
f 2659/29/2375 2663/10/2379 2664/11/2380
f 2665/33/2381 2664/11/2380 2666/7/2382
f 2664/11/2380 2665/33/2381 2659/29/2375
f 2665/33/2381 2667/34/2383 2659/29/2375
f 2659/29/2375 2668/35/2384 2662/32/2378
f 2668/35/2384 2659/29/2375 2667/34/2383
f 2669/2/2385 2662/32/2378 2668/35/2384
f 2670/4/2386 2668/35/2384 2667/34/2383
f 2668/35/2384 2671/1/2387 2669/2/2385
f 2668/35/2384 2670/4/2386 2671/1/2387
f 2672/8/2388 2673/12/2389 2674/12/2390
f 2674/12/2390 2675/8/2391 2672/8/2388
f 2676/29/2392 2675/8/2391 2674/12/2390
f 2677/30/2393 2678/29/2392 2679/9/2394
f 2680/31/2395 2679/9/2394 2678/29/2392
f 2681/32/2396 2680/31/2395 2678/29/2392
f 2678/29/2392 2682/10/2390 2683/11/2397
f 2684/33/2398 2683/11/2397 2685/7/2399
f 2683/11/2397 2684/33/2398 2678/29/2392
f 2684/33/2398 2686/34/2400 2678/29/2392
f 2678/29/2392 2687/35/2401 2681/32/2396
f 2687/35/2401 2678/29/2392 2686/34/2400
f 2688/2/2402 2681/32/2396 2687/35/2401
f 2689/4/2403 2687/35/2401 2686/34/2400
f 2687/35/2401 2690/1/2404 2688/2/2402
f 2687/35/2401 2689/4/2403 2690/1/2404
f 2691/8/2405 2692/12/2405 2693/12/2406
f 2693/12/2406 2694/8/2407 2691/8/2405
f 2694/8/2407 2693/12/2406 2695/12/2408
f 2695/12/2408 2696/8/2409 2694/8/2407
f 2697/8/2410 2698/3/2411 2699/9/2412
f 2700/1/2413 2701/2/2414 2698/3/2411
f 2697/8/2410 2702/5/2415 2698/3/2411
f 2698/3/2411 2702/5/2415 2700/1/2413
f 2703/4/2416 2700/1/2413 2702/5/2415
f 2702/5/2415 2704/6/2417 2703/4/2416
f 2697/8/2410 2705/10/2408 2702/5/2415
f 2706/7/2418 2704/6/2417 2702/5/2415
f 2705/10/2408 2706/7/2418 2702/5/2415
f 2705/10/2408 2707/11/2419 2706/7/2418
f 2708/8/2420 2709/12/2420 2710/12/2421
f 2710/12/2421 2711/8/2422 2708/8/2420
f 2711/8/2422 2710/12/2421 2712/12/2423
f 2712/12/2423 2713/8/2424 2711/8/2422
f 2714/29/2425 2713/8/2424 2712/12/2423
f 2715/30/2424 2716/29/2425 2717/9/2426
f 2718/31/2427 2717/9/2426 2716/29/2425
f 2719/32/2428 2718/31/2427 2716/29/2425
f 2716/29/2425 2720/10/2423 2721/11/2429
f 2722/33/2430 2721/11/2429 2723/7/2431
f 2721/11/2429 2722/33/2430 2716/29/2425
f 2722/33/2430 2724/34/2432 2716/29/2425
f 2716/29/2425 2725/35/2433 2719/32/2428
f 2725/35/2433 2716/29/2425 2724/34/2432
f 2726/2/2434 2719/32/2428 2725/35/2433
f 2727/4/2435 2725/35/2433 2724/34/2432
f 2725/35/2433 2728/1/2436 2726/2/2434
f 2725/35/2433 2727/4/2435 2728/1/2436
f 2729/8/2437 2730/12/2437 2731/12/2438
f 2731/12/2438 2732/8/2439 2729/8/2437
f 2732/8/2439 2731/12/2438 2733/12/2440
f 2733/12/2440 2734/8/2441 2732/8/2439
f 2735/8/2442 2736/3/2443 2737/9/2444
f 2738/1/2445 2739/2/2446 2736/3/2443
f 2735/8/2442 2740/5/2447 2736/3/2443
f 2736/3/2443 2740/5/2447 2738/1/2445
f 2741/4/2448 2738/1/2445 2740/5/2447
f 2740/5/2447 2742/6/2449 2741/4/2448
f 2735/8/2442 2743/10/2440 2740/5/2447
f 2744/7/2450 2742/6/2449 2740/5/2447
f 2743/10/2440 2744/7/2450 2740/5/2447
f 2743/10/2440 2745/11/2451 2744/7/2450
f 2746/4/2452 2747/2/2453 2748/36/2454
f 2748/36/2454 2749/37/2455 2746/4/2452
f 2749/37/2455 2748/36/2454 2750/17/2456
f 2750/17/2456 2751/18/2457 2749/37/2455
f 2752/8/2232 2753/12/2232 2754/12/2458
f 2754/12/2458 2755/8/2459 2752/8/2232
f 2755/8/2459 2754/12/2458 2756/12/2460
f 2756/12/2460 2757/8/2461 2755/8/2459
f 2758/8/2462 2759/3/2463 2760/9/2464
f 2761/1/2465 2762/2/2466 2759/3/2463
f 2758/8/2462 2763/5/2467 2759/3/2463
f 2759/3/2463 2763/5/2467 2761/1/2465
f 2764/4/2468 2761/1/2465 2763/5/2467
f 2763/5/2467 2765/6/2469 2764/4/2468
f 2758/8/2462 2766/10/2470 2763/5/2467
f 2767/7/2471 2765/6/2469 2763/5/2467
f 2766/10/2470 2767/7/2471 2763/5/2467
f 2766/10/2470 2768/11/2472 2767/7/2471
f 2769/8/2473 2770/12/2474 2771/12/2475
f 2771/12/2475 2772/8/2476 2769/8/2473
f 2772/8/2476 2771/12/2475 2773/12/2477
f 2773/12/2477 2774/8/2478 2772/8/2476
f 2775/29/2479 2774/8/2478 2773/12/2477
f 2776/30/2478 2777/29/2480 2778/9/2481
f 2779/31/2482 2778/9/2481 2777/29/2480
f 2780/32/2483 2779/31/2482 2777/29/2480
f 2777/29/2480 2781/10/2484 2782/11/2485
f 2783/33/2486 2782/11/2485 2784/7/2487
f 2782/11/2485 2783/33/2486 2777/29/2480
f 2783/33/2486 2785/34/2488 2777/29/2480
f 2777/29/2480 2786/35/2489 2780/32/2483
f 2786/35/2489 2777/29/2480 2785/34/2488
f 2787/2/2490 2780/32/2483 2786/35/2489
f 2788/4/2392 2786/35/2489 2785/34/2488
f 2786/35/2489 2789/1/2491 2787/2/2490
f 2786/35/2489 2788/4/2392 2789/1/2491
f 2790/8/2492 2791/12/2492 2792/12/2493
f 2792/12/2493 2793/8/2494 2790/8/2492
f 2794/29/2495 2793/8/2494 2792/12/2493
f 2795/30/2494 2796/29/2496 2797/9/2497
f 2798/31/2498 2797/9/2497 2796/29/2496
f 2799/32/2499 2798/31/2498 2796/29/2496
f 2796/29/2496 2800/10/2500 2801/11/2501
f 2802/33/2502 2801/11/2501 2803/7/2503
f 2801/11/2501 2802/33/2502 2796/29/2496
f 2802/33/2502 2804/34/2504 2796/29/2496
f 2796/29/2496 2805/35/2505 2799/32/2499
f 2805/35/2505 2796/29/2496 2804/34/2504
f 2806/2/2506 2799/32/2499 2805/35/2505
f 2807/4/2507 2805/35/2505 2804/34/2504
f 2805/35/2505 2808/1/2508 2806/2/2506
f 2805/35/2505 2807/4/2507 2808/1/2508
f 2809/8/2509 2810/12/2509 2811/12/2510
f 2811/12/2510 2812/8/2511 2809/8/2509
f 2813/29/2512 2812/8/2511 2811/12/2510
f 2814/30/2513 2815/29/2514 2816/9/2515
f 2817/31/2516 2816/9/2515 2815/29/2514
f 2818/32/2517 2817/31/2516 2815/29/2514
f 2815/29/2514 2819/10/2518 2820/11/2519
f 2821/33/2520 2820/11/2519 2822/7/2521
f 2820/11/2519 2821/33/2520 2815/29/2514
f 2821/33/2520 2823/34/2522 2815/29/2514
f 2815/29/2514 2824/35/2523 2818/32/2517
f 2824/35/2523 2815/29/2514 2823/34/2522
f 2825/2/2524 2818/32/2517 2824/35/2523
f 2826/4/2525 2824/35/2523 2823/34/2522
f 2824/35/2523 2827/1/2526 2825/2/2524
f 2824/35/2523 2826/4/2525 2827/1/2526
f 2828/8/2527 2829/12/2527 2830/12/2528
f 2830/12/2528 2831/8/2529 2828/8/2527
f 2831/8/2529 2830/12/2528 2832/12/2530
f 2832/12/2530 2833/8/2531 2831/8/2529
f 2834/8/2532 2835/3/2533 2836/9/2534
f 2837/1/2535 2838/2/2536 2835/3/2533
f 2834/8/2532 2839/5/2537 2835/3/2533
f 2835/3/2533 2839/5/2537 2837/1/2535
f 2840/4/2538 2837/1/2535 2839/5/2537
f 2839/5/2537 2841/6/2539 2840/4/2538
f 2834/8/2532 2842/10/2530 2839/5/2537
f 2843/7/2540 2841/6/2539 2839/5/2537
f 2842/10/2530 2843/7/2540 2839/5/2537
f 2842/10/2530 2844/11/2541 2843/7/2540
f 2845/8/2542 2846/12/2543 2847/12/2544
f 2847/12/2544 2848/8/2545 2845/8/2542
f 2848/8/2545 2847/12/2544 2849/12/2546
f 2849/12/2546 2850/8/2547 2848/8/2545
f 2851/8/2548 2852/3/2549 2853/9/2550
f 2854/1/2551 2855/2/2552 2852/3/2549
f 2851/8/2548 2856/5/2553 2852/3/2549
f 2852/3/2549 2856/5/2553 2854/1/2551
f 2857/4/2554 2854/1/2551 2856/5/2553
f 2856/5/2553 2858/6/2555 2857/4/2554
f 2851/8/2548 2859/10/2556 2856/5/2553
f 2860/7/2557 2858/6/2555 2856/5/2553
f 2859/10/2556 2860/7/2557 2856/5/2553
f 2859/10/2556 2861/11/2558 2860/7/2557
f 2862/4/2559 2863/2/2560 2864/36/2561
f 2864/36/2561 2865/37/2562 2862/4/2559
f 2865/37/2562 2864/36/2561 2866/17/2563
f 2866/17/2563 2867/18/2564 2865/37/2562
f 2868/4/2565 2869/2/2566 2870/36/2567
f 2870/36/2567 2871/37/2568 2868/4/2565
f 2871/37/2568 2870/36/2567 2872/17/2569
f 2872/17/2569 2873/18/2569 2871/37/2568
f 2874/4/2570 2875/2/2571 2876/36/2572
f 2876/36/2572 2877/37/2573 2874/4/2570
f 2877/37/2573 2876/36/2572 2878/17/2574
f 2878/17/2574 2879/18/2574 2877/37/2573
f 2880/17/2575 2881/18/2575 2882/38/2576
f 2882/38/2576 2883/39/2577 2880/17/2575
f 2883/39/2577 2882/38/2576 2884/4/2578
f 2884/4/2578 2885/2/2579 2883/39/2577
f 2886/17/2580 2887/18/2581 2888/40/2582
f 2888/40/2582 2889/41/2583 2886/17/2580
f 2889/41/2583 2888/40/2582 2890/4/2584
f 2890/4/2584 2891/2/2585 2889/41/2583
f 2892/17/2586 2893/2/1895 2894/4/2587
f 2895/42/2588 2892/17/2586 2894/4/2587
f 2896/18/2589 2895/42/2588 2894/4/2587
f 2897/4/2590 2898/2/2591 2899/36/2592
f 2899/36/2592 2900/37/2593 2897/4/2590
f 2900/37/2593 2899/36/2592 2901/17/2574
f 2901/17/2574 2902/18/2574 2900/37/2593
f 2903/4/2594 2904/2/2595 2905/36/2596
f 2905/36/2596 2906/37/2597 2903/4/2594
f 2906/37/2597 2905/36/2596 2907/17/2598
f 2907/17/2598 2908/18/2599 2906/37/2597
f 2909/17/2600 2910/2/2601 2911/4/2602
f 2912/42/2603 2909/17/2600 2911/4/2602
f 2913/18/2604 2912/42/2603 2911/4/2602
f 2914/4/2605 2915/2/2606 2916/36/2607
f 2916/36/2607 2917/37/2608 2914/4/2605
f 2917/37/2608 2916/36/2607 2918/17/2609
f 2918/17/2609 2919/18/2610 2917/37/2608
f 2920/17/2611 2921/2/2612 2922/4/2613
f 2923/42/2614 2920/17/2611 2922/4/2613
f 2924/18/2615 2923/42/2614 2922/4/2613
f 2925/17/2616 2926/2/2617 2927/4/2618
f 2928/42/2619 2925/17/2616 2927/4/2618
f 2929/18/2620 2928/42/2619 2927/4/2618
f 2930/17/2621 2931/2/2622 2932/4/2623
f 2933/42/2624 2930/17/2621 2932/4/2623
f 2934/18/2625 2933/42/2624 2932/4/2623
f 2935/21/2626 2936/20/2627 2937/19/2628
f 2937/19/2628 2938/22/2629 2935/21/2626
f 2939/23/2630 2935/21/2626 2938/22/2629
f 2938/22/2629 2940/24/2034 2939/23/2630
f 2941/25/2035 2939/23/2630 2940/24/2034
f 2940/24/2034 2942/26/2631 2941/25/2035
f 2943/27/2037 2941/25/2035 2942/26/2631
f 2942/26/2631 2944/28/2020 2943/27/2037
f 2945/21/2632 2946/20/2633 2947/19/2627
f 2947/19/2627 2948/22/2634 2945/21/2632
f 2949/23/2025 2945/21/2632 2948/22/2634
f 2948/22/2634 2950/24/2024 2949/23/2025
f 2951/25/2635 2949/23/2025 2950/24/2024
f 2950/24/2024 2952/26/2023 2951/25/2635
f 2953/27/2011 2951/25/2635 2952/26/2023
f 2952/26/2023 2954/28/2022 2953/27/2011
f 2955/26/2019 2956/28/2021 2957/27/2020
f 2957/27/2020 2958/25/2636 2955/26/2019
f 2959/24/2017 2955/26/2019 2958/25/2636
f 2958/25/2636 2960/23/2637 2959/24/2017
f 2961/22/2638 2959/24/2017 2960/23/2637
f 2960/23/2637 2962/21/2639 2961/22/2638
f 2963/19/2640 2961/22/2638 2962/21/2639
f 2962/21/2639 2964/20/2628 2963/19/2640
f 2965/21/2641 2966/20/2640 2967/19/2633
f 2967/19/2633 2968/22/2642 2965/21/2641
f 2969/23/2017 2965/21/2641 2968/22/2642
f 2968/22/2642 2970/24/2643 2969/23/2017
f 2971/25/2008 2969/23/2017 2970/24/2643
f 2970/24/2643 2972/26/2009 2971/25/2008
f 2973/27/2010 2971/25/2008 2972/26/2009
f 2972/26/2009 2974/28/2644 2973/27/2010
f 2975/12/2645 2976/12/2646 2977/8/2647
f 2977/8/2647 2978/8/2648 2975/12/2645
f 2979/12/2649 2975/12/2645 2978/8/2648
f 2978/8/2648 2980/8/2650 2979/12/2649
f 2981/9/2651 2982/3/2652 2983/8/2653
f 2982/3/2652 2984/2/2654 2985/1/2655
f 2985/1/2655 2986/5/2656 2982/3/2652
f 2982/3/2652 2986/5/2656 2983/8/2653
f 2986/5/2656 2987/10/2649 2983/8/2653
f 2988/7/2657 2989/11/2658 2987/10/2649
f 2986/5/2656 2988/7/2657 2987/10/2649
f 2986/5/2656 2990/6/2659 2988/7/2657
f 2991/4/2660 2990/6/2659 2986/5/2656
f 2986/5/2656 2992/1/2661 2991/4/2660
f 2993/12/2662 2994/12/2663 2995/8/2663
f 2995/8/2663 2996/8/2664 2993/12/2662
f 2997/12/2665 2993/12/2662 2996/8/2664
f 2996/8/2664 2998/8/432 2997/12/2665
f 2997/12/2665 2998/8/432 2999/29/2666
f 3000/9/2667 3001/29/2668 3002/30/2669
f 3001/29/2668 3000/9/2667 3003/31/2670
f 3001/29/2668 3003/31/2670 3004/32/2671
f 3005/11/2672 3006/10/2665 3001/29/2668
f 3007/7/2673 3005/11/2672 3008/33/2674
f 3001/29/2668 3008/33/2674 3005/11/2672
f 3001/29/2668 3009/34/2675 3008/33/2674
f 3004/32/2671 3010/35/2676 3001/29/2668
f 3009/34/2675 3001/29/2668 3010/35/2676
f 3010/35/2676 3004/32/2671 3011/2/2677
f 3009/34/2675 3010/35/2676 3012/4/2678
f 3011/2/2677 3013/1/2679 3010/35/2676
f 3013/1/2679 3012/4/2678 3010/35/2676
f 3014/12/2680 3015/12/2681 3016/8/2682
f 3016/8/2682 3017/8/2683 3014/12/2680
f 3014/12/2680 3017/8/2683 3018/29/2684
f 3019/9/2685 3020/29/2686 3021/30/2687
f 3020/29/2686 3019/9/2685 3022/31/2688
f 3020/29/2686 3022/31/2688 3023/32/2689
f 3024/11/2690 3025/10/2691 3020/29/2686
f 3026/7/2692 3024/11/2690 3027/33/2693
f 3020/29/2686 3027/33/2693 3024/11/2690
f 3020/29/2686 3028/34/2694 3027/33/2693
f 3023/32/2689 3029/35/2695 3020/29/2686
f 3028/34/2694 3020/29/2686 3029/35/2695
f 3029/35/2695 3023/32/2689 3030/2/2696
f 3028/34/2694 3029/35/2695 3031/4/2697
f 3030/2/2696 3032/1/2698 3029/35/2695
f 3032/1/2698 3031/4/2697 3029/35/2695
f 3033/12/2699 3034/12/2700 3035/8/2701
f 3035/8/2701 3036/8/2702 3033/12/2699
f 3033/12/2699 3036/8/2702 3037/29/2703
f 3038/9/2704 3039/29/2705 3040/30/2702
f 3039/29/2705 3038/9/2704 3041/31/2706
f 3039/29/2705 3041/31/2706 3042/32/2707
f 3043/11/2708 3044/10/2699 3039/29/2705
f 3045/7/2709 3043/11/2708 3046/33/2710
f 3039/29/2705 3046/33/2710 3043/11/2708
f 3039/29/2705 3047/34/2711 3046/33/2710
f 3042/32/2707 3048/35/2712 3039/29/2705
f 3047/34/2711 3039/29/2705 3048/35/2712
f 3048/35/2712 3042/32/2707 3049/2/2713
f 3047/34/2711 3048/35/2712 3050/4/2714
f 3049/2/2713 3051/1/2715 3048/35/2712
f 3051/1/2715 3050/4/2714 3048/35/2712
f 3052/12/2716 3053/12/2717 3054/8/2717
f 3054/8/2717 3055/8/2718 3052/12/2716
f 3056/12/2719 3052/12/2716 3055/8/2718
f 3055/8/2718 3057/8/2720 3056/12/2719
f 3058/9/2721 3059/3/2722 3060/8/2723
f 3059/3/2722 3061/2/2724 3062/1/2725
f 3059/3/2722 3063/5/2726 3060/8/2723
f 3062/1/2725 3063/5/2726 3059/3/2722
f 3063/5/2726 3062/1/2725 3064/4/2727
f 3064/4/2727 3065/6/2728 3063/5/2726
f 3063/5/2726 3066/10/2719 3060/8/2723
f 3063/5/2726 3065/6/2728 3067/7/2729
f 3063/5/2726 3067/7/2729 3066/10/2719
f 3067/7/2729 3068/11/2730 3066/10/2719
f 3069/12/2731 3070/12/2732 3071/8/2733
f 3071/8/2733 3072/8/2734 3069/12/2731
f 3073/12/2735 3069/12/2731 3072/8/2734
f 3072/8/2734 3074/8/2736 3073/12/2735
f 3073/12/2735 3074/8/2736 3075/29/2737
f 3076/9/2738 3077/29/2739 3078/30/2740
f 3077/29/2739 3076/9/2738 3079/31/2741
f 3077/29/2739 3079/31/2741 3080/32/2742
f 3081/11/2743 3082/10/2735 3077/29/2739
f 3083/7/2744 3081/11/2743 3084/33/2745
f 3077/29/2739 3084/33/2745 3081/11/2743
f 3077/29/2739 3085/34/2746 3084/33/2745
f 3080/32/2742 3086/35/2747 3077/29/2739
f 3085/34/2746 3077/29/2739 3086/35/2747
f 3086/35/2747 3080/32/2742 3087/2/2748
f 3085/34/2746 3086/35/2747 3088/4/2749
f 3087/2/2748 3089/1/2750 3086/35/2747
f 3089/1/2750 3088/4/2749 3086/35/2747
f 3090/12/2751 3091/12/2752 3092/8/2752
f 3092/8/2752 3093/8/2753 3090/12/2751
f 3094/12/2754 3090/12/2751 3093/8/2753
f 3093/8/2753 3095/8/2755 3094/12/2754
f 3096/9/2756 3097/3/2757 3098/8/2758
f 3097/3/2757 3099/2/2759 3100/1/2760
f 3097/3/2757 3101/5/2761 3098/8/2758
f 3100/1/2760 3101/5/2761 3097/3/2757
f 3101/5/2761 3100/1/2760 3102/4/2762
f 3102/4/2762 3103/6/2763 3101/5/2761
f 3101/5/2761 3104/10/2764 3098/8/2758
f 3101/5/2761 3103/6/2763 3105/7/2765
f 3101/5/2761 3105/7/2765 3104/10/2764
f 3105/7/2765 3106/11/2766 3104/10/2764
f 3107/36/2767 3108/2/2768 3109/4/2769
f 3109/4/2769 3110/37/2770 3107/36/2767
f 3111/17/2771 3107/36/2767 3110/37/2770
f 3110/37/2770 3112/18/2772 3111/17/2771
f 3113/12/2773 3114/12/2774 3115/8/2774
f 3115/8/2774 3116/8/2775 3113/12/2773
f 3117/12/2776 3113/12/2773 3116/8/2775
f 3116/8/2775 3118/8/2777 3117/12/2776
f 3119/9/2778 3120/3/2779 3121/8/2780
f 3120/3/2779 3122/2/2781 3123/1/2782
f 3120/3/2779 3124/5/2783 3121/8/2780
f 3123/1/2782 3124/5/2783 3120/3/2779
f 3124/5/2783 3123/1/2782 3125/4/2784
f 3125/4/2784 3126/6/2785 3124/5/2783
f 3124/5/2783 3127/10/2786 3121/8/2780
f 3124/5/2783 3126/6/2785 3128/7/2787
f 3124/5/2783 3128/7/2787 3127/10/2786
f 3128/7/2787 3129/11/2788 3127/10/2786
f 3130/12/2789 3131/12/2790 3132/8/2791
f 3132/8/2791 3133/8/2792 3130/12/2789
f 3134/12/2793 3130/12/2789 3133/8/2792
f 3133/8/2792 3135/8/2794 3134/12/2793
f 3134/12/2793 3135/8/2794 3136/29/2795
f 3137/9/2796 3138/29/2797 3139/30/2794
f 3138/29/2797 3137/9/2796 3140/31/2798
f 3138/29/2797 3140/31/2798 3141/32/2799
f 3142/11/2800 3143/10/2801 3138/29/2797
f 3144/7/2802 3142/11/2800 3145/33/2803
f 3138/29/2797 3145/33/2803 3142/11/2800
f 3138/29/2797 3146/34/2804 3145/33/2803
f 3141/32/2799 3147/35/2805 3138/29/2797
f 3146/34/2804 3138/29/2797 3147/35/2805
f 3147/35/2805 3141/32/2799 3148/2/2806
f 3146/34/2804 3147/35/2805 3149/4/2705
f 3148/2/2806 3150/1/2807 3147/35/2805
f 3150/1/2807 3149/4/2705 3147/35/2805
f 3151/12/2808 3152/12/2809 3153/8/2809
f 3153/8/2809 3154/8/2810 3151/12/2808
f 3151/12/2808 3154/8/2810 3155/29/2811
f 3156/9/2812 3157/29/2811 3158/30/2810
f 3157/29/2811 3156/9/2812 3159/31/2813
f 3157/29/2811 3159/31/2813 3160/32/2814
f 3161/11/2815 3162/10/2816 3157/29/2811
f 3163/7/2817 3161/11/2815 3164/33/2818
f 3157/29/2811 3164/33/2818 3161/11/2815
f 3157/29/2811 3165/34/2819 3164/33/2818
f 3160/32/2814 3166/35/2820 3157/29/2811
f 3165/34/2819 3157/29/2811 3166/35/2820
f 3166/35/2820 3160/32/2814 3167/2/2821
f 3165/34/2819 3166/35/2820 3168/4/2822
f 3167/2/2821 3169/1/2823 3166/35/2820
f 3169/1/2823 3168/4/2822 3166/35/2820
f 3170/12/2824 3171/12/2825 3172/8/2825
f 3172/8/2825 3173/8/2826 3170/12/2824
f 3170/12/2824 3173/8/2826 3174/29/2827
f 3175/9/2828 3176/29/2829 3177/30/2826
f 3176/29/2829 3175/9/2828 3178/31/2830
f 3176/29/2829 3178/31/2830 3179/32/2831
f 3180/11/2832 3181/10/2833 3176/29/2829
f 3182/7/2834 3180/11/2832 3183/33/2835
f 3176/29/2829 3183/33/2835 3180/11/2832
f 3176/29/2829 3184/34/2836 3183/33/2835
f 3179/32/2831 3185/35/2837 3176/29/2829
f 3184/34/2836 3176/29/2829 3185/35/2837
f 3185/35/2837 3179/32/2831 3186/2/2838
f 3184/34/2836 3185/35/2837 3187/4/2839
f 3186/2/2838 3188/1/2840 3185/35/2837
f 3188/1/2840 3187/4/2839 3185/35/2837
f 3189/12/2841 3190/12/2842 3191/8/2842
f 3191/8/2842 3192/8/2843 3189/12/2841
f 3193/12/2844 3189/12/2841 3192/8/2843
f 3192/8/2843 3194/8/2845 3193/12/2844
f 3195/9/2846 3196/3/2847 3197/8/2848
f 3196/3/2847 3198/2/2849 3199/1/2850
f 3196/3/2847 3200/5/2851 3197/8/2848
f 3199/1/2850 3200/5/2851 3196/3/2847
f 3200/5/2851 3199/1/2850 3201/4/2852
f 3201/4/2852 3202/6/2853 3200/5/2851
f 3200/5/2851 3203/10/2854 3197/8/2848
f 3200/5/2851 3202/6/2853 3204/7/2855
f 3200/5/2851 3204/7/2855 3203/10/2854
f 3204/7/2855 3205/11/2856 3203/10/2854
f 3206/12/2857 3207/12/2858 3208/8/2858
f 3208/8/2858 3209/8/2859 3206/12/2857
f 3210/12/2860 3206/12/2857 3209/8/2859
f 3209/8/2859 3211/8/2861 3210/12/2860
f 3212/9/2862 3213/3/2863 3214/8/2864
f 3213/3/2863 3215/2/2865 3216/1/2866
f 3213/3/2863 3217/5/2867 3214/8/2864
f 3216/1/2866 3217/5/2867 3213/3/2863
f 3217/5/2867 3216/1/2866 3218/4/2868
f 3218/4/2868 3219/6/2869 3217/5/2867
f 3217/5/2867 3220/10/2870 3214/8/2864
f 3217/5/2867 3219/6/2869 3221/7/2871
f 3217/5/2867 3221/7/2871 3220/10/2870
f 3221/7/2871 3222/11/2872 3220/10/2870
f 3223/36/2873 3224/2/2874 3225/4/2875
f 3225/4/2875 3226/37/2876 3223/36/2873
f 3227/17/2877 3223/36/2873 3226/37/2876
f 3226/37/2876 3228/18/2878 3227/17/2877
f 3229/36/2879 3230/2/2880 3231/4/2881
f 3231/4/2881 3232/37/2882 3229/36/2879
f 3233/17/2883 3229/36/2879 3232/37/2882
f 3232/37/2882 3234/18/2883 3233/17/2883
f 3235/36/2884 3236/2/2885 3237/4/2886
f 3237/4/2886 3238/37/2887 3235/36/2884
f 3239/17/2888 3235/36/2884 3238/37/2887
f 3238/37/2887 3240/18/2888 3239/17/2888
f 3241/38/2889 3242/18/2890 3243/17/2891
f 3243/17/2891 3244/39/2892 3241/38/2889
f 3245/4/2893 3241/38/2889 3244/39/2892
f 3244/39/2892 3246/2/2894 3245/4/2893
f 3247/40/2895 3248/18/2896 3249/17/2897
f 3249/17/2897 3250/41/2898 3247/40/2895
f 3251/4/2899 3247/40/2895 3250/41/2898
f 3250/41/2898 3252/2/2900 3251/4/2899
f 3253/4/2901 3254/2/2902 3255/17/2903
f 3253/4/2901 3255/17/2903 3256/42/2904
f 3253/4/2901 3256/42/2904 3257/18/2905
f 3258/36/2906 3259/2/2907 3260/4/2908
f 3260/4/2908 3261/37/2909 3258/36/2906
f 3262/17/2910 3258/36/2906 3261/37/2909
f 3261/37/2909 3263/18/2910 3262/17/2910
f 3264/36/2911 3265/2/2912 3266/4/2913
f 3266/4/2913 3267/37/2914 3264/36/2911
f 3268/17/2915 3264/36/2911 3267/37/2914
f 3267/37/2914 3269/18/2916 3268/17/2915
f 3270/4/2917 3271/2/2918 3272/17/2919
f 3270/4/2917 3272/17/2919 3273/42/2920
f 3270/4/2917 3273/42/2920 3274/18/2921
f 3275/36/2922 3276/2/2923 3277/4/2924
f 3277/4/2924 3278/37/2925 3275/36/2922
f 3279/17/2926 3275/36/2922 3278/37/2925
f 3278/37/2925 3280/18/2927 3279/17/2926
f 3281/4/2928 3282/2/2929 3283/17/2930
f 3281/4/2928 3283/17/2930 3284/42/2931
f 3281/4/2928 3284/42/2931 3285/18/2932
f 3286/4/2933 3287/2/2934 3288/17/2935
f 3286/4/2933 3288/17/2935 3289/42/2936
f 3286/4/2933 3289/42/2936 3290/18/2937
f 3291/4/2938 3292/2/2939 3293/17/2940
f 3291/4/2938 3293/17/2940 3294/42/2941
f 3291/4/2938 3294/42/2941 3295/18/2942
f 3296/12/2943 3297/12/2944 3298/8/2945
f 3298/8/2945 3299/8/2946 3296/12/2943
f 3300/12/2947 3296/12/2943 3299/8/2946
f 3299/8/2946 3301/8/2948 3300/12/2947
f 3302/9/2949 3303/3/2950 3304/8/2951
f 3303/3/2950 3305/2/2952 3306/1/2953
f 3306/1/2953 3307/5/2954 3303/3/2950
f 3303/3/2950 3307/5/2954 3304/8/2951
f 3307/5/2954 3308/10/2955 3304/8/2951
f 3309/7/2956 3310/11/2957 3308/10/2955
f 3307/5/2954 3309/7/2956 3308/10/2955
f 3307/5/2954 3311/6/2958 3309/7/2956
f 3312/4/2959 3311/6/2958 3307/5/2954
f 3307/5/2954 3313/1/2953 3312/4/2959
f 3314/12/2960 3315/12/2961 3316/8/2961
f 3316/8/2961 3317/8/2962 3314/12/2960
f 3318/12/2963 3314/12/2960 3317/8/2962
f 3317/8/2962 3319/8/2964 3318/12/2963
f 3318/12/2963 3319/8/2964 3320/29/2965
f 3321/9/2966 3322/29/2967 3323/30/2968
f 3322/29/2967 3321/9/2966 3324/31/2969
f 3322/29/2967 3324/31/2969 3325/32/2970
f 3326/11/2971 3327/10/2963 3322/29/2967
f 3328/7/2972 3326/11/2971 3329/33/2973
f 3322/29/2967 3329/33/2973 3326/11/2971
f 3322/29/2967 3330/34/2974 3329/33/2973
f 3325/32/2970 3331/35/2975 3322/29/2967
f 3330/34/2974 3322/29/2967 3331/35/2975
f 3331/35/2975 3325/32/2970 3332/2/2976
f 3330/34/2974 3331/35/2975 3333/4/2977
f 3332/2/2976 3334/1/2978 3331/35/2975
f 3334/1/2978 3333/4/2977 3331/35/2975
f 3335/12/2979 3336/12/2980 3337/8/2981
f 3337/8/2981 3338/8/2982 3335/12/2979
f 3335/12/2979 3338/8/2982 3339/29/2983
f 3340/9/2984 3341/29/2985 3342/30/2982
f 3341/29/2985 3340/9/2984 3343/31/2986
f 3341/29/2985 3343/31/2986 3344/32/2987
f 3345/11/2988 3346/10/2979 3341/29/2985
f 3347/7/2989 3345/11/2988 3348/33/2990
f 3341/29/2985 3348/33/2990 3345/11/2988
f 3341/29/2985 3349/34/2991 3348/33/2990
f 3344/32/2987 3350/35/2992 3341/29/2985
f 3349/34/2991 3341/29/2985 3350/35/2992
f 3350/35/2992 3344/32/2987 3351/2/2993
f 3349/34/2991 3350/35/2992 3352/4/2994
f 3351/2/2993 3353/1/2995 3350/35/2992
f 3353/1/2995 3352/4/2994 3350/35/2992
f 3354/12/2996 3355/12/2997 3356/8/2998
f 3356/8/2998 3357/8/2999 3354/12/2996
f 3354/12/2996 3357/8/2999 3358/29/3000
f 3359/9/3001 3360/29/3000 3361/30/3002
f 3360/29/3000 3359/9/3001 3362/31/3003
f 3360/29/3000 3362/31/3003 3363/32/3004
f 3364/11/3005 3365/10/2996 3360/29/3000
f 3366/7/3006 3364/11/3005 3367/33/3007
f 3360/29/3000 3367/33/3007 3364/11/3005
f 3360/29/3000 3368/34/3008 3367/33/3007
f 3363/32/3004 3369/35/3009 3360/29/3000
f 3368/34/3008 3360/29/3000 3369/35/3009
f 3369/35/3009 3363/32/3004 3370/2/3010
f 3368/34/3008 3369/35/3009 3371/4/3011
f 3370/2/3010 3372/1/3012 3369/35/3009
f 3372/1/3012 3371/4/3011 3369/35/3009
f 3373/12/3013 3374/12/3014 3375/8/3015
f 3375/8/3015 3376/8/3016 3373/12/3013
f 3377/12/3017 3373/12/3013 3376/8/3016
f 3376/8/3016 3378/8/3018 3377/12/3017
f 3379/9/3019 3380/3/3020 3381/8/3021
f 3380/3/3020 3382/2/3022 3383/1/3023
f 3380/3/3020 3384/5/3024 3381/8/3021
f 3383/1/3023 3384/5/3024 3380/3/3020
f 3384/5/3024 3383/1/3023 3385/4/3025
f 3385/4/3025 3386/6/3026 3384/5/3024
f 3384/5/3024 3387/10/3027 3381/8/3021
f 3384/5/3024 3386/6/3026 3388/7/3028
f 3384/5/3024 3388/7/3028 3387/10/3027
f 3388/7/3028 3389/11/3029 3387/10/3027
f 3390/12/3030 3391/12/3031 3392/8/3031
f 3392/8/3031 3393/8/3032 3390/12/3030
f 3394/12/3033 3390/12/3030 3393/8/3032
f 3393/8/3032 3395/8/3034 3394/12/3033
f 3394/12/3033 3395/8/3034 3396/29/3035
f 3397/9/3036 3398/29/3035 3399/30/3034
f 3398/29/3035 3397/9/3036 3400/31/3037
f 3398/29/3035 3400/31/3037 3401/32/3038
f 3402/11/3039 3403/10/3033 3398/29/3035
f 3404/7/3040 3402/11/3039 3405/33/3041
f 3398/29/3035 3405/33/3041 3402/11/3039
f 3398/29/3035 3406/34/3042 3405/33/3041
f 3401/32/3038 3407/35/3043 3398/29/3035
f 3406/34/3042 3398/29/3035 3407/35/3043
f 3407/35/3043 3401/32/3038 3408/2/3044
f 3406/34/3042 3407/35/3043 3409/4/3045
f 3408/2/3044 3410/1/3046 3407/35/3043
f 3410/1/3046 3409/4/3045 3407/35/3043
f 3411/12/3047 3412/12/3048 3413/8/3048
f 3413/8/3048 3414/8/3049 3411/12/3047
f 3415/12/3050 3411/12/3047 3414/8/3049
f 3414/8/3049 3416/8/3051 3415/12/3050
f 3417/9/3052 3418/3/3053 3419/8/3054
f 3418/3/3053 3420/2/3055 3421/1/3056
f 3418/3/3053 3422/5/3057 3419/8/3054
f 3421/1/3056 3422/5/3057 3418/3/3053
f 3422/5/3057 3421/1/3056 3423/4/3058
f 3423/4/3058 3424/6/3059 3422/5/3057
f 3422/5/3057 3425/10/3060 3419/8/3054
f 3422/5/3057 3424/6/3059 3426/7/3061
f 3422/5/3057 3426/7/3061 3425/10/3060
f 3426/7/3061 3427/11/3062 3425/10/3060
f 3428/36/3063 3429/2/3064 3430/4/3065
f 3430/4/3065 3431/37/3066 3428/36/3063
f 3432/17/3067 3428/36/3063 3431/37/3066
f 3431/37/3066 3433/18/3068 3432/17/3067
f 3434/12/3069 3435/12/2842 3436/8/2842
f 3436/8/2842 3437/8/3070 3434/12/3069
f 3438/12/3071 3434/12/3069 3437/8/3070
f 3437/8/3070 3439/8/3072 3438/12/3071
f 3440/9/3073 3441/3/3074 3442/8/3075
f 3441/3/3074 3443/2/3076 3444/1/3077
f 3441/3/3074 3445/5/3078 3442/8/3075
f 3444/1/3077 3445/5/3078 3441/3/3074
f 3445/5/3078 3444/1/3077 3446/4/3079
f 3446/4/3079 3447/6/3080 3445/5/3078
f 3445/5/3078 3448/10/3081 3442/8/3075
f 3445/5/3078 3447/6/3080 3449/7/3082
f 3445/5/3078 3449/7/3082 3448/10/3081
f 3449/7/3082 3450/11/3083 3448/10/3081
f 3451/12/3084 3452/12/3085 3453/8/3086
f 3453/8/3086 3454/8/3087 3451/12/3084
f 3455/12/3088 3451/12/3084 3454/8/3087
f 3454/8/3087 3456/8/3089 3455/12/3088
f 3455/12/3088 3456/8/3089 3457/29/3090
f 3458/9/3091 3459/29/3092 3460/30/3089
f 3459/29/3092 3458/9/3091 3461/31/3093
f 3459/29/3092 3461/31/3093 3462/32/3094
f 3463/11/3095 3464/10/3096 3459/29/3092
f 3465/7/3097 3463/11/3095 3466/33/3098
f 3459/29/3092 3466/33/3098 3463/11/3095
f 3459/29/3092 3467/34/3099 3466/33/3098
f 3462/32/3094 3468/35/3100 3459/29/3092
f 3467/34/3099 3459/29/3092 3468/35/3100
f 3468/35/3100 3462/32/3094 3469/2/3101
f 3467/34/3099 3468/35/3100 3470/4/3000
f 3469/2/3101 3471/1/3102 3468/35/3100
f 3471/1/3102 3470/4/3000 3468/35/3100
f 3472/12/3103 3473/12/3104 3474/8/3104
f 3474/8/3104 3475/8/3105 3472/12/3103
f 3472/12/3103 3475/8/3105 3476/29/3106
f 3477/9/3107 3478/29/3108 3479/30/3105
f 3478/29/3108 3477/9/3107 3480/31/3109
f 3478/29/3108 3480/31/3109 3481/32/3110
f 3482/11/3111 3483/10/3112 3478/29/3108
f 3484/7/3113 3482/11/3111 3485/33/3114
f 3478/29/3108 3485/33/3114 3482/11/3111
f 3478/29/3108 3486/34/3115 3485/33/3114
f 3481/32/3110 3487/35/3116 3478/29/3108
f 3486/34/3115 3478/29/3108 3487/35/3116
f 3487/35/3116 3481/32/3110 3488/2/3117
f 3486/34/3115 3487/35/3116 3489/4/3118
f 3488/2/3117 3490/1/3119 3487/35/3116
f 3490/1/3119 3489/4/3118 3487/35/3116
f 3491/12/3120 3492/12/3121 3493/8/3121
f 3493/8/3121 3494/8/3122 3491/12/3120
f 3491/12/3120 3494/8/3122 3495/29/3123
f 3496/9/3124 3497/29/3125 3498/30/3122
f 3497/29/3125 3496/9/3124 3499/31/3126
f 3497/29/3125 3499/31/3126 3500/32/3127
f 3501/11/3128 3502/10/3129 3497/29/3125
f 3503/7/3130 3501/11/3128 3504/33/3131
f 3497/29/3125 3504/33/3131 3501/11/3128
f 3497/29/3125 3505/34/3132 3504/33/3131
f 3500/32/3127 3506/35/3133 3497/29/3125
f 3505/34/3132 3497/29/3125 3506/35/3133
f 3506/35/3133 3500/32/3127 3507/2/3134
f 3505/34/3132 3506/35/3133 3508/4/3135
f 3507/2/3134 3509/1/3136 3506/35/3133
f 3509/1/3136 3508/4/3135 3506/35/3133
f 3510/12/3137 3511/12/3138 3512/8/3139
f 3512/8/3139 3513/8/3140 3510/12/3137
f 3514/12/3141 3510/12/3137 3513/8/3140
f 3513/8/3140 3515/8/3142 3514/12/3141
f 3516/9/3143 3517/3/3144 3518/8/3145
f 3517/3/3144 3519/2/3146 3520/1/3147
f 3517/3/3144 3521/5/3148 3518/8/3145
f 3520/1/3147 3521/5/3148 3517/3/3144
f 3521/5/3148 3520/1/3147 3522/4/3149
f 3522/4/3149 3523/6/3150 3521/5/3148
f 3521/5/3148 3524/10/3151 3518/8/3145
f 3521/5/3148 3523/6/3150 3525/7/3152
f 3521/5/3148 3525/7/3152 3524/10/3151
f 3525/7/3152 3526/11/3153 3524/10/3151
f 3527/12/3154 3528/12/3155 3529/8/3155
f 3529/8/3155 3530/8/3156 3527/12/3154
f 3531/12/3157 3527/12/3154 3530/8/3156
f 3530/8/3156 3532/8/3158 3531/12/3157
f 3533/9/3159 3534/3/3160 3535/8/3161
f 3534/3/3160 3536/2/3162 3537/1/3163
f 3534/3/3160 3538/5/3164 3535/8/3161
f 3537/1/3163 3538/5/3164 3534/3/3160
f 3538/5/3164 3537/1/3163 3539/4/3165
f 3539/4/3165 3540/6/3166 3538/5/3164
f 3538/5/3164 3541/10/3157 3535/8/3161
f 3538/5/3164 3540/6/3166 3542/7/3167
f 3538/5/3164 3542/7/3167 3541/10/3157
f 3542/7/3167 3543/11/3168 3541/10/3157
f 3544/36/3169 3545/2/3170 3546/4/3171
f 3546/4/3171 3547/37/3172 3544/36/3169
f 3548/17/3173 3544/36/3169 3547/37/3172
f 3547/37/3172 3549/18/3174 3548/17/3173
f 3550/36/3175 3551/2/3176 3552/4/3177
f 3552/4/3177 3553/37/3178 3550/36/3175
f 3554/17/3179 3550/36/3175 3553/37/3178
f 3553/37/3178 3555/18/3179 3554/17/3179
f 3556/36/3180 3557/2/3181 3558/4/3182
f 3558/4/3182 3559/37/3183 3556/36/3180
f 3560/17/3184 3556/36/3180 3559/37/3183
f 3559/37/3183 3561/18/3184 3560/17/3184
f 3562/38/3185 3563/18/3186 3564/17/3187
f 3564/17/3187 3565/39/3188 3562/38/3185
f 3566/4/3189 3562/38/3185 3565/39/3188
f 3565/39/3188 3567/2/3190 3566/4/3189
f 3568/40/3191 3569/18/3192 3570/17/3192
f 3570/17/3192 3571/41/3193 3568/40/3191
f 3572/4/3194 3568/40/3191 3571/41/3193
f 3571/41/3193 3573/2/3195 3572/4/3194
f 3574/4/3196 3575/2/1891 3576/17/3197
f 3574/4/3196 3576/17/3197 3577/42/3198
f 3574/4/3196 3577/42/3198 3578/18/3199
f 3579/36/3200 3580/2/3201 3581/4/3202
f 3581/4/3202 3582/37/3203 3579/36/3200
f 3583/17/3184 3579/36/3200 3582/37/3203
f 3582/37/3203 3584/18/3184 3583/17/3184
f 3585/36/3204 3586/2/3205 3587/4/3206
f 3587/4/3206 3588/37/3207 3585/36/3204
f 3589/17/3208 3585/36/3204 3588/37/3207
f 3588/37/3207 3590/18/3209 3589/17/3208
f 3591/4/3210 3592/2/3211 3593/17/3212
f 3591/4/3210 3593/17/3212 3594/42/3213
f 3591/4/3210 3594/42/3213 3595/18/3214
f 3596/36/3215 3597/2/3216 3598/4/3217
f 3598/4/3217 3599/37/3218 3596/36/3215
f 3600/17/3219 3596/36/3215 3599/37/3218
f 3599/37/3218 3601/18/3220 3600/17/3219
f 3602/4/3221 3603/2/3222 3604/17/3223
f 3602/4/3221 3604/17/3223 3605/42/3224
f 3602/4/3221 3605/42/3224 3606/18/3225
f 3607/4/3226 3608/2/3227 3609/17/3228
f 3607/4/3226 3609/17/3228 3610/42/3229
f 3607/4/3226 3610/42/3229 3611/18/3230
f 3612/4/3231 3613/2/3232 3614/17/3233
f 3612/4/3231 3614/17/3233 3615/42/3234
f 3612/4/3231 3615/42/3234 3616/18/3235
f 3617/27/3236 3618/27/3237 3619/20/3238
f 3620/20/3239 3619/20/3238 3621/19/3240
f 3622/28/3241 3623/28/3242 3618/27/3237
f 3624/19/3243 3621/19/3240 3623/28/3242
f 3625/20/3244 3619/20/3238 3618/27/3237
f 3626/27/3245 3618/27/3237 3623/28/3242
f 3618/27/3237 3626/27/3245 3625/20/3244
f 3627/28/3246 3623/28/3242 3621/19/3240
f 3623/28/3242 3627/28/3246 3626/27/3245
f 3628/19/3247 3621/19/3240 3619/20/3238
f 3621/19/3240 3628/19/3247 3627/28/3246
f 3619/20/3238 3625/20/3244 3628/19/3247
f 3629/27/3248 3626/27/3245 3627/28/3246
f 3627/28/3246 3630/28/3249 3629/27/3248
f 3630/28/3249 3627/28/3246 3628/19/3247
f 3626/27/3245 3629/27/3248 3631/20/3250
f 3631/20/3250 3625/20/3244 3626/27/3245
f 3628/19/3247 3632/19/3251 3630/28/3249
f 3625/20/3244 3631/20/3250 3632/19/3251
f 3632/19/3251 3628/19/3247 3625/20/3244
f 3633/19/3252 3634/20/3253 3635/20/3254
f 3634/20/3253 3636/27/3255 3637/27/3256
f 3638/28/3257 3633/19/3252 3639/19/3258
f 3636/27/3255 3638/28/3257 3640/28/3259
f 3634/20/3253 3633/19/3252 3641/19/3245
f 3633/19/3252 3638/28/3257 3642/28/3244
f 3642/28/3244 3641/19/3245 3633/19/3252
f 3638/28/3257 3636/27/3255 3643/27/3260
f 3643/27/3260 3642/28/3244 3638/28/3257
f 3636/27/3255 3634/20/3253 3644/20/3246
f 3644/20/3246 3643/27/3260 3636/27/3255
f 3641/19/3245 3644/20/3246 3634/20/3253
f 3642/28/3244 3643/27/3260 3645/27/3261
f 3645/27/3261 3646/28/3250 3642/28/3244
f 3641/19/3245 3642/28/3244 3646/28/3250
f 3647/20/3249 3645/27/3261 3643/27/3260
f 3643/27/3260 3644/20/3246 3647/20/3249
f 3646/28/3250 3648/19/3248 3641/19/3245
f 3648/19/3248 3647/20/3249 3644/20/3246
f 3644/20/3246 3641/19/3245 3648/19/3248
